place_id,name,category_id,filter_id,분류
1,쉘터오브메모리즈,3,,전시
2,쉘터오브메모리즈,3,,전시
3,남산의 생태,3,,전시
4,회화적 몽타주,3,,전시
5,휴식,3,,전시
6,쉼표 또 다른 여정,3,,전시
7,삶-소통,3,,전시
8,산-하늘문,3,,전시
9,생명의 벽,3,,전시
10,풍물+류를 더하다,3,,전시
11,일어서自! 초인상,3,,전시
12,"서울숲이 들려주는 이야기, 러브레터",3,,전시
13,바람의 길,3,,전시
14,북두팔성,3,,전시
15,자연연상,3,,전시
16,느티나무 형제 마루공원,3,,전시
17,꿈꾸는 피아노,3,,전시
18,투명 변조기,3,,전시
19,Transparence 투명함,3,,전시
20,일획을 긋다,3,,전시
21,수화-세상에서 가장 조용하고 아름다운 말,3,,전시
22,FLOW,3,,전시
23,"Zari0801(예술의 길, 사색의 자리)",3,,전시
24,인왕산에서 굴러온 바위,3,,전시
25,Bar Code 빛의 문,3,,전시
26,"Zari0804-Zari0805(예술의 길, 사색의 자리)",3,,전시
27,스트라이프;속도,3,,전시
28,"Zari0806-Zari0807(예술의 길, 사색의 자리)",3,,전시
29,시간은 강처럼 흐른다,3,,전시
30,해머링맨(이전설치),3,,전시
31,무제 (아트쉘터),3,,전시
32,먼 곳에서 오는 바람,3,,전시
33,"Zari0802-Zari0803(예술의 길, 사색의 자리)",3,,전시
34,화분(1-29),3,,전시
35,"점자-만지는 글, 아름다운 기억",3,,전시
36,축구(송파여성축구장),1,,운동교실
37,특수체육(하상장애인복지관),1,,운동교실
38,기초체력(노들나루공원),1,,운동교실
39,생활체조(사당분소),1,,운동교실
40,"스트레칭, 근력운동(상도어울마당)",1,,운동교실
41,요가(사당롯데캐슬 아파트),1,,운동교실
42,축구(노들나루공원잔디구장),1,,운동교실
43,"헬스,필라테스(대림1동 주민자치센터)",1,,운동교실
44,헬스(신길7동주민센터),1,,운동교실
45,"스트레칭,헬스(영등포구자치회관헬스장)",1,,운동교실
46,"스트레칭,헬스(대림3동헬스장)",1,,운동교실
47,생활체육(모랫말꿈터),1,,운동교실
48,"스트레칭,헬스(도림동자치센터 헬스장)",1,,운동교실
49,"스트레칭,헬스(신길3동주민센터 헬스장)",1,,운동교실
50,"스트레칭,생활체조(양평동헬스장)",1,,운동교실
51,헬스(대림1동 주민자치센터),1,,운동교실
52,배구(구로구민체육센터),1,,운동교실
53,헬스(G밸리보건지소),1,,운동교실
54,특수체육(기쁜우리복지관),1,,운동교실
55,스트레칭(우장산동주민센터),1,,운동교실
56,스트레칭(가양2동주민센터),1,,운동교실
57,스트레칭(등촌9복지관),1,,운동교실
58,헬스(공항동주민센터),1,,운동교실
59,헬스(염창동주민센터),1,,운동교실
60,헬스(우장산동주민센터),1,,운동교실
61,헬스(등촌2동주민센터),1,,운동교실
62,특수체육(늘푸른나무복지관),1,,운동교실
63,특수체육(그라나다보호작업센터),1,,운동교실
64,헬스(등촌2동주민센터헬스장),1,,운동교실
65,헬스(가양3동주민센터),1,,운동교실
66,헬스(우장산주민센터),1,,운동교실
67,헬스(가양2동주민센터),1,,운동교실
68,헬스(등촌3동주민센터),1,,운동교실
69,보디빌딩(화곡6동주민센터),1,,운동교실
70,보디빌딩(화곡3동주민센터),1,,운동교실
71,보디빌딩(화곡4동주민센터),1,,운동교실
72,"요가,헬스(화곡6동주민센터)",1,,운동교실
73,"요가,헬스(우장산동주민센터)",1,,운동교실
74,뉴스포츠(기쁜우리복지관 지하1층),1,,운동교실
75,족구(해누리족구장),1,,운동교실
76,헬스&근력운동(G.X)(신월4동주민센터),1,,운동교실
77,헬스&근력운동(G.X)(목4동주민센터),1,,운동교실
78,탁구(한빛종합사회복지관),1,,운동교실
79,탁구(목동종합사회복지관),1,,운동교실
80,탁구(신정종합사회복지관),1,,운동교실
81,탁구(목동종합사회복지관),1,,운동교실
82,생활체조(아현건강증진센터),1,,운동교실
83,뉴스포츠(북아현방과후교실),1,,운동교실
84,헬스(홍제천 일대),1,,운동교실
85,경춘선 숲길 걷기 수업(경춘선숲길),1,,운동교실
86,경춘선 숲길 걷기 수업(경춘선 숲길),1,,운동교실
87,헬스(오동생활체육공원),1,,운동교실
88,축구(강북구민운동장),1,,운동교실
89,생활체조(래미안라센트아파트),1,,운동교실
90,걷기운동(북한산둘레길),1,,운동교실
91,걷기운동(성북동성곽길),1,,운동교실
92,걷기운동(북서울꿈의숲),1,,운동교실
93,생활체조(성북구보건소),1,,운동교실
94,생활체조(정릉 e편한세상아파트),1,,운동교실
95,생활체조(성북구보건소),1,,운동교실
96,걷기(성북동 성곽길),1,,운동교실
97,걷기(북서울꿈의숲),1,,운동교실
98,생활체조(돈암코오롱아파트),1,,운동교실
99,근력운동(석관두산아파트),1,,운동교실
100,걷기(북한산둘레길),1,,운동교실
101,걷기(북서울꿈의숲),1,,운동교실
102,밴드운동(꿈의숲코오롱하늘채아파트),1,,운동교실
103,걷기(성북동성곽길),1,,운동교실
104,생활체조(돈암2동주민센터 다목적홀),1,,운동교실
105,생활체조(안암동주민센터 다목적홀),1,,운동교실
106,배드민턴(용두문화복지센터 (체육관)),1,,운동교실
107,배드민턴(광장동실내배드민턴장),1,,운동교실
108,헬스(광진구보건소운동교육실),1,,운동교실
109,헬스(광진구청 보건소체력단련실),1,,운동교실
110,라인댄스(주민센터3층체육관),1,,운동교실
111,리듬댄스(주민센터3층체육관),1,,운동교실
112,라인댄스(주민센터3층체육관),1,,운동교실
113,리듬댄스(주민센터3층체육관),1,,운동교실
114,라인댄스(주민센터3층체육관),1,,운동교실
115,리듬댄스(주민센터3층체육관),1,,운동교실
116,헬스(보건소 체력단련장),1,,운동교실
117,배드민턴(광장복지관),1,,운동교실
118,요가(광장복지관),1,,운동교실
119,축구(성동구민종합체육센터),1,,운동교실
120,요가(구립장애인주간보호센터),1,,운동교실
121,요가(구립용산장애인복지관),1,,운동교실
122,요가(효창주민센터),1,,운동교실
123,스트레칭(효창종합사회복지관),1,,운동교실
124,테라밴드(효창종합사회복지관),1,,운동교실
125,덤벨체조(효창종합사회복지관),1,,운동교실
126,스트레칭(세라밴드)(필동주민센터),1,,운동교실
127,스트레칭(세라밴드)(필동주민센터 2층),1,,운동교실
128,스트레칭(세라밴드)(장충체육관),1,,운동교실
129,스트레칭(세라밴드)(황학동주민센터),1,,운동교실
130,"헬스, 근력운동(황학동주민센터)",1,,운동교실
131,헬스(다산동주민센터),1,,운동교실
132,헬스(청구동주민센터),1,,운동교실
133,에어로빅(훈련원공원종합체육관),1,,운동교실
134,탁구(대청종합복지관),1,,운동교실
135,생활체육(강당),1,,운동교실
136,특수체육(강당),1,,운동교실
137,특수체육(강당),1,,운동교실
138,특수체육(강당),1,,운동교실
139,헬스(내곡열린문화센터),1,,운동교실
140,"스트레칭,생활체조(영인구립경로당)",1,,운동교실
141,헬스(대림1동 주민자치센터),1,,운동교실
142,헬스(양평동주민복지회관),1,,운동교실
143,축구(금천구청 환경미화원),1,,운동교실
144,뉴스포츠(구로종합사회복지관),1,,운동교실
145,체육(화원종합사회복지관방과후교실),1,,운동교실
146,헬스(공항동주민센터),1,,운동교실
147,헬스(염창동주민센터),1,,운동교실
148,보디빌딩(우장산동주민센터),1,,운동교실
149,헬스(우장산동주민센터),1,,운동교실
150,특수체육(늘푸른나무복지관),1,,운동교실
151,특수체육(그라나다보호작업센터),1,,운동교실
152,헬스(등촌2동주민센터),1,,운동교실
153,스트레칭(등촌2동주민센터),1,,운동교실
154,헬스(가양3동 주민센터),1,,운동교실
155,헬스(등촌3동주민센터),1,,운동교실
156,헬스(공항동주민센터),1,,운동교실
157,배드민턴(우장산 배드민턴장),1,,운동교실
158,헬스(가양2동 주민센터),1,,운동교실
159,뉴스포츠(기쁜우리복지관 강당),1,,운동교실
160,탁구(공항동주민센터 강당),1,,운동교실
161,헬스&근력운동(G.X)(목4동주민센터),1,,운동교실
162,헬스&근력운동(G.X)(신월4동주민센터),1,,운동교실
163,근력운동(양천보건소),1,,운동교실
164,탁구(목동종합사회복지관),1,,운동교실
165,탁구(신정종합사회복지관),1,,운동교실
166,탁구(신정종합사회복지관),1,,운동교실
167,헬스(홍제천 인근),1,,운동교실
168,"스트레칭, 헬스(도림동자치센터 헬스장)",1,,운동교실
169,"스트레칭, 헬스(신길3동주민센터 헬스장)",1,,운동교실
170,"스트레칭,헬스(영등포구자치회관헬스장)",1,,운동교실
171,걷기(경춘선 숲길),1,,운동교실
172,테라밴드(수유1동주민센터),1,,운동교실
173,웨이트트레이닝(오동생활체육관),1,,운동교실
174,농구(강북웰빙스포츠센터 3층),1,,운동교실
175,생활체조(정릉e편한세상아파트),1,,운동교실
176,보디빌딩(용마문화복지센터),1,,운동교실
177,뮤직복싱(유린원광사회복지관),1,,운동교실
178,생활체조(기원주간보호센터),1,,운동교실
179,요가(두근두근도서관),1,,운동교실
180,요가(산책마을 작은도서관),1,,운동교실
181,배드민턴( 용두문화복지센터 (체육관)),1,,운동교실
182,라인댄스(광장종합사회복지관),1,,운동교실
183,댄스스포츠(자양종합사회복지관),1,,운동교실
184,배드민턴(광장종합사회복지관),1,,운동교실
185,요가(광장종합사회복지관),1,,운동교실
186,헬스(광진구청보건소 체력단련실),1,,운동교실
187,헬스(보건소 보건교육실),1,,운동교실
188,헬스(보건소 체력단련장),1,,운동교실
189,라인댄스(구의1동주민센터),1,,운동교실
190,리듬댄스(구의1동주민센터),1,,운동교실
191,라인댄스(화양동 주민센터),1,,운동교실
192,리듬댄스(화양동 주민센터),1,,운동교실
193,라인댄스(자양2동주민센터),1,,운동교실
194,근력운동(자양2동주민센터),1,,운동교실
195,라인댄스(자양1동주민센터),1,,운동교실
196,줌바댄스(자양1동주민센터),1,,운동교실
197,요가(구립장애인주간보호센터),1,,운동교실
198,요가(구립용산장애인복지관),1,,운동교실
199,요가(효창주민센터),1,,운동교실
200,스트레칭(효창종합사회복지관),1,,운동교실
201,테라밴드(효창종합사회복지관),1,,운동교실
202,덤벨체조(효창종합사회복지관),1,,운동교실
203,헬스(신당종합사회복지관),1,,운동교실
204,기타체육(종로1234가동주민센터),1,,운동교실
205,1984,4,,서점
206,C&S서점,4,,서점
207,Foreign book store,4,,서점
208,SK문고,4,,서점
209,YES24 중고매장(목동점),4,,서점
210,YES24(강서NC점),4,,서점
211,가가77페이지,4,,서점
212,가람프라자,4,,서점
213,감성인간서점,4,,서점
214,갑을문고,4,,서점
215,강동헌책방,4,,서점
216,강서책서점,4,,서점
217,개똥이네(가양점),4,,서점
218,개똥이네(노원점),4,,서점
219,개똥이네(영등포점),4,,서점
220,개똥이네(잠실점),4,,서점
221,개롱서적,4,,서점
222,거북서점,4,,서점
223,경일서점,4,,서점
224,계성문고,4,,서점
225,고래서점,4,,서점
226,고시책사랑,4,,서점
227,고요서사,4,,서점
228,곰서점,4,,서점
229,공간과몰입,4,,서점
230,공상온도,4,,서점
231,공씨책방(성수점),4,,서점
232,공씨책방(신촌점),4,,서점
233,공일서점,4,,서점
234,과학책방 갈다,4,,서점
235,관객의취향,4,,서점
236,광명문고,4,,서점
237,광진서적,4,,서점
238,교보문고(가든파이브 바로드림센터),4,,서점
239,교보문고(강남점),4,,서점
240,교보문고(건대 바로드림센터),4,,서점
241,교보문고(광화문점),4,,서점
242,교보문고(디큐브시티 바로드림센터),4,,서점
243,교보문고(수유 바로드림센터),4,,서점
244,교보문고(은평 바로드림센터),4,,서점
245,교보문고(잠실점),4,,서점
246,교보문고(천호점),4,,서점
247,교보문고(청량리 바로드림센터),4,,서점
248,교보문고(합정점),4,,서점
249,그날이오면 ,4,,서점
250,그래서,4,,서점
251,그래픽,4,,서점
252,그래픽,4,,서점
253,그랜드문고,4,,서점
254,그림책방 곰곰,4,,서점
255,글벗서점,4,,서점
256,글벗서점,4,,서점
257,글벗서점,4,,서점
258,글빛문고,4,,서점
259,금지옥엽,4,,서점
260,기독성문서적,4,,서점
261,깡지서점,4,,서점
262,꼬리달린책방(협동조합 카페마을),4,,서점
263,꽃피는책,4,,서점
264,나라문고,4,,서점
265,나무곁에서서,4,,서점
266,나비루,4,,서점
267,남영서점,4,,서점
268,낫저스트북스,4,,서점
269,노른자책방,4,,서점
270,노말에이,4,,서점
271,노원문고 본점,4,,서점
272,노원문고 제5매장,4,,서점
273,노원문고 중계점,4,,서점
274,늘벗서점,4,,서점
275,늘푸른글방,4,,서점
276,니은서점,4,,서점
277,다름상상,4,,서점
278,다솜서점,4,,서점
279,다솜서점,4,,서점
280,다시서점,4,,서점
281,다온책방,4,,서점
282,달걀책방,4,,서점
283,달마헌책방,4,,서점
284,당인리책발전소,4,,서점
285,대광서림,4,,서점
286,대륙서점,4,,서점
287,대림문고,4,,서점
288,대민문고,4,,서점
289,대영문고,4,,서점
290,대원서점,4,,서점
291,대원서점,4,,서점
292,대원책문고,4,,서점
293,대일서점,4,,서점
294,대지책문고,4,,서점
295,대천서점,4,,서점
296,더레퍼런스,4,,서점
297,더레퍼런스(서소문점),4,,서점
298,더북소사이어티,4,,서점
299,더북스 신대방점,4,,서점
300,더북스 한길서점(방배),4,,서점
301,더숲 초소책방,4,,서점
302,덕인서림,4,,서점
303,도도봉봉,4,,서점
304,도하서림,4,,서점
305,도화북스(도화아파트먼트),4,,서점
306,동남서적,4,,서점
307,동네책방 원테이블,4,,서점
308,동네책방개똥이네책놀이터,4,,서점
309,동방서적,4,,서점
310,동북문고,4,,서점
311,동신서림,4,,서점
312,동아서점,4,,서점
313,동아서점,4,,서점
314,동아서점,4,,서점
315,동양서림,4,,서점
316,동일서점프라자,4,,서점
317,동지서적,4,,서점
318,드림서점,4,,서점
319,디자인북,4,,서점
320,땡스북스,4,,서점
321,라이너노트,4,,서점
322,로우북스,4,,서점
323,로프 에디션스,4,,서점
324,로프트북스,4,,서점
325,마음책방 서가는,4,,서점
326,마이어 날다,4,,서점
327,마이페이브리트,4,,서점
328,마중물서점,4,,서점
329,마포문고,4,,서점
330,만나서적,4,,서점
331,만유인력,4,,서점
332,만화살롱 유어마나,4,,서점
333,매거진랜드,4,,서점
334,매일문고,4,,서점
335,메종인디아 트래블앤북스,4,,서점
336,명동문고,4,,서점
337,명지서점,4,,서점
338,모닝책서점(모닝글로리),4,,서점
339,목동문고,4,,서점
340,무아레 서점,4,,서점
341,무엇보다 책방,4,,서점
342,문학살롱 초고,4,,서점
343,문화공간 길담,4,,서점
344,문화문고,4,,서점
345,뭐든지 책방,4,,서점
346,미스터리 유니온,4,,서점
347,민중서림,4,,서점
348,믿음문고,4,,서점
349,바람길,4,,서점
350,밝은책방,4,,서점
351,밤의서점,4,,서점
352,배화우리서점,4,,서점
353,번동문고,4,,서점
354,법문서적,4,,서점
355,별책방(구예스서점),4,,서점
356,별책부록,4,,서점
357,보안책방,4,,서점
358,본동서적,4,,서점
359,부비프,4,,서점
360,북데이423,4,,서점
361,북바이북,4,,서점
362,북새통문고,4,,서점
363,북스리브로(구로점),4,,서점
364,북스리브로(상봉점),4,,서점
365,북스토어17,4,,서점
366,북스피리언스,4,,서점
367,북촌책방,4,,서점
368,북커스,4,,서점
369,북티크,4,,서점
370,비건책방 서울,4,,서점
371,비엥북스,4,,서점
372,비플랫폼(B-Platform),4,,서점
373,비화림,4,,서점
374,사가정문고,4,,서점
375,사슴책방(성산점),4,,서점
376,사유의 사유,4,,서점
377,사진책방 고래,4,,서점
378,사해책방 ,4,,서점
379,산책자,4,,서점
380,살롱 도스또옙스끼,4,,서점
381,살롱드북,4,,서점
382,삼보서점문구,4,,서점
383,상상하는 삐삐,4,,서점
384,상암누리문고,4,,서점
385,새고서림,4,,서점
386,새벽감성1집,4,,서점
387,서문서점,4,,서점
388,서사 당신의 서재,4,,서점
389,서울 셀렉션,4,,서점
390,서울의 시간을 그리다,4,,서점
391,서울책보고,4,,서점
392,서일서적,4,,서점
393,서적백화점,4,,서점
394,서점 리스본,4,,서점
395,서점 정치발전소,4,,서점
396,서점극장 라블레,4,,서점
397,서촌 그 책방,4,,서점
398,서향관,4,,서점
399,석계문고,4,,서점
400,선경문고,4,,서점
401,선문고(선서적),4,,서점
402,선유서가,4,,서점
403,성북동책방,4,,서점
404,세륜서점,4,,서점
405,세신서점,4,,서점
406,세화서점,4,,서점
407,세화영어서점,4,,서점
408,소수책방,4,,서점
409,소요서가,4,,서점
410,소원책담,4,,서점
411,송파문고,4,,서점
412,수도서림,4,,서점
413,수수책방,4,,서점
414,수수한 책방,4,,서점
415,순정책방,4,,서점
416,숨어있는 책,4,,서점
417,스타더스트,4,,서점
418,스토리지북앤필름,4,,서점
419,스토리지북앤필름(로터리점),4,,서점
420,스토리지북앤필름(후암점),4,,서점
421,스프링 플레어,4,,서점
422,시인서점,4,,서점
423,시절인연,4,,서점
424,신고서점,4,,서점
425,신공손서점,4,,서점
426,신동아문고,4,,서점
427,신목서점,4,,서점
428,신협서점,4,,서점
429,심지전문서적,4,,서점
430,쎄임더스트,4,,서점
431,쏘피아 서점,4,,서점
432,쓸모의 발견,4,,서점
433,아인서점,4,,서점
434,아직 독립 못 한 책방,4,,서점
435,아침달 북스토어,4,,서점
436,아크앤북(이마트 더타운몰 월계점),4,,서점
437,아크앤북(이태원점),4,,서점
438,아크앤북(잠실 롯데월드몰점),4,,서점
439,아크앤북(현대 신촌점),4,,서점
440,악어책방,4,,서점
441,알라딘 중고매장(가로수길점),4,,서점
442,알라딘 중고매장(강남점),4,,서점
443,알라딘 중고매장(강서홈플러스점),4,,서점
444,알라딘 중고매장(건대점),4,,서점
445,알라딘 중고매장(노원역점),4,,서점
446,알라딘 중고매장(대학로점),4,,서점
447,알라딘 중고매장(서울대입구역점),4,,서점
448,알라딘 중고매장(수유점),4,,서점
449,알라딘 중고매장(신림점),4,,서점
450,알라딘 중고매장(신촌점),4,,서점
451,알라딘 중고매장(이수역점),4,,서점
452,알라딘 중고매장(잠실롯데월드타워점),4,,서점
453,알라딘 중고매장(잠실새내역점),4,,서점
454,알라딘 중고매장(종로점),4,,서점
455,알라딘 중고매장(합정점),4,,서점
456,알지문구서점,4,,서점
457,알키미스타,4,,서점
458,양지서점,4,,서점
459,양지서점,4,,서점
460,어나더더블유,4,,서점
461,어쩌다 산책,4,,서점
462,어쩌다책방,4,,서점
463,에덴서점,4,,서점
464,에이포서점,4,,서점
465,엠프티폴더스,4,,서점
466,여기서울 149쪽,4,,서점
467,역사책방,4,,서점
468,연신내문고,4,,서점
469,연희서점,4,,서점
470,열린책방,4,,서점
471,영광서점,4,,서점
472,영일서점,4,,서점
473,영파문고,4,,서점
474,영풍문고(가산마리오점),4,,서점
475,영풍문고(강남역점),4,,서점
476,영풍문고(강남포스코점),4,,서점
477,영풍문고(김포공항롯데점),4,,서점
478,영풍문고(스타필드코엑스몰점),4,,서점
479,영풍문고(왕십리역점),4,,서점
480,영풍문고(홍대점),4,,서점
481,예나글방,4,,서점
482,예람서점,4,,서점
483,예림문고,4,,서점
484,예일문고,4,,서점
485,오에프알,4,,서점
486,오프 투 얼론(off to alone),4,,서점
487,옥수서재,4,,서점
488,온고당서점,4,,서점
489,올오어낫싱,4,,서점
490,월드문고,4,,서점
491,월촌문고,4,,서점
492,위트 앤 시니컬,4,,서점
493,유어마인드,4,,서점
494,유한서적,4,,서점
495,은마서적,4,,서점
496,이그잼플러스,4,,서점
497,이라선,4,,서점
498,이레서적,4,,서점
499,이루리북스(구 프레드릭북스),4,,서점
500,이상한 나라의 헌책방,4,,서점
501,이후북스,4,,서점
502,인덱스숍,4,,서점
503,일단불온 ,4,,서점
504,일등문고,4,,서점
505,일신서점,4,,서점
506,일일호일,4,,서점
507,잉크앤페더,4,,서점
508,자각몽,4,,서점
509,자고로,4,,서점
510,자상한시간,4,,서점
511,작업책방 씀,4,,서점
512,장미문고,4,,서점
513,장안현대문고,4,,서점
514,정연재,4,,서점
515,정은도서,4,,서점
516,정은서점,4,,서점
517,제로헌드레드,4,,서점
518,조은이책,4,,서점
519,종로문고,4,,서점
520,종로서적,4,,서점
521,종암문고,4,,서점
522,좋은책많은데,4,,서점
523,중곡서점,4,,서점
524,중국서점,4,,서점
525,중랑중고책갤러리,4,,서점
526,중화서국,4,,서점
527,지구불시착,4,,서점
528,지금의세상,4,,서점
529,지식을담다,4,,서점
530,진부책방스튜디오,4,,서점
531,진영문고,4,,서점
532,진학서점,4,,서점
533,차일드북앤토이,4,,서점
534,창문사,4,,서점
535,창문서점,4,,서점
536,채그로,4,,서점
537,채플린문구와서점,4,,서점
538,책가도,4,,서점
539,책과얽힘,4,,서점
540,책그리고,4,,서점
541,책마을서점,4,,서점
542,책바,4,,서점
543,책방 봄,4,,서점
544,책방 사춘기,4,,서점
545,책방 시나브로,4,,서점
546,책방 이올시다,4,,서점
547,책방 죄책감,4,,서점
548,책방곱셈,4,,서점
549,책방공책,4,,서점
550,책방서로,4,,서점
551,책방연희,4,,서점
552,책보냥,4,,서점
553,책빵 중고서점,4,,서점
554,책의기분,4,,서점
555,책의향기서점,4,,서점
556,책이는당나귀,4,,서점
557,책익다,4,,서점
558,책인감,4,,서점
559,책읽는마을,4,,서점
560,책크인,4,,서점
561,청계천서점,4,,서점
562,청맥살롱,4,,서점
563,초방책방,4,,서점
564,초콜릿책방,4,,서점
565,카모메그림책방,4,,서점
566,커넥티드북스토어 더 세운,4,,서점
567,커넥티드북스토어 더 을지,4,,서점
568,커넥티드플래그십스토어,4,,서점
569,코믹갤러리,4,,서점
570,코믹시티 성신북스,4,,서점
571,코믹존,4,,서점
572,콕콕콕,4,,서점
573,쿨디가,4,,서점
574,클래식책방,4,,서점
575,토리헌책방,4,,서점
576,톨쉽북스토어,4,,서점
577,통문관,4,,서점
578,트립북앤스페이스,4,,서점
579,페이퍼 뮤즈,4,,서점
580,페잇퍼,4,,서점
581,평화서림,4,,서점
582,포스트 포에틱스,4,,서점
583,풀무질,4,,서점
584,프라임 서점,4,,서점
585,프루스트의 서재,4,,서점
586,피스북스,4,,서점
587,핏어팻(PIT A PAT),4,,서점
588,하우스북스,4,,서점
589,학문서점,4,,서점
590,학창문고,4,,서점
591,한권의 서점,4,,서점
592,한글파크서점,4,,서점
593,한길서적,4,,서점
594,한길서적 숭실대점,4,,서점
595,한길서점,4,,서점
596,한나책방,4,,서점
597,한림사,4,,서점
598,한미문화사,4,,서점
599,한보책문구(한보문고),4,,서점
600,한솔문고,4,,서점
601,한솔문고,4,,서점
602,한우리문고,4,,서점
603,한티서점,4,,서점
604,한평책빵,4,,서점
605,함양서림,4,,서점
606,햇빛문고 목동본점,4,,서점
607,햇살속으로,4,,서점
608,행복한글간,4,,서점
609,행운서점,4,,서점
610,향기나무,4,,서점
611,헬로인디북스,4,,서점
612,현대문고,4,,서점
613,현대서점문구,4,,서점
614,현대책서점,4,,서점
615,형제서점,4,,서점
616,형제책서점,4,,서점
617,호박이넝쿨책,4,,서점
618,호수책장,4,,서점
619,홀로서기,4,,서점
620,홈통,4,,서점
621,홍익도서,4,,서점
622,홍익문고,4,,서점
623,홍제문고,4,,서점
624,화랑문고,4,,서점
625,환일서점,4,,서점
626,황룡서점,4,,서점
627,황룡서점,4,,서점
628,흙서점,4,,서점
629,흥인서점,4,,서점
630,희망문고,4,,서점
631,딕펑스×두번째달_Spice of life,2,,"공연, 전시"
632,서울일러스트레이션페어V.16,3,,"공연, 전시"
633,2023 마포아트센터 송년콘서트 [나윤선 ANOTHER CHRISTMAS],2,,"공연, 전시"
634,2023 M 송년시리즈 발레 [호두까기 인형],2,,"공연, 전시"
635,"[서울시합창단 제 167회 정기연주회] 헨델, 오라토리오 메시아",2,,"공연, 전시"
636,"[2023 카즈미 타테이시 트리오 내한공연] 크리스마스, 재즈를 만나다",2,,"공연, 전시"
637,[너나나시리즈] 국악뮤지컬 제비씨의 크리스마스,2,,"공연, 전시"
638,[서울마포음악창작소] 2023 M 인디열전 ♪ EXTENSION 공연,2,,"공연, 전시"
639,서울시립미술관 [우리가 모여 산을 이루는 이야기],3,,"공연, 전시"
640,[M클래식 축제] 마포공연예술관광페스티벌 [타케자와 유토 피아노 리사이틀],2,,"공연, 전시"
641,2023 믹스드 오케스트라 Ⅱ [소리의 색채],2,,"공연, 전시"
642,[M클래식 축제] 마포공연예술관광페스티벌 킷 암스트롱 피아노 리사이틀,2,,"공연, 전시"
643, M 아티스트 2023 김도현 피아노 리사이틀 II,2,,"공연, 전시"
644,선우예권&국립슬로박필하모닉오케스트라,2,,"공연, 전시"
645,[서울시립교향악단] 2023 서울시향 얍 판 츠베덴의 베토벤 삼중 협주곡 ①,2,,"공연, 전시"
646,"2023 국악대학전 내일의 예인 홍솔휘, 이가현가단",2,,"공연, 전시"
647,"2023 국악대학전 내일의 예인 윤주연, 신별하",2,,"공연, 전시"
648,뮌헨 필하모닉 내한공연,2,,"공연, 전시"
649,2023 세종미술관 기획전시 [필묵변혁-송수남 황창배],3,,"공연, 전시"
650,브런치콘서트 [이달의 공연] 11월 클래식과 재즈의 더 배틀,2,,"공연, 전시"
651,"2023 국악대학전 내일의 예인 김은유, 이수흔",2,,"공연, 전시"
652,[중구문화재단] 월요극장4 - 뷰티풀 데이즈 with V.O.S,2,,"공연, 전시"
653,[영등포문화재단] 가족극장 뮤지컬 앤ANNE,2,,"공연, 전시"
654,[구로문화재단 팝페라 콘서트] 팝페라 그룹 포엣,2,,"공연, 전시"
655,[서울시립교향악단] 2023 서울시향 얍 판 츠베덴의 쇼스타코비치 교향곡 5번 ①,2,,"공연, 전시"
656,[강북문화재단] 마티네콘서트 Ⅲ 유니크클래식 with 반도네온 (고상지),2,,"공연, 전시"
657,"이고르 레비트, 피아노 리사이틀",2,,"공연, 전시"
658,뮤지컬 [몬테크리스토],2,,"공연, 전시"
659,2023 이병우 기타 콘서트 -  다가오는 심장 소리,2,,"공연, 전시"
660,완창여정프로젝트 : 이해원의 심청가 판소리공장 바닥소리,2,,"공연, 전시"
661,[서울시립교향악단] 2023 서울시향 실내악 시리즈 IV : 관악 앙상블,2,,"공연, 전시"
662, 차이코프스키 동화음악극 [미녀와 야수],2,,"공연, 전시"
663,[금천문화재단] 오셀로와 이아고,2,,"공연, 전시"
664,"[온라인특강] 출산휴가, 육아휴직 즉문즉답",5,,"공연, 전시"
665,[서울생활문화센터 서교] 인문학정원 20세기 일본만화사,5,,"공연, 전시"
666,2023 우리소리의 맥(脈)을 찾아서 특별기획 국악공연,2,,"공연, 전시"
667,11월 문화가 흐르는 청계천의 밤,2,,"공연, 전시"
668,[서초문화재단] 뮤지컬 나도 해피엔딩을 쓰고 싶어,2,,"공연, 전시"
669,[서울시립교향악단] 2023 서울시향  우리동네 음악회(실내악),2,,"공연, 전시"
670,[2023년도 플레이업 아카데미 모집] 신체훈련 아카데미 [나에게 맞는 워밍업 루틴 만들기],5,,"공연, 전시"
671,[양천구청] 건강힐링센터 2023년 11월 원데이해빛 원데이 힐링프로그램,5,,"공연, 전시"
672,2023 서울식물원 국제심포지엄,5,,"공연, 전시"
673,[서울시립과학관] 11월 가족과 함께하는 바이오랩,5,,"공연, 전시"
674,[서울시청] 가족 스케이팅 교실,5,,"공연, 전시"
675,[삼각산시민청] 2023년 시민기획단 연계 하반기 프로그램,5,,"공연, 전시"
676,[시민청 공간공모 지원사업] 장소기억법,3,,"공연, 전시"
677,[2023 민주시민 아카데미] 2회차-세상은 묘지 위에 세워져 있다 ,5,,"공연, 전시"
678,제 20회 위튜티 윈드오케스트라 정기연주회,2,,"공연, 전시"
679,[2023 성동문화마당] 소월아트홀에서 떠나는 국내 여행 콘서트,2,,"공연, 전시"
680,[시민청] 2023 바스락콘서트 11월 공연,2,,"공연, 전시"
681,"[2023 카즈미 타테이시 트리오 내한공연] 지브리, 재즈를 만나다(서울 강동)",2,,"공연, 전시"
682,[서울역사편찬원] 11월 엄마아빠와 함께하는 교과서 역사기행,5,,"공연, 전시"
683,"[서울돈화문국악당] 길, Tea, Pleasure 월드뮤직그룹 공명",2,,"공연, 전시"
684,[서울생활사박물관] 서울 외식 이야기-오늘 뭐 먹지?,3,,"공연, 전시"
685,서울융합예술페스티벌 [언폴드엑스(Unfold X) 2023: 달로 가는 정거장],3,,"공연, 전시"
686,[광진문화재단] 나루의 발견 공존(共存),3,,"공연, 전시"
687,연극 [생일파티],2,,"공연, 전시"
688,2023 서울시 찾아가는 유랑극단 [밥을 먹다],2,,"공연, 전시"
689,[2023 성동문화마당] 미술관으로 떠나는 해외 여행 콘서트,2,,"공연, 전시"
690,[마포구립서강도서관 11월] 2023년 읽는 인간 호모부커스 Ⅳ [사랑의 기술],5,,"공연, 전시"
691,[서울시립교향악단] 2023 퇴근길 토크 콘서트 Ⅲ : 음악으로 기억되는 영화 ②,2,,"공연, 전시"
692,워너브러더스 100주년 셀러브레이션,3,,"공연, 전시"
693,DDP 협력전시 [PUSH KEYSTONE: 당신의 정체성을 입력하세요.],3,,"공연, 전시"
694,2023 서울유니버설디자인 DAY [UD-DAY],5,,"공연, 전시"
695,해설이 있는 발레 [호두까기 인형],2,,"공연, 전시"
696,[서초문화재단] 해설이 있는 발레 [호두까기 인형],2,,"공연, 전시"
697,[시민청 공간공모 지원사업] knitting the light,3,,"공연, 전시"
698,제13회 서울배리어프리영화제,2,,"공연, 전시"
699,"Piano Dynamism_김종윤, 양윤희, 김기경",2,,"공연, 전시"
700,[서울시립교향악단] 2023 퇴근길 토크 콘서트 Ⅲ : 음악으로 기억되는 영화 ①,2,,"공연, 전시"
701,[마포문화재단] 2023 방방곡곡 문화공감사업 [모던가곡] #6. 첫사랑,2,,"공연, 전시"
702,서울시여성콘서트합창단 제6회 정기연주회,2,,"공연, 전시"
703,[시민청 공간공모 지원사업] 드로잉 사진 - 신청곡,3,,"공연, 전시"
704,"[2023 카즈미 타테이시 트리오 내한공연] 지브리, 재즈를 만나다(서울 강남)",2,,"공연, 전시"
705,"Piano Dynamism_정다현, 박진우, 이정은, 신민철",2,,"공연, 전시"
706,2023 한성백제박물관 사계콘서트 [겨울],2,,"공연, 전시"
707,차이콥스키 & 피아졸라의 [사계],2,,"공연, 전시"
708,[서울공예박물관] 소장품 연계 프로그램 장인의 보물상자 (화각공예),5,,"공연, 전시"
709,연극 [서교동에서 죽다],2,,"공연, 전시"
710,2023 매헌시민의숲 가을축제 안내,2,,"공연, 전시"
711,[광진문화재단] 행복한 연극 내 엄마 수연씨,2,,"공연, 전시"
712,[양천문화원] 2023 전통예술제,2,,"공연, 전시"
713,[서울문화재단] 서울라이브 B-side ♬인디음악 셀프 브랜딩 워크숍,5,,"공연, 전시"
714,[금천문화재단] 제3회 금천패션영화제,5,,"공연, 전시"
715,제 15회 언리미티드 에디션 - 서울아트북페어 2023,4,,"공연, 전시"
716,[구로꿈나무인형극제] 하이브리드 신체극 계단의 아이,2,,"공연, 전시"
717,"[종로문화재단] 2023 창신마을축제 하늘아래 1번지, 창신동",2,,"공연, 전시"
718,2023 [운현궁 아트페어],5,,"공연, 전시"
719,[금천문화재단] 음악극 고고와 도도,2,,"공연, 전시"
720,[서울마포음악창작소] 2023 M 인디열전 ♪6 ‘DUSKY80X솜다’ 공연,2,,"공연, 전시"
721,[11월/Epi X 마포구립서강도서관] 새와 더불어 마주하고 긴장하며 함께하기,5,,"공연, 전시"
722,"[11월 마포구립서강도서관/어린이메이킹] 해봄아 노올자!, 해봄맘껏Time",5,,"공연, 전시"
723,[서울우리소리박물관] 우리소리 노래교실 [덩기덕 쿵덕],2,,"공연, 전시"
724,"[서울공예박물관] 가을. 나무의 온도, 우드카빙 버터나이프",5,,"공연, 전시"
725,엘리자베스 기덕,2,,"공연, 전시"
726,[제5회 꿈의 오케스트라] 중구 정기연주회 ,2,,"공연, 전시"
727,[서울시립교향악단] 2023 서울시향  우리동네 음악회(관현악) ,2,,"공연, 전시"
728,[시민청] 서울스테이지11_Beautiful day 공연,2,,"공연, 전시"
729,[구립증산정보도서관] 마음을 물들이는 붓펜캘리그라피,5,,"공연, 전시"
730,SBS D 포럼(SDF) 2023,5,,"공연, 전시"
731,제2회 노원구 민간기록물 수집 공모 전시회 [노원기억],3,,"공연, 전시"
732,[마포구립서강도서관 11월 행사] 문화프로그램 안내,5,,"공연, 전시"
733,[돈의문박물관마을] 2023 돈의문야학당 프로그램 참여자 모집(11월),5,,"공연, 전시"
734,구석구석 출사 탐험대: 방구석에서 시작하는 동네 탐험,5,,"공연, 전시"
735,2023 은평 문화예술교육 주간,5,,"공연, 전시"
736,"[종로문화재단] K 국악, 판소리가 좋다",2,,"공연, 전시"
737,서울시민관광 아카데미 [관광업 특강 9회차] 데이터 기반의 관광산업 트렌드 이해와 활용,5,,"공연, 전시"
738,"[강동문화재단] 마티네 콘서트 낭만드림 11월, Romantic Orchestra",2,,"공연, 전시"
739,"[서울상상나라] 우리, 캠핑 가요!",3,,"공연, 전시"
740,대학로극장쿼드 제작 황수현 [Zzz],2,,"공연, 전시"
741,브런치콘서트 [이달의 공연] 10월 웃음 가득 뮤지컬 갈라,2,,"공연, 전시"
742,김상헌 피아노 독주회,2,,"공연, 전시"
743,뮤지컬의 탄생과 황금기를 노래하다!,2,,"공연, 전시"
744,[서울시립과학관] 천체사진가 권오철 작품-우유니 소금사막의 별이 내리는 밤,5,,"공연, 전시"
745,2023 낙원 속 생활문화 클래스 [낙원 악기 원데이 클래스],5,,"공연, 전시"
746,[제7회 책읽는 종로] 2023 종로 책문화 주간,4,,"공연, 전시"
747,[시민청] 내게 보이는 것들 The things that I see,3,,"공연, 전시"
748,[중구문화재단] 2023 제12회 서울충무로영화제(CFFS),5,,"공연, 전시"
749,[광진문화재단] 가족 뮤지컬 까먹어도 될까요,2,,"공연, 전시"
750,[세종뮤지엄갤러리] 변경섭 기획초대전,3,,"공연, 전시"
751,[서울시립북서울미술관] 손길 모양,3,,"공연, 전시"
752,[구립증산정보도서관] 그림책 속 마음 이끄미 샘들과 함께 하는 감정 북 큐레이션 [내 마음을 읽어요!],4,,"공연, 전시"
753,[서울디자인재단] 서울디자인 2023,3,,"공연, 전시"
754,DDP디자인론칭페어,5,,"공연, 전시"
755,그린칩스 페스티벌 2023,2,,"공연, 전시"
756,[서울문화재단] 2023 예술인 집단심리상담 [예술가의 마음수업],5,,"공연, 전시"
757,"[서울책보고 문학 강연 11월] 1+1=∞, 무장애 여행의 모든 것",5,,"공연, 전시"
758,[서울책보고 x 한국만화영상진흥원] 주말엔 만화톡톡_박건웅 작가와의 만남,5,,"공연, 전시"
759,[서초구청] 2023 학부모 프리미엄 특강 릴레이,5,,"공연, 전시"
760,2023년 종로구립 궁중무용단 제2회 정기공연 [무애마당],2,,"공연, 전시"
761,[금천문화재단] 뮤지컬프로그램 탐궁,2,,"공연, 전시"
762,[서울식물원] 보타닉 메이즈: 식물은 살아있다,3,,"공연, 전시"
763,[서울역사박물관] 2023 하반기 영뮤지엄,5,,"공연, 전시"
764,입 없는 저 사람 말문 열기 전,3,,"공연, 전시"
765,2023 중구 생활문화 활성화 사업 동네친구 시즌2 : 취향존중(存中) 생활문화 프로그램(2차),5,,"공연, 전시"
766,[청계천박물관] 10월 문화가 흐르는 청계천의 밤,2,,"공연, 전시"
767,[광진문화재단] 2023 나루 커넥트 클래식 페스티벌,3,,"공연, 전시"
768,[동작문화재단 문화예술교육 프로그램] 산책가의 그린(green)일기,5,,"공연, 전시"
769,2023 불교문화대전,2,,"공연, 전시"
770,헝가리 민족학박물관 국제교류전 [서울의 멋],3,,"공연, 전시"
771,[서울예술교육센터] 예술상상 오아시스 이야기를 품은 의자 예술교육,5,,"공연, 전시"
772,"[서서울예술교육센터] 2023 서울시민예술학교 나의 낭만 아바타 (in 서서울예술교육센터, 강서아트리움)",5,,"공연, 전시"
773,스테들러와 함께하는 여행드로잉展 [Everybody can draw!],3,,"공연, 전시"
774,"[케이움 갤러리] 빛을, 발하다. (오정, 정서윤 2인 기획전)",3,,"공연, 전시"
775,[서울시립미술관] 아티스트 토크 미술가의 작업실-아카이브 엿보기,5,,"공연, 전시"
776,[도봉문화재단] 2023 일상문화 활성화 사업[ 일상예술테이블],5,,"공연, 전시"
777,"[서서울예술교육센터] 2023 서울시민예술학교 피지컬씨어터 [몸짓으로 쓰는 이야기] (in 서서울예술교육센터, 구립영등포아트스퀘어)",5,,"공연, 전시"
778,[강남문화재단과 함께하는 초대전] space time gangnam (스페이스 타임 강남),3,,"공연, 전시"
779,[서울하수도과학관] 크게 보는 작은 세계: 미생물 관찰하기,5,,"공연, 전시"
780,[서울하수도과학관] 맨홀은 왜 둥글지?,5,,"공연, 전시"
781,[서울하수도과학관 ] 물 속으로 퐁!퐁!퐁!,5,,"공연, 전시"
782,"[일러스트 오마주 전시] 캐릭터, 명화에 빠지다 - 도우도우 x 메롱해치 x 냐기월드",3,,"공연, 전시"
783,[비더비X길종상가 기획전] 사물의 가정 Hypothetical Home,3,,"공연, 전시"
784,GWTF: Go with the Flow,3,,"공연, 전시"
785,[언폴드엑스 기획자캠프] Separium : Monotypic Humans,3,,"공연, 전시"
786,[대한민국?교황청 수교 60주년 특별기획전] 모든 이를 위하여,3,,"공연, 전시"
787,[몽촌역사관] 후후! 우리 음악 속으로 (온라인),5,,"공연, 전시"
788,[서울역사박물관] 서울역사박물관대학,5,,"공연, 전시"
789,[서울공예박물관] 속속들이 백자,5,,"공연, 전시"
790,제25기 박물관대학 [백제의 철기 문화와 한반도 전쟁사],5,,"공연, 전시"
791,[슈페리어갤러리] 바라보다 展,3,,"공연, 전시"
792,[서울무형문화재 교육전시장] 한옥에서 배우는 전통매듭,5,,"공연, 전시"
793,[시민청] 2023 서울시청 시민청 [활력콘서트] 10월 공연,2,,"공연, 전시"
794,[2023 남산골아트랩] 이상한옥(理想韓屋) 네 번째 전시 낯선 合,3,,"공연, 전시"
795,서리풀청년아트갤러리 [Way to Draw],3,,"공연, 전시"
796,서리풀 휴(休) 갤러리 [수중기록 3장_황금섬의 용사들],3,,"공연, 전시"
797,2023 서울정원박람회,5,,"공연, 전시"
798,연극 [굿닥터],2,,"공연, 전시"
799,[서서울예술교육센터] 2023 서울시민예술학교 너와 나의 장막,5,,"공연, 전시"
800,[노들섬] 음악비평 및 글쓰기,5,,"공연, 전시"
801,[마포구립서강도서관 10-12월/전시] 우리 글책 140선 ? 우리 그림책 100선,3,,"공연, 전시"
802,[서울생활문화센터 신도림] 2023 구로문화예술아카데미,5,,"공연, 전시"
803,[중랑문화재단] 옹기테마체험관 10월 프로그램,5,,"공연, 전시"
804,"[돈의문박물관마을] Odd space, Common place",3,,"공연, 전시"
805,[돈의문박물관마을] 2023년 시민갤러리 이별 박물관 展,3,,"공연, 전시"
806,[서울애니메이션센터] 도심 속 문화체험공간!  만화도서관& 애니소풍,5,,"공연, 전시"
807,청춘극장 제9회 청춘스타영화제,2,,"공연, 전시"
808,"[구립증산정보도서관] 2023년 시가 자라는 나무 10월 : 10월, 생(生)을 만나다",4,,"공연, 전시"
809,[구립증산정보도서관] 북인사이트 2023년 10월 : 10월의 작가들,4,,"공연, 전시"
810,2023 DDP 디자인 융합 전시 [We'd rather be alive than dead],3,,"공연, 전시"
811,[서울디자인재단] We'd rather be alive than dead:삶은 그 어떤 경우에도 죽음보다 아름답다,3,,"공연, 전시"
812,"[9월/팟캐스트] 서강도서관 피셜 38회 다시, 어떻게 읽을 것인가",5,,"공연, 전시"
813,[마포구립서강도서관 독서동아리] 2023년 월요야독 신규회원 모집,5,,"공연, 전시"
814,Design Dream Land: Fall in K-POP 디자인 드림 랜드,3,,"공연, 전시"
815,한성백제박물관 2023년 백제문화특별전 [강철백제],3,,"공연, 전시"
816,[송파공간 X 예술인 연대 프로젝트] 듀엣쏭 (9.22~11.17),2,,"공연, 전시"
817,서울로미디어캔버스 2023 3회 전시,3,,"공연, 전시"
818,"[한성백제박물관] 강鐵철 백제 - 철, 강한 나라를 만들다",3,,"공연, 전시"
819,제12회 서울미디어시티비엔날레 [이것 역시 지도],3,,"공연, 전시"
820,[몽촌토성투어프로그램] 한눈에 쏙~ 몽촌토성 첫걸음,5,,"공연, 전시"
821,[한성백제박물관] 백제 왕도 달빛 기행,5,,"공연, 전시"
822,[2023 돈의문박물관마을] 가을산책(冊) 교육프로그램,5,,"공연, 전시"
823,[서서울예술교육센터(양천)] 서울시민예술학교 2023 10-11월,5,,"공연, 전시"
824,코리아나미술관 20주년 기념 국제기획전 [Step x Step],3,,"공연, 전시"
825,서울야외도서관 책읽는 서울광장,4,,"공연, 전시"
826,[창의예술교육센터] 영등포 탈수기 : 탈로 쓴 나의 수기,5,,"공연, 전시"
827,[구립증산정보도서관] 2023 사서와 함께하는 [꼼지락 북아트 동아리 3기],4,,"공연, 전시"
828,2023 세종예술아카데미 하반기 정규강좌 수강오픈!,5,,"공연, 전시"
829,[서울시립과학관] 2023 가을학기 과학관에 찾아온 '대학연구실',5,,"공연, 전시"
830,[은평역사한옥박물관] 전통 목가구 제작 소목교실 3기,5,,"공연, 전시"
831,2023 기술 입은 문화 예술교육 [효모 사운드클럽],5,,"공연, 전시"
832,"[2023 평생인문교육 프로그램] 우리의 작가, 그들의 시대",5,,"공연, 전시"
833,[서울공예박물관] 서울아트위크 기념 특별전 《공예 다이얼로그》,3,,"공연, 전시"
834,[서울시립과학관] 2023년 생태화그리기 가을학기,5,,"공연, 전시"
835,[2023 미감도서관 문화프로그램] 한국과 세계가 보이는 인물 역사,4,,"공연, 전시"
836,"2023 예술, 송송, 인생학교 여성편 [엄마배우 프로젝트]",5,,"공연, 전시"
837,2023 서교예술실험센터 공성장형 예술실험지원 [링크(LINK) 과정공유회 링킹(LINK-ING)],5,,"공연, 전시"
838,[서울디자인재단] 럭스: 시적해상도,3,,"공연, 전시"
839,[서울시립과학관] 2023년 하반기 돋보기 및 맛보기 프로그램,5,,"공연, 전시"
840,[관악문화재단] 판다쌤 원어민 중국어,5,,"공연, 전시"
841,[서울책보고] 본격 요리책 전시 '내일 뭐 먹지?',3,,"공연, 전시"
842,[2023 미감도서관 문화프로그램] 왁자지껄 옛이야기 독서토론,4,,"공연, 전시"
843,독서의 달맞이 개관연장 프로그램 [책 읽기 좋은 가을밤],4,,"공연, 전시"
844,차없는잠수교 뚜벅뚜벅 축제,4,,"공연, 전시"
845,[서울역사박물관] 우리가족 박물관 여행,5,,"공연, 전시"
846,2023 언폴드엑스 기획자캠프 선정 프로젝트 전시,3,,"공연, 전시"
847,[양천문화재단] 상상이 현실이 되는 AR 예술놀이터 '상상극장 우리 여기에',5,,"공연, 전시"
848,강남예술단 찾아가는 공연 [POP-UP!],2,,"공연, 전시"
849,The Chemical Reaction 에스더블유앤에이부터 리버럴오피스까지 산업디자이너들의 상호 작용,3,,"공연, 전시"
850,[서울시립과학관] 2023 과학북토크-하반기 달작한 사이언스(8~11월),5,,"공연, 전시"
851,서울시립 남서울미술관 [공중정원],3,,"공연, 전시"
852,[알부스갤러리] 친구들 Les Amis,3,,"공연, 전시"
853,[서울역사박물관] 2023년 하반기 배리어프리영화관,2,,"공연, 전시"
854,"[서울시립 미술아카이브] 라스트 제너레이션에게, 김용익",3,,"공연, 전시"
855,[2023년 파킨슨 환자를 위한 무용 교육 프로그램] 댄스 포 피디(하반기),5,,"공연, 전시"
856,[도봉문화재단] 하반기 정기강좌 프로그램 [연극으로 만드는 나의 이야기],5,,"공연, 전시"
857,[기술 입은 문화예술교육] 관악!아트랩 203 AI와 함께하는 별별무브 시즌3,5,,"공연, 전시"
858,[황학정국궁전시관] 활의 나라 : 다시 태어난 근대 활쏘기의 시작,3,,"공연, 전시"
859,[2023년 쫌쫌따리 문화모아] 동그란 자유: 세상을 거꾸로 볼 자you,5,,"공연, 전시"
860,[서울디자인재단] 플라스틱 탐험대 : SUP 습격!,3,,"공연, 전시"
861,[2023 운현궁 하우스뮤지엄] 제9회 설경규방공예연구회 정기전시회,3,,"공연, 전시"
862,[서울역사박물관] 대전엑스포’93 30주년 기념 특별공동기획전 [대전엑스포’93: 과학 신화가 현실로],3,,"공연, 전시"
863,[돈의문박물관마을] 2023 하반기 한옥예술체험 예술가의 시간,5,,"공연, 전시"
864,[아뜰리에 광화] 2023 광장으로의 초대 이중섭,3,,"공연, 전시"
865,[2023생애주기별 문화예술교육] 실천력 프로젝트 추가모집(~7.16),5,,"공연, 전시"
866,"2023년 용산도시기억전시관 기획전시 [변화의 물결 속 용산, 1960~70년대 용산을 바라보다]",3,,"공연, 전시"
867,[도봉기적의도서관] 구름아래 예술놀이 제작소 '그림책 재담꾼! 도봉쑨',5,,"공연, 전시"
868,기억프로젝트 [내가 만드는 백제],5,,"공연, 전시"
869,[유휴공간프로젝트 Ⅱ] 진화의 비밀 8 - 플라잉맨 in 무중력,3,,"공연, 전시"
870,[도봉문화원] 원!투!쓰리!클래스 연극꿈틀 & 사진꿈틀,5,,"공연, 전시"
871,"우리가 만나던 그곳, 종로서적",4,,"공연, 전시"
872,[중랑문화재단] 옹기테마체험관 옹기테마아카데미,5,,"공연, 전시"
873,[서울문화재단] 2023년 PLAY-UP 아카데미,5,,"공연, 전시"
874,문화예술교육 프로그램 [학교폭력 스탑 프로젝트: 연극 프로불편러],5,,"공연, 전시"
875,문화예술교육 프로그램 [청년의 신세계 : My Home History],5,,"공연, 전시"
876,[한국공예?디자인문화진흥원] 2023 전통생활문화교육 ,5,,"공연, 전시"
877,[노들섬] 2023 서울거리공연 구석구석라이브,2,,"공연, 전시"
878,[도서관에서 만나는 인문학열전] 당신에게 권하는 일상의 인문학,4,,"공연, 전시"
879,[한성백제박물관] 제4회 백제그림그리기대회 전시,3,,"공연, 전시"
880,[성북선잠박물관] 소장품 특별전,3,,"공연, 전시"
881,"[2023년 6월 민주화 운동 특별전시] 마음을 움직이는 말, 선전물",3,,"공연, 전시"
882,[권진규의 영원한 집] 전시 연계 특별 도슨트 및 특강,5,,"공연, 전시"
883,권진규의 영원한 집,3,,"공연, 전시"
884,[2023 시민공모전] 기억 전당포 : 1990 서울 나들이 展,3,,"공연, 전시"
885,박노수미술관 개관 10주년 기념전시 [화필인생-박노수의 모던 타임즈],3,,"공연, 전시"
886,80 도시현실,3,,"공연, 전시"
887,[서울역사박물관] 제39기 중학생 인턴제,5,,"공연, 전시"
888,2023 평화문화진지 기획프로그램 [나의 나무 깎기],5,,"공연, 전시"
889,2023 서울우리소리박물관 특별전 [자장자장 도담도담],3,,"공연, 전시"
890,2023 신당 프로젝트 전시(SPE) [공예 자리],3,,"공연, 전시"
891,2023 서울 문화예술교육 지원사업 프로그램 안내,5,,"공연, 전시"
892,2023 월간뮤지크,2,,"공연, 전시"
893,2023년 서울기록원 전시연계 강연프로그램 [기록을 바라보는 여섯 개의 시선],5,,"공연, 전시"
894,특별한(★) 데이(DAY) 천문현상 주제 관측 프로그램,5,,"공연, 전시"
895,2023 광화문책마당,4,,"공연, 전시"
896,"소색비무색, 흰옷에 깃든 빛깔",3,,"공연, 전시"
897,2023 삼각산 활짝시네마,2,,"공연, 전시"
898,2023 남산골 전통체험,5,,"공연, 전시"
899,시민청 기획전시 [웨이브 2023 수도서울],3,,"공연, 전시"
900,2023년 시청 시민청 [바스락콘서트] 모두를 위한 공연,2,,"공연, 전시"
901,SeMA-프로젝트 A,3,,"공연, 전시"
902,[서울우리소리박물관] 자율학습프로그램 [자연관찰 우리소리],5,,"공연, 전시"
903,2023 과학?문화가 있는 날 月刊夜水 : 월간야수,5,,"공연, 전시"
904,[구립증산정보도서관] 열린 책 읽기 모임 Book-ing Club 모집,4,,"공연, 전시"
905,"[독서토론회] 2023년 목, 수다",4,,"공연, 전시"
906,2023년 운현궁 티타임,5,,"공연, 전시"
907,[돈의문박물관마을] 한옥예술체험 '예술가의 시간',5,,"공연, 전시"
908,"2023년 함석헌기념관 힐링in문학(낭독) [낭만, 함석헌] 참여자 모집",5,,"공연, 전시"
909,2023년 함석헌기념관 힐링in문학(낭송) [무욕청정(無欲淸淨)] 참여자 모집,5,,"공연, 전시"
910,2023 수요창작소,5,,"공연, 전시"
911,2023년 박물관 토요음악회 ,2,,"공연, 전시"
912,월간객석과 함께하는 마티네 콘서트,2,,"공연, 전시"
913,D-숲,3,,
914,청춘1번가,5,,
915,서리풀청년아트갤러리 오프라인 문화강좌 [아뜰리에 서리풀],5,,
916,[낙원 FM '일일 DJ 체험' 모집 중!],5,,
917,시민청 스탬프투어,5,,
918,"[서울역사박물관] Visit Museum, Enjoy SEOUL",5,,
919,"Visit Museum, Enjoy SEOUL",5,,
920,[하수도과학관] 전시해설 프로그램(전시실 + 재이용수 처리실) ,5,,
921,2023 토요명품,2,,
922,[돈의문박물관마을] 돈의문 마을이야기 투어,5,,
923,"하수, 새활용을 만나다",5,,
924,"하수, 새활용을 만나다",5,,
925,서울하수도과학관 [전시해설 프로그램],5,,
926,"2023년 함석헌기념관 체험 프로그램 [그를 잇다, 글을 짓다]",5,,
927,서울풍물시장 전통문화체험관,5,,
928,[서울디자인재단] DDP 건축투어,5,,
929,라이트 스페이스,3,,
930,매거진 라이브러리: 기록에 머물다,3,,
931,동대문 역사관,3,,
932,동대문운동장 기념관,3,,
933,UD 라이프스타일 플랫폼,3,,
934,"고희동미술관 재개관 3주년기념전시 「모던을 터치하다: 고희동, 근대회화의 선구자」",3,,
935,경희대학교,8,,
936,DDP(동대문디자인플라자),7,,
937,우란2경,2,,
938,구립은평뉴타운도서관,4,,
939,노원문화예술회관,2,,
940,서울시립미술관 SeMA창고,3,,
941,동숭무대,2,,
942,양천구민체육센터,1,,
943,금천예술공장,3,,
944,송파도서관,4,,
945,세종대왕기념관,3,,
946,북촌 서울무형문화재 교육전시장,8,,
947,주한독일문화원,5,,
948,주한영국문화원,5,,
949,고척도서관,4,,
950,용산도시기억전시관,3,,
951,광진교 8번가,8,,
952,서울생활사박물관,3,,
953,공평도시유적전시관,3,,
954,김영옥 미술관,3,,
955,양천문화재단,7,,
956,세종문화회관,2,,
957,민속극장풍류,2,,
958,은평문화예술회관,2,,
959,도봉도서관,4,,
960,강북구청,8,,
961,구로구청,8,,
962,노들섬 복합문화공간,7,,
963,문래도서관,4,,
964,양천구 해누리타운 아트홀,2,,
965,한국방송회관 코바코홀,2,,
966,리움미술관,3,,
967,반포심산아트홀,2,,
968,한미사진미술관,3,,
969,갈산문화예술센터,7,,
970,한성대학교,8,,
971,동대문구민체육센터,1,,
972,송파구체육문화회관,1,,
973,정동극장,2,,
974,종로구민회관,8,,
975,용산구문화체육센터,1,,
976,구립증산정보도서관,4,,
977,양천구청,8,,
978,신월문화체육센터,1,,
979,한성백제박물관,3,,
980,한국분재박물관,3,,
981,롯데월드 가든스테이지,2,,
982,강북솔샘문화정보센터,7,,
983,예술가의집,2,,
984,가람화랑,3,,
985,예지원,5,,
986,송중문화정보센터,7,,
987,롯데월드 아이스링크,5,,
988,온조대왕문화체육관,1,,
989,서울연극센터,2,,
990,성동구립도서관,4,,
991,서울특별시교육청 종로도서관,4,,
992,올림픽기념국민생활관,5,,
993,마포아트센터,7,,
994,국립현대미술관,3,,
995,아르코미술관,3,,
996,국립현대미술관 서울,3,,
997,종로문화원,5,,
998,육군사관학교,8,,
999,자양4동도서관,4,,
1000,동대문구청,8,,
1001,서울문화재단,7,,
1002,LG아트센터 서울,2,,
1003,광진정보도서관,4,,
1004,포스트극장,2,,
1005,서울시립 남서울미술관,3,,
1006,광화문아트홀,2,,
1007,문화정원아트홀,2,,
1008,시민청,7,,
1009,성수아트홀,2,,
1010,동작구청,8,,
1011,강남문화재단,7,,
1012,서울풍물시장 전통문화체험관,8,,
1013,한국사회과학도서관,4,,
1014,우리금융아트홀,2,,
1015,동작도서관,4,,
1016,서대문도서관,4,,
1017,강남스포츠문화센터,5,,
1018,대진체육관,1,,
1019,영등포문화원,5,,
1020,사당문화회관,2,,
1021,건국대학교 박물관,8,,
1022,서초구민체육센터,1,,
1023,송파구청,8,,
1024,거마도서관,4,,
1025,서초문화예술회관 (구 서초구민회관),2,,
1026,연세대학교 김대중도서관,4,,
1027,서울특별시교육청 남산도서관,4,,
1028,최순우 옛집,3,,
1029,서서울예술교육센터,5,,
1030,스카이아트홀,2,,
1031,국립국어원 우리말 꿈터,5,,
1032,학고재,3,,
1033,남산골한옥마을,8,,
1034,코엑스 오디토리움,2,,
1035,국립고궁박물관,3,,
1036,구로구민체육센터,1,,
1037,떡박물관,3,,
1038,강남구민체육관,1,,
1039,허준박물관,3,,
1040,서울강서문화원,5,,
1041,아리향기작은도서관,4,,
1042,구로아트밸리예술극장,2,,
1043,금천구청,8,,
1044,세실아트홀,2,,
1045,도봉기적의도서관,4,,
1046,해공체육문화센터,1,,
1047,은평구립도서관,4,,
1048,노화랑,3,,
1049,관악구민종합체육센터,1,,
1050,강남구청,8,,
1051,개포도서관,4,,
1052,은평역사한옥박물관,3,,
1053,금빛휘트니스센터,5,,
1054,잠실종합운동장,1,,
1055,더 소호,6,,
1056,도봉문화원,5,,
1057,CGV 명동,2,,
1058,드라마센터(동랑예술센터),2,,
1059,KBS홀,2,,
1060,강동구청,8,,
1061,강동구립성내도서관,4,,
1062,아리랑도서관,4,,
1063,노원중앙도서관,4,,
1064,망원한강공원,1,,
1065,LG상남도서관,4,,
1066,한상수자수박물관,3,,
1067,녹사평 용산공원 플랫폼,3,,
1068,내곡느티나무쉼터,1,,
1069,코엑스전시장,8,,
1070,강동구민회관,8,,
1071,소나무언덕3호도서관,4,,
1072,도봉구민회관,8,,
1073,월계도서관,4,,
1074,성북여성문화센터,5,,
1075,한국공예문화진흥원,5,,
1076,서울특별시교육청 용산도서관,4,,
1077,세컨드에비뉴 갤러리,3,,
1078,국립한글박물관,3,,
1079,목인박물관 목석원,3,,
1080,이문체육문화센터,1,,
1081,대림도서관,4,,
1082,유리지공예관,5,,
1083,상명아트센터,2,,
1084,동대문구체육관,1,,
1085,중랑문화체육관,1,,
1086,개운산스포츠센터,1,,
1087,운현궁,3,,
1088,서울시립 난지미술창작스튜디오,7,,
1089,창동문화체육센터,1,,
1090,양천문화원,5,,
1091,스튜디오 콘크리트,7,,
1092,중구여성플라자,7,,
1093,관악문화관,5,,
1094,용산아트홀,2,,
1095,영등포아트홀,2,,
1096,강남구민회관,8,,
1097,국회도서관,4,,
1098,겸재정선미술관,3,,
1099,영등포구청,8,,
1100,중랑구민체육센터,1,,
1101,강북웰빙스포츠센터,1,,
1102,갤러리 라메르,3,,
1103,중랑구평생학습관,5,,
1104,서초여성가족플라자,7,,
1105,서초구립반포도서관,4,,
1106,셀린박 갤러리,3,,
1107,배봉산 숲속 도서관,4,,
1108,문화공간 이육사,7,,
1109,갤러리 가이아,3,,
1110,서대문문화체육회관,1,,
1111,종이나라박물관,3,,
1112,두산아트센터 연강홀,2,,
1113,명동난타극장,2,,
1114,뮤지엄김치간,3,,
1115,한전아트센터,2,,
1116,세빛섬,1,,
1117,문학의집서울,7,,
1118,서울상상나라,3,,
1119,강동구립암사도서관,4,,
1120,광진구민체육센터,1,,
1121,도봉문화정보도서관,4,,
1122,서대문자연사박물관,3,,
1123,경기여고 경운박물관,3,,
1124,SETEC전시장(서울무역전시장),8,,
1125,세종대학교 대양홀,8,,
1126,국제갤러리,3,,
1127,김영섭사진화랑,3,,
1128,평화문화진지,7,,
1129,디뮤지엄,3,,
1130,허리우드 스카이쇼 공연장,2,,
1131,아웃사이트(out_sight),3,,
1132,서울무용센터,2,,
1133,잠실창작스튜디오,7,,
1134,이마트은평점,8,,
1135,롯데콘서트홀,2,,
1136,서교예술실험센터,7,,
1137,인사아트센터,3,,
1138,갤러리 도올,3,,
1139,아트선재센터,3,,
1140,북촌문화센터,7,,
1141,등촌지역정보센터,4,,
1142,노원구청,8,,
1143,동대문구청 아트갤러리,8,,
1144,유니버설아트센터,2,,
1145,손기정문화체육센터,1,,
1146,성북문화재단,7,,
1147,국립극단 소극장 판,2,,
1148,서울시립 북서울미술관,3,,
1149,광림아트센터 장천홀,2,,
1150,서초구립내곡도서관,4,,
1151,내를 건너서 숲으로 도서관,4,,
1152,한양도성박물관,3,,
1153,중랑구민회관,1,,
1154,평강성서유물박물관,3,,
1155,포스코미술관,3,,
1156,필갤러리(Fill Gallery),3,,
1157,서울남산국악당,2,,
1158,동자아트홀,2,,
1159,구로구립개봉도서관,4,,
1160,일신홀,2,,
1161,더줌아트센터,2,,
1162,구로 꿈나무극장,2,,
1163,서울도서관,4,,
1164,용산공예관,5,,
1165,서울특별시여성능력개발원,5,,
1166,금천구립가산도서관,4,,
1167,여의도한강공원물빛무대,2,,
1168,가나아트센터,3,,
1169,KT&G상상마당 대치,2,,
1170,KT&G 상상마당 갤러리,3,,
1171,상촌재,7,,
1172,우리은행 본점,8,,
1173,서울책보고,4,,
1174,유담헌,7,,
1175,성동문화재단,7,,
1176,용산구 효창사랑 작은도서관,4,,
1177,금천구립독산도서관,4,,
1178,강남구립대치도서관,4,,
1179,킵인터치,3,,
1180,서울생각마루,7,,
1181,동덕아트갤러리,3,,
1182,동호갤러리,3,,
1183,국기원,1,,
1184,토포하우스,3,,
1185,아트하우스 모모,2,,
1186,폼텍웍스홀,2,,
1187,서울함 공원,1,,
1188,강남구립역삼도서관,4,,
1189,코리아나미술관,3,,
1190,서울하수도과학관,5,,
1191,사각사각 플레이스,7,,
1192,강동구립천호도서관,4,,
1193,홍익대 대학로 아트센터,2,,
1194,농업박물관,3,,
1195,장충체육관,1,,
1196,아이러브아트센터,2,,
1197,몽촌역사관,3,,
1198,갤러리 JJ,3,,
1199,노원문화원,5,,
1200,간송미술관,3,,
1201,구로구립개봉어린이도서관,4,,
1202,OCI미술관,3,,
1203,쉼박물관,3,,
1204,서울올림픽기념관,3,,
1205,이화여자대학교 박물관,8,,
1206,한국금융사박물관,3,,
1207,성북구립최만린미술관,3,,
1208,강남구립청담도서관,4,,
1209,금천구립시흥도서관,4,,
1210,서울자유시민대학,8,,
1211,성동구립용답도서관,4,,
1212,강남구립논현도서관,4,,
1213,서울문화예술철도 영등포시장역(아트온더무브),8,,
1214,서울금성당 샤머니즘박물관,3,,
1215,용산공예관,5,,
1216,동대문도서관,4,,
1217,서울로 7017,1,,
1218,아름꿈도서관,4,,
1219,갤러리 비선재,3,,
1220,강남구립행복한도서관,4,,
1221,강남구립역삼푸른솔도서관,4,,
1222,강남구립못골도서관,4,,
1223,금천구립금나래도서관,4,,
1224,서리풀청년아트갤러리,7,,
1225,현대카드 스토리지,3,,
1226,용산구립청파도서관,4,,
1227,서울과학기술대학교,8,,
1228,광운대학교동해문화예술관,8,,
1229,국립극단 백성희장민호극장,2,,
1230,팝콘D스퀘어,7,,
1231,대원 콘텐츠 라이브,2,,
1232,월곡꿈그림도서관,4,,
1233,한양대학교 박물관,8,,
1234,우리소리도서관,4,,
1235,예스24 라이브홀,2,,
1236,사비나미술관,3,,
1237,BHAK,3,,
1238,전쟁기념관,3,,
1239,덕성여자대학교 박물관,8,,
1240,도산안창호 기념관,3,,
1241,김희수아트센터,7,,
1242,국립박물관문화재단,7,,
1243,용산 고래이야기 작은도서관,4,,
1244,수색동 주민센터(다목적실),8,,
1245,서울특별시 청년허브,8,,
1246,서울시립미술관 서소문본관,3,,
1247,경찰박물관,3,,
1248,국립민속박물관,3,,
1249,한국가구박물관,3,,
1250,서초문화원,5,,
1251,한국은행 화폐박물관,3,,
1252,코리아나 화장박물관,3,,
1253,롯데월드 시네마,2,,
1254,윤동주문학관,3,,
1255,구로구립온누리도서관,4,,
1256,세곡도서관,4,,
1257,안중근의사기념관,3,,
1258,도봉문화재단 쌍문채움도서관,7,,
1259,한국천주교순교자박물관,3,,
1260,관악구청,8,,
1261,서울시창작공간,7,,
1262,서울교육박물관,5,,
1263,건국대학교 새천년대공연장,8,,
1264,양천도서관,4,,
1265,몽골 울란바타르 문화진흥원,5,,
1266,디지털 파빌리온,3,,
1267,서울역사박물관,3,,
1268,돈화문 서울무형문화재교육전시장,8,,
1269,서울생활문화센터 서교,7,,
1270,마포문화원,5,,
1271,서울시립과학관,5,,
1272,서울한방진흥센터,7,,
1273,스페이스 신선,3,,
1274,갤러리비케이 이태원,3,,
1275,구립구산동도서관마을,4,,
1276,국립현대미술관 덕수궁,3,,
1277,신도림 오페라하우스,2,,
1278,갤러리현대,3,,
1279,서강대학교 박물관,8,,
1280,롯데시네마 노원,2,,
1281,상봉시네마,2,,
1282,전기박물관,3,,
1283,영산양재홀,2,,
1284,서울암사동유적,3,,
1285,부암아트,2,,
1286,언더스탠드에비뉴,7,,
1287,서울역사편찬원,8,,
1288,강남구립도곡정보문화도서관,4,,
1289,신문박물관PRESSEUM,3,,
1290,갤러리세줄,3,,
1291,서울아트시네마,2,,
1292,조계사,8,,
1293,세실극장,2,,
1294,김세중미술관,3,,
1295,Art Space Loo,3,,
1296,삼각산시민청 2동,8,,
1297,삼청각,6,,
1298,일민미술관,3,,
1299,성북예술창작터,3,,
1300,밀알학교 세라믹 팔레스홀,8,,
1301,금나래갤러리,3,,
1302,송파어린이도서관,4,,
1303,가톨릭대학교 전례박물관,8,,
1304,충무로영상센터 오!재미동,3,,
1305,옹기테마공원 체험장,1,,
1306,연희문학창작촌,7,,
1307,성북선잠박물관,3,,
1308,경향아트힐,2,,
1309,구립상림도서관,4,,
1310,두산갤러리,3,,
1311,마포구립서강도서관,4,,
1312,경희대학교 자연사박물관,8,,
1313,우면산관문사,8,,
1314,까망돌도서관,4,,
1315,동덕여자대학교 박물관,8,,
1316,신당창작아케이드,7,,
1317,주한이탈리아문화원,5,,
1318,주한일본대사관 공보문화원,5,,
1319,주한중국문화원,5,,
1320,경인미술관,3,,
1321,CKL스테이지,2,,
1322,구로구립하늘도서관,4,,
1323,구로구립궁동어린이도서관,4,,
1324,문래예술공장,7,,
1325,반포잠원교육지원센터,5,,
1326,성암아트홀,1,,
1327,파랑새극장,2,,
1328,관훈갤러리,3,,
1329,금호미술관,3,,
1330,정독도서관,4,,
1331,국립중앙박물관 극장 용,3,,
1332,숙명여자대학교 박물관,8,,
1333,토탈미술관,3,,
1334,열린극장,2,,
1335,양천문화회관,2,,
1336,강남도서관,4,,
1337,강동도서관,4,,
1338,강북문화정보도서관,4,,
1339,어반아트,3,,
1340,갤러리미즈,3,,
1341,블루레인 라운지,6,,
1342,아트사이드 갤러리,3,,
1343,동숭아트센터,2,,
1344,이화여자대학교 자연사박물관,8,,
1345,노원평생학습관,5,,
1346,롯데화랑(본점),3,,
1347,노원어린이극장,2,,
1348,영산아트홀,2,,
1349,소마미술관,3,,
1350,초전섬유 퀼트박물관,3,,
1351,동산방화랑,3,,
1352,육군박물관,3,,
1353,예술의 전당,2,,
1354,연우소극장,2,,
1355,조선일보미술관,3,,
1356,조형갤러리,3,,
1357,카이스갤러리,3,,
1358,백암아트홀,2,,
1359,뮤지컬점프,2,,
1360,PKM 갤러리,3,,
1361,모차르트홀,2,,
1362,서울월드컵경기장,1,,
1363,갤러리 룩스,3,,
1364,대한극장,2,,
1365,표갤러리,3,,
1366,예화랑,3,,
1367,성곡미술관,3,,
1368,대학로연습실,7,,
1369,국립국악원,2,,
1370,국립극장,2,,
1371,국립서울과학관,5,,
1372,서울대학교 치의학대학원 치의학박물관,8,,
1373,금호아트홀 연세,2,,
1374,나루아트센터,2,,
1375,극단 대학로극장,2,,
1376,갤러리원,3,,
1377,대림미술관,3,,
1378,아트센터 나비,3,,
1379,명동대성당 꼬스트홀,2,,
1380,선화랑,3,,
1381,한국영화박물관,3,,
1382,세계장신구박물관,3,,
1383,서울약령시한의약박물관,3,,
1384,환기미술관,3,,
1385,북촌박물관,3,,
1386,영인문학관,3,,
1387,연세대학교신촌캠퍼스박물관,3,,
1388,숙명여자대학교 정영양자수박물관,8,,
1389,백범김구기념관,3,,
1390,보나장신구박물관,3,,
1391,한국불교역사 문화기념관,3,,
1392,상명대학교 박물관,8,,
1393,서울돈화문국악당,2,,
1394,용산문화원,5,,
1395,롯데월드 어드벤처,5,,
1396,호림박물관,3,,
1397,서대문형무소역사관,3,,
1398,삼일로창고극장,2,,
1399,인사아트프라자갤러리,3,,
1400,샤롯데씨어터,2,,
1401,명원박물관,3,,
1402,소월아트홀,2,,
1403,생명과학박물관,3,,
1404,고려대학교 박물관,8,,
1405,금천마을활력소 어울샘,8,,
1406,두산아트센터 스페이스111,2,,
1407,아트숨비센터 ,7,,
1408,무빙아트미술교육원 ,5,,
1409,대안공간 ○:PEN,2,,
1410,서울풍물시장 청춘일번가,8,,
1411,서울생활문화센터 체부,7,,
1412,서울도시건축전시관,3,,
1413,슈페리어갤러리,3,,
1414,서울생활문화센터 낙원,7,,
1415,플랫폼창동61,8,,
1416,구로구립 꿈마을도서관,4,,
1417,평촌아트홀,2,,
1418,종로구립 고희동미술관,3,,
1419,갤러리 구루지,3,,
1420,SPACE 1257,6,,
1421,세계골프역사박물관,3,,
1422,경춘선숲길 갤러리,3,,
1423,국립중앙박물관,3,,
1424,청춘극장,2,,
1425,서울우리소리박물관,3,,
1426,대방어린이도서관,4,,
1427,광진숲나루,1,,
1428,북촌전통공예체험관,5,,
1429,함석헌기념관,3,,
1430,SeMA 벙커,3,,
1431,다문화박물관,3,,
1432,갤러리 히든플레이스,3,,
1433,서울광장,1,,
1434,갤러리240,3,,
1435,장디자인아트 JeanDesignArt,3,,
1436,청화랑,3,,
1437,북서울꿈의숲아트센터 드림갤러리,3,,
1438,남산 소나무 힐링숲,1,,
1439,국사봉숲속작은도서관,4,,
1440,남산공원 호현당,1,,
1441,호리아트스페이스,3,,
1442,전태일기념관,3,,
1443,동작아트갤러리,3,,
1444,북서울꿈의숲아트센터,1,,
1445,이한열기념관,3,,
1446,유니플렉스,2,,
1447,선돌극장 (예술 공연장),2,,
1448,동작문화원,5,,
1449,충무아트센터,2,,
1450,국립중앙도서관 실감서재,4,,
1451,구로기적의도서관,4,,
1452,브랜뉴디지털아트갤러리,3,,
1453,오류역 문화공원,1,,
1454,기생충박물관,3,,
1455,사당솔밭도서관,4,,
1456,서울놀이마당,2,,
1457,경교장(사적 제465호),3,,
1458,하라스튜디오,7,,
1459,동작어린이도서관,4,,
1460,도봉구민청 1층 갤러리,3,,
1461,약수도서관,4,,
1462,불암도서관,4,,
1463,아티스탄홀,2,,
1464,마루아트홀,2,,
1465,북촌한옥역사관,3,,
1466,경의선 책거리,8,,
1467,서울기록원,8,,
1468,서울시청 하늘광장 갤러리,1,,
1469,상계예술마당,7,,
1470,사육신역사관,3,,
1471,동작샘터도서관,4,,
1472,문화공간 정담,7,,
1473,강남힐링센터(코엑스),7,,
1474,중랑아트센터,3,,
1475,답십리영화미디어아트센터,2,,
1476,국립극장,2,,
1477,김영삼도서관,4,,
1478,청계천박물관 ,3,,
1479,성북문화원,5,,
1480,음악플러스 아트홀,2,,
1481,양천중앙도서관,4,,
1482,김근태기념도서관,4,,
1483,송파문화재단,7,,
1484,송원아트센터,3,,
1485,서울에너지드림센터,5,,
1486,구캔갤러리,3,,
1487,금천뮤지컬센터,2,,
1488,강남구립열린도서관,4,,
1489,맛동,5,,
1490,제1서울창의예술교육센터 ,5,,
1491,삼원갤러리,3,,
1492,한양도성 유적전시관,3,,
1493,스페이스 이수 ,3,,
1494,신도림 문화공간 다락,7,,
1495,감정서가 (서울예술교육센터),5,,
1496,학마을도서관,4,,
1497,두손 갤러리,3,,
1498,서울관광플라자,7,,
1499,ADM 갤러리,3,,
1500,올리비아 박갤러리,3,,
1501,금천구립시흥도서관,4,,
1502,서울공예박물관,3,,
1503,근현대사기념관 ,3,,
1504,신한갤러리,3,,
1505,김중업 건축문화의집,3,,
1506,광진어린이공연장,2,,
1507,드플로허,7,,
1508,개울건강도서관,4,,
1509,재단법인 동작문화재단,7,,
1510,강동문화재단,7,,
1511,강남씨어터,2,,
1512,금나래아트홀,2,,
1513,광화문광장,1,,
1514,라움아트센터,7,,
1515,클라라 아트홀,2,,
1516,관악아트홀,2,,
1517,종로문화재단,7,,
1518,KB 청춘마루,7,,
1519,G밸리산업박물관,3,,
1520,무중력지대 도봉,7,,
1521,씨알방학간,7,,
1522,크리에이터스 스페이스,7,,
1523,다울작은도서관,4,,
1524,관악문화재단,7,,
1525,도봉문화재단,7,,
1526,둘리뮤지엄,3,,
1527,서울새활용플라자,7,,
1528,창동역 1번출구 광장,1,,
1529,파리공원 야외공연장,2,,
1530,아차산숲속도서관,4,,
1531,인사1010 갤러리,3,,
1532,신림다목적체육센터,1,,
1533,서초구립양재도서관,4,,
1534,한식문화공간 이음,7,,
1535,만천명월예술인家,7,,
1536,도봉아이나라도서관,4,,
1537,중곡문화체육센터도서관,4,,
1538,종로구립 박노수미술관,3,,
1539,소나무언덕4호작은도서관,4,,
1540,케이움 갤러리 ,3,,
1541,문화실험공간 호수 ,7,,
1542,종로 아이들극장,2,,
1543,서울아트책보고,7,,
1544,송파위례도서관,4,,
1545,동방뮤지컬컴퍼니,2,,
1546,서울어린이대공원 열린무대,1,,
1547,세종뮤지엄갤러리,3,,
1548,구립영등포아트스퀘어 ,7,,
1549,한국점자도서관,4,,
1550,YK Presents,3,,
1551,청운문학도서관,4,,
1552,느티나무어린이도서관,4,,
1553,오류아트홀,2,,
1554,강남구립개포하늘꿈도서관,4,,
1555,미감도서관,4,,
1556,세종대학교 박물관,8,,
1557,중랑장미공원,1,,
1558,서울시립 미술아카이브,3,,
1559,마포중앙도서관 갤러리,4,,
1560,삼성출판박물관,3,,
1561,서초구립잠원도서관,4,,
1562,구의제3동도서관,4,,
1563,정효아트홀,2,,
1564,예빛섬,1,,
1565,세종아트갤러리,3,,
1566,구로도서관,4,,
1567,은평구평생학습관,5,,
1568,임수빈갤러리,3,,
1569,구립응암정보도서관,4,,
1570,갤러리광화,3,,
1571,서울어린이대공원 숲속의무대,1,,
1572,상촌재,7,,
1573,자양한강도서관,4,,
1574,소나무언덕2호도서관,4,,
1575,소나무언덕잠실본동도서관,4,,
1576,갤러리 인덱스,3,,
1577,공근혜갤러리 K.O.N.G. GALLERY,3,,
1578,백남준기념관,3,,
1579,IPAC아트홀,7,,
1580,북서울꿈의숲,1,,
1581,원당마을한옥도서관,4,,
1582,군자동도서관,4,,
1583,경희대학교 중앙박물관,8,,
1584,이스라엘문화원,5,,
1585,경동시장 청년몰,8,,
1586,청년공간 바라,7,,
1587,연희예술극장,2,,
1588,계동배렴가옥,3,,
1589,송파구민회관,8,,
1590,아트잠실,3,,
1591,흥인지문,3,,
1592,싱글벙글교육센터,5,,
1593,블루스퀘어,2,,
1594,금빛공원 야외공연장,1,,
1595,백인제가옥,3,,
1596,북촌한옥청,8,,
1597,여의도공원,1,,
1598,가회민화박물관,3,,
1599,흑석체육센터,1,,
1600,서울시농수산식품공사 가락몰 쿠킹스튜디오,5,,
1601,서울예술교육센터,5,,
1602,마포평생학습관 마포리움,4,,
1603,서울대학교 미술관,8,,
1604,서울거리예술창작센터,8,,
1605,신촌문화발전소,7,,
1606,소나무언덕1호작은도서관,4,,
1607,강서구민회관,8,,
1608,공간 630,5,,
1609,앤스 갤러리 카페(Ns Cafe),6,,
1610,창경궁,3,,
1611,캔버스N 갤러리,3,,
1612,정동1928 아트센터,7,,
1613,아르코예술기록원,7,,
1614,성북정보도서관,4,,
1615,북촌도시재생지원센터 가회동 공공한옥,8,,
1616,노원구민의전당,8,,
1617,동대문구정보화도서관,4,,
1618,강남전시실,3,,
1619,석촌호수 아뜰리에,2,,
1620,동대문구답십리도서관,4,,
1621,유니버설아트센터,2,,
1622,성수 산업혁신공간,7,,
1623,청춘삘딩,7,,
1624,신영시장,8,,
1625,N서울타워,8,,
1626,창덕궁 돈화문,3,,
1627,아트룸블루,7,,
1628,중랑구립면목정보도서관,4,,
1629,석촌호수 아뜰리에,2,,
1630,서울생활문화센터 신도림,7,,
1631,거암아트홀,2,,
1632,용마폭포공원,1,,
1633,송파어린이영어도서관,4,,
1634,꿈의숲아트센터 퍼포먼스홀,2,,
1635,돌마리도서관,4,,
1636,단막극장,2,,
1637,하남문화예술회관 ,2,,
1638,서울특별시농업기술센터,8,,
1639,성수문화예술마당,7,,
1640,서울시립교향악단,2,,
1641,마을극장 흰고무신,8,,
1642,CN갤러리 (충남문화예술 서울전시장),8,,
1643,마루아트센터,3,,
1644,카페 쓸,6,,
1645,알부스갤러리,3,,
1646,삼각산시민청 1동,7,,
1647,총신대학교 백남조 기념홀,8,,
1648,상상비즈아카데미,7,,
1649,글빛정보도서관,4,,
1650,문화일보홀(현 청춘극장),2,,
1651,JCC 아트센터,2,,
1652,배재학당역사박물관,3,,
1653,눈스퀘어,7,,
1654,상도어울마당 아트홀,2,,
1655,홍난파가옥,3,,
1656,표현하다 스튜디오,7,,
1657,송파문화원,5,,
1658,강동아트센터,2,,
1659,해바라기 소극장,2,,
1660,뚝섬한강공원,1,,
1661,강남구립즐거운도서관,4,,
1662,강북문화예술회관,2,,
1663,서울로미디어캔버스,3,,
1664,짚풀생활사박물관,3,,
1665,서울성북미디어문화마루 꿈빛극장,2,,
1666,갤러리 모나리자 산촌,3,,
1667,강동성심병원,8,,
1668,목동운동장,1,,
1669,강동구립해공도서관,4,,
1670,건강힐링센터,1,,
1671,삼각산금암미술관,3,,
1672,프로타주 갤러리,3,,
1673,돈의문박물관마을,8,,
1674,이진아기념도서관,4,,
1675,홍익대학교 박물관,8,,
1676,낙성대공원,1,,
1677,문화역서울284,7,,
1678,청년예술청 SAPY,7,,
1679,돌곶이생활예술문화센터,7,,
1680,화정박물관,3,,
1681, 황학정 국궁전시관,3,,
1682,국립극단 명동예술극장,2,,
1683,삼청공원,1,,
1684,아르코예술극장,2,,
1685,삼태기숲,1,,
1686,한국의 집 민속극장,2,,
1687,보신각,3,,
1688,우정총국,3,,
1689,ANDNEW GALLERY(앤드뉴 갤러리),3,,
1690,간송옛집,3,,
1691,한강공원,1,,
1692,용산역사박물관,3,,
1693,G밸리창업복지센터,5,,
1694,열린송현녹지광장,1,,
1695,창신소통공작소,7,,
1696,샬트르성바오로수녀회 역사박물관,3,,
1697,국립서울현충원,8,,
1698,갤러리필로소피,3,,
1699,아리랑 씨네센터,2,,
1700,카페프로젝트이응,6,,
1701,반포한강공원,1,,
1702,연세대학교,8,,
1703,에프레미디스,3,,
1704,콘래드 서울 호텔,8,,
1705,선농단역사문화관,3,,
1706,서울디자인창업센터,5,,
1707,원당샘공원,1,,
1708,수림큐브,7,,
1709,심산기념문화센터,7,,
1710,올림픽공원,1,,
1711,복합문화공간 홍대스페이스M ,7,,
1712,고덕평생학습관,5,,
1713,알비 (ARBY),3,,
1714,명보아트홀,2,,
1715,시그니처 키친 스위트 청담,6,,
1716,KP Gallery,3,,
1717,대학로극장 쿼드,2,,
1718,관천로 문화플랫폼 S1472,7,,
1719,마포중앙도서관,4,,
1720,캔버스N 갤러리,3,,
1721,서울숲 생활문화센터,5,,
1722,서서울호수공원,1,,
1723,대한성공회 서울주교좌성당,8,,
1724,수유문화정보센터,4,,
1725,서울숲야외무대,2,,
1726,스페이스K 서울,3,,
1727,서울애니메이션센터,4,,
1728,청계광장,1,,
1729,용산어린이정원,1,,
1730,무계원,7,,
1731,금천문화원,5,,
1732,아트스페이스 보안1942(통의동 보안여관),3,,
1733,서울문화재단 대학로센터(예술청),7,,
1734,서리풀청년아트센터,7,,
1735,갤러리자유(Gallery Jayu),3,,
1736,목동종합운동장실내아이스링크,1,,
1737,문화비축기지,7,,
1738,오유아트홀,2,,
1739,강서도서관,4,,
1740,관악중앙도서관,4,,
1741,서울식물원,1,,
1742,YDP창의예술교육센터,5,,
1743,송파글마루도서관,4,,
1744,영등포평생학습관,5,,
1745,서소문성지 역사박물관,3,,
1746,서울마포음악창작소,7,,
1747,반포대로 ,8,,
1748,중랑캠핑숲,8,,
1749,서울시립대학교 박물관,8,,
1750,월드컵공원,1,,
1751,갤러리 조은,3,,
1752,서초구청,8,,
1753,중랑상봉도서관,4,,
1754,서울시립대학교,8,,
1755,동국대학교 박물관,8,,
1756,정동제일교회,8,,
1757,롯데시네마 가산디지털점,8,,
1758,해창양복점,8,,미래유산
1759,한영양복점,8,,미래유산
1760,상동교회(구 새로나백화점),8,,미래유산
1761,라 칸티나,6,,미래유산
1762,남대문시장,8,,미래유산
1763,홍대 앞 서교 365,8,,미래유산
1764,경춘선 폐철도노선,8,,미래유산
1765,연남동 기사식당 거리,8,,미래유산
1766,서울화력발전소(당인리발전소),8,,미래유산
1767,남대문 지하보도,8,,미래유산
1768,남대문교회,8,,미래유산
1769,서울역 고가도로,8,,미래유산
1770,서울역광장,1,,미래유산
1771,서울풍물시장,8,,미래유산
1772,청계천 고가도로 존치 기념물,3,,미래유산
1773,동대문패션타운,8,,미래유산
1774,청계천 헌책방거리,8,,미래유산
1775,신평화시장,8,,미래유산
1776,윤극영 가옥,3,,미래유산
1777,국립 4.19민주묘지,8,,미래유산
1778,이마트 창동점,8,,미래유산
1779,남정현 가옥,3,,미래유산
1780,함석헌 가옥,3,,미래유산
1781,독다방(구 독수리다방),6,,미래유산
1782,미네르바,6,,미래유산
1783,공씨책방,4,,미래유산
1784,홍익문고,4,,미래유산
1785,세실극장,2,,미래유산
1786,삼일로 창고극장,2,,미래유산
1787,허리우드극장,2,,미래유산
1788,정동극장,2,,미래유산
1789,한신옹기,8,,미래유산
1790,해방촌 108계단,8,,미래유산
1791,해방촌,8,,미래유산
1792,포린북스토어,4,,미래유산
1793,이태원 앤틱 가구거리,8,,미래유산
1794,금성부동산,8,,미래유산
1795,윤중제,8,,미래유산
1796,국회의사당,8,,미래유산
1797,여의도공원,1,,미래유산
1798,여의도 지하벙커,3,,미래유산
1799,한국거래소,8,,미래유산
1800,문화옥,6,,미래유산
1801,우래옥,6,,미래유산
1802,관수동 명패골목,8,,미래유산
1803,베를린 광장,1,,미래유산
1804,31빌딩(구 삼일로빌딩),8,,미래유산
1805,관철동의 도시조직,8,,미래유산
1806,보신각타종,5,,미래유산
1807,우정총국 회화나무,8,,미래유산
1808,인사동 한옥밀집지역,8,,미래유산
1809,선천집,6,,미래유산
1810,카페 귀천,6,,미래유산
1811,통인화랑,3,,미래유산
1812,구하산방,8,,미래유산
1813,이문설농탕,6,,미래유산
1814,수도약국,8,,미래유산
1815,"NH농협은행 종로금융센터(구 조선일보,조선중앙일보 사옥)",8,,미래유산
1816,통문관,4,,미래유산
1817,이태준 달밤의 산실(수연산방),6,,미래유산
1818,쌍다리 식당,6,,미래유산
1819,선잠제향,8,,미래유산
1820,성북동 국시집,6,,미래유산
1821,나폴레옹 과자점,6,,미래유산
1822,성수목욕탕,8,,미래유산
1823,서울경찰기마대,8,,미래유산
1824,구두제조업(성수동일대),8,,미래유산
1825,한양대학교 박물관,3,,미래유산
1826,도림동 성당,8,,미래유산
1827,수정여관,8,,미래유산
1828,1차 금속제조업 (문래동영단주택단지일대),8,,미래유산
1829,OB맥주 담금솥,3,,미래유산
1830,서울역광장,1,,미래유산
1831,서울광장,1,,미래유산
1832,세실극장,2,,미래유산
1833,세종문화회관,2,,미래유산
1834,옛 부민관,8,,미래유산
1835,도로원표(칭경기념비전 내),3,,미래유산
1836,세종로 이순신 동상,3,,미래유산
1837,통의동 동척 관사,8,,미래유산
1838,통의동 보안여관,8,,미래유산
1839,서촌 한옥밀집지역,8,,미래유산
1840,이상의 집,3,,미래유산
1841,통인시장,8,,미래유산
1842,윤동주하숙집터,8,,미래유산
1843,배화여고 캠벨 기념관,8,,미래유산
1844,수연산방,6,,미래유산
1845,북정마을과 한양도성,8,,미래유산
1846,삼청각,6,,미래유산
1847,길상사(구 대원각),8,,미래유산
1848,간송미술관,3,,미래유산
1849,최순우옛집,8,,미래유산
1850,만해한용운심우장,3,,미래유산
1851,이화동 벽화마을,8,,미래유산
1852,이화동 낙산 국민주택단지,8,,미래유산
1853,마로니에공원,1,,미래유산
1854,이화장,3,,미래유산
1855,아르코 예술극장,2,,미래유산
1856,학림다방,6,,미래유산
1857,서울대학병원,8,,미래유산
1858,공간건축(한식문화공간 이음),3,,미래유산
1859,춘곡 고희동 가옥,3,,미래유산
1860,계동 48-12 건물군,8,,미래유산
1861,북촌 한옥밀집지역,8,,미래유산
1862,경복궁,3,,미래유산
1863,기기국번사창,3,,미래유산
1864,운현궁,3,,미래유산
1865,종묘,3,,미래유산
1866,전태일 분신장소,8,,미래유산
1867,창신동 봉제마을,8,,미래유산
1868,평화시장,8,,미래유산
1869,보신각,3,,미래유산
1870,보신각 앞 지하철 수준점,3,,미래유산
1871,피맛골,8,,미래유산
1872,성수대교 참사 희생자 위령탑,3,,미래유산
1873,국립서울현충원,8,,미래유산
1874,63한화생명빌딩,8,,미래유산
1875,구로공단 노동자생활 체험관 (순이의 집),3,,미래유산
1876,삼풍참사위령탑,3,,미래유산
1877,서울고속버스터미널,8,,미래유산
1878,경교장,3,,미래유산
1879,4.19혁명기념도서관,4,,미래유산
1880,옛 부민관,8,,미래유산
1881,서울광장,1,,미래유산
1882,환구단,3,,미래유산
1883,세실극장,2,,미래유산
1884,덕수궁 중명전,3,,미래유산
1885,서울종합방재센터(옛 안기부 청사),8,,미래유산
1886,남산원 본관,8,,미래유산
1887,한양공원 비,3,,미래유산
1888,조선신궁터,3,,미래유산
1889,옛 어린이회관,8,,미래유산
1890,회현 제2시민아파트,8,,미래유산
1891,남산육교,8,,미래유산
1892,국립극장,2,,미래유산
1893,옛 타워호텔(반얀트리 클럽 스파 서울),8,,미래유산
1894,자유센터(한국자유총연맹),8,,미래유산
1895,광희문,3,,미래유산
1896,장충동 족발골목,8,,미래유산
1897,박문사 터와 장충단,8,,미래유산
1898,장충체육관,1,,미래유산
1899,장충테니스장,1,,미래유산
1900,장충리틀야구장,1,,미래유산
