category_id,분류,course_name,name,price,district,address,duration_time,order_number,work_time,x 좌표,y 좌표,phone_number,image_url,page_url,description
,쇼핑,시장부터 식사까지 경험하는 서울시민의 일상,해창양복점,유료,중구,중구 남대문로7길 33,3시간,3,,126.980015,126.980015,02-776-1667,https://upload.wikimedia.org/wikipedia/commons/thumb/b/bf/Inside_of_haechang_bespoke_tailor.jpg/800px-Inside_of_haechang_bespoke_tailor.jpg,,
,쇼핑,시장부터 식사까지 경험하는 서울시민의 일상,한영양복점,유료,중구,중구 퇴계로20길 2,3시간,0,,126.985436,126.985436,02-2266-0870,https://img.khan.co.kr/news/2017/12/03/l_2017120201000215800011504.webp,,
,종교,시장부터 식사까지 경험하는 서울시민의 일상,상동교회(구 새로나백화점),무료,중구,중구 남대문로 30,3시간,1,,126.979047,126.979047,,https://img.khan.co.kr/news/2020/03/23/l_2020032301002959900240628.jpg,,
,맛집,시장부터 식사까지 경험하는 서울시민의 일상,라 칸티나,유료,중구,중구 을지로 19,3시간,4,,126.979956,126.979956,02-777-2580,https://mblogthumb-phinf.pstatic.net/MjAxOTAyMjJfNDcg/MDAxNTUwNzk5MTc1NzM5.Lhmz2cMmrMsjfz4oWBwiN4Oh3A6y6NfiHmp-aQn0KrMg.sGcz9JN29WsmmYqIqoEtnBYWP8aSblJWN5fES1Bw4ewg.JPEG.roaltlf/04.%EB%9D%BC%EC%B9%B8%ED%8B%B0%EB%82%98.jpg?type=w420,,
,시장,시장부터 식사까지 경험하는 서울시민의 일상,남대문시장,무료,중구,중구 남대문시장4길 21,3시간,2,,126.977284,126.977284,02-753-2805,https://post-phinf.pstatic.net/MjAyMTEyMDlfMzYg/MDAxNjM5MDE1OTQxNzY2.WVaZJZYUNWcnES2xVCQC3QX4xS73fk_59uzRAVj0QUwg.vT0yKQiz6jnKVOZuXLBNzoxzJQuV53s0xMNTgQGMTRkg.JPEG/2021120802263_0.jpg?type=w800_q75,,
,기타,두 손 두 발 가볍게 경의선 나들이,홍대 앞 서교 365,무료,마포구,마포구 홍익로3길 1,3시간,3,,126.922427,126.922427,02-3141-1084,https://futureheritage.seoul.go.kr/HeritageImg/heritage/2013291/jpg/2013291_001.jpg,,
,기타,두 손 두 발 가볍게 경의선 나들이,경춘선 폐철도노선,무료,노원구,노원구 공릉로55길 88 인근,3시간,0,,127.0689537,127.0689537,,https://cdn.emetro.co.kr/data2/content/image/2020/11/01/.cache/512/20201101500226.jpg,,
,기타,두 손 두 발 가볍게 경의선 나들이,연남동 기사식당 거리,무료,마포구,연남파출소 기준 좌측 연남로 400m,3시간,1,,126.924205,126.924205,02-325-8727,https://futureheritage.seoul.go.kr/HeritageImg/heritage/20171016174124_01.png,,
,기타,두 손 두 발 가볍게 경의선 나들이,서울화력발전소(당인리발전소),무료,마포구,마포구 토정로 56,3시간,2,,126.916417,126.916417,,https://i.namu.wiki/i/6ooMiWfD1zopoLbiJrajytB8qlYC13W-XPjKbAoNmmnVPSFFifmeembJT8feesdee8GtFEyQjZT4nXMvEAWmzg.webp,,
,기타,서울의 야경명소,남대문 지하보도,무료,중구,중구 세종대로 50,3시간,3,,126.97624,126.97624,02-778-0001,https://mediahub.seoul.go.kr/wp-content/uploads/editor/images/000215/DSC02518.jpg,,
,종교,서울의 야경명소,남대문교회,무료,중구,중구 퇴계로 6,3시간,2,,126.974803,126.974803,02-753-6343,https://futureheritage.seoul.go.kr/HeritageImg/heritage/2013045/jpg/2013045_001.jpg,,
,거리,서울의 야경명소,서울역 고가도로,무료,중구,중구 통일로 1 일대,3시간,1,,126.971671,126.971671,02-3407-3500,https://futureheritage.seoul.go.kr/HeritageImg/heritage/20171016154214_01.png,,
,광장,서울의 야경명소,서울역광장,무료,용산구,용산구 한강대로 405,3시간,0,,126.971584,126.971584,,https://www.sisa-news.com/data/photos/20180833/art_153414717394_620abb.jpg,,
,시장,청계천을 따라 걸으며 느끼는 가을의 정취,서울풍물시장,무료,동대문구,동대문구 천호대로4길 21,3시간,4,,127.025501,127.025501,02-2232-3367,https://minio.nculture.org/amsweb-opt/multimedia_assets/46/27584/12098/c/27584-full-size.jpg,,
,기타,청계천을 따라 걸으며 느끼는 가을의 정취,청계천 고가도로 존치 기념물,무료,동대문구,서울 동대문구 청계천로7길 2,3시간,3,,127.019417,127.019417,,https://mblogthumb-phinf.pstatic.net/MjAyMTEyMzBfMTQ0/MDAxNjQwODQxODQyMzc3.ARxclt6UiGZcYrhZ_64_pxOL42qAcQJVY2Q9xYwqiaMg.MGSR4io060CdGz2MizyxoIF5hEeW7qRgRRjPo5bK3WAg.JPEG.mismatch55/20211222%EF%BC%BF155046.jpg?type=w800,,
,기타,청계천을 따라 걸으며 느끼는 가을의 정취,동대문패션타운,무료,중구,중구 장충단로 263,3시간,1,,127.0086869,127.0086869,02-6262-4156,https://futureheritage.seoul.go.kr/HeritageImg/heritage/2013077/jpg/2013077_001.jpg,,
,기타,청계천을 따라 걸으며 느끼는 가을의 정취,청계천 헌책방거리,무료,중구,중구 청계천로 274 평화시장 내,3시간,0,,127.007719,127.007719,02-2275-5886,https://dimg.donga.com/ugc/CDB/SHINDONGA/Article/5d/ba/2e/51/5dba2e510db3d2738de6.jpg,,
,시장,청계천을 따라 걸으며 느끼는 가을의 정취,신평화시장,무료,중구,중구 청계천로 298,3시간,2,,127.01107,127.01107,02-2253-0714,https://images.chosun.com/resizer/Zl4G-6GEFMdTB5CqpQlYX767wbg=/616x0/smart/cloudfront-ap-northeast-1.images.arcpublishing.com/chosun/S3BU74OGQVD7PFKRSKOGIFKPLU.jpg,,
,기타,민주주의를 위한 함성 4.19 혁명,윤극영 가옥,무료,강북구,강북구 인수봉로84길 5,3시간,1,,127.0109,127.0109,,https://mediahub.seoul.go.kr/uploads/mediahub/2023/02/QyAiaxrXdhMjmCTkXznJwLiImuJfFYCk.JPG,,
,기타,민주주의를 위한 함성 4.19 혁명,국립 4.19민주묘지,무료,강북구,강북구 4.19로8길 17,3시간,0,,127.008147,127.008147,02-996-0419,https://cphoto.asiae.co.kr/listimglink/1/2021033108244157854_1617146682.jpg,,
,기타,쌍문동 역사 문학투어,이마트 창동점,무료,도봉구,도봉구 노해로65길 4,3시간,0,,127.047326,127.047326,02-901-1234,https://image.edaily.co.kr/images/Photo/files/NP/S/2017/11/PS17111900028.jpg,,
,기타,쌍문동 역사 문학투어,남정현 가옥,무료,도봉구,도봉구 도봉로109길 19-4,3시간,1,,127.031972,127.031972,,https://enews.dobong.go.kr/images/newshome/edupia/202008/202008_img6_9.jpg,,
,기타,쌍문동 역사 문학투어,함석헌 가옥,무료,도봉구,도봉구 도봉로123길 33-6,3시간,2,,127.034839,127.034839,,https://kid.chosun.com/site/data/img_dir/2021/12/19/2021121901083_1.jpg,,
,카페,책과 커피가 함께하는 신촌의 가을 감성,독다방(구 독수리다방),유료,서대문구,서대문구 연세로 36,3시간,0,,126.93724,126.93724,,https://futureheritage.seoul.go.kr/HeritageImg/heritage/2014015/jpg/2014015_001.jpg,,
,카페,책과 커피가 함께하는 신촌의 가을 감성,미네르바,유료,서대문구,서대문구 명물길 18,3시간,1,,126.937856,126.937856,02-3147-1327,https://mblogthumb-phinf.pstatic.net/MjAyMTAxMTlfMjI5/MDAxNjExMDM4ODY2MDE1.3k1ggH7XhKYK_S3ixB_tQ0N81KWkVnsoWpUJiDRVTqMg.LC-bfIfGetR0QGQ7612fAc6EuMM_I5fjJkyKt5sYzfIg.JPEG.cinca01/KakaoTalk_20210119_152954616_15.jpg?type=w800,,
,서점,책과 커피가 함께하는 신촌의 가을 감성,공씨책방,무료,서대문구,서대문구 신촌로 51 / 성동구 성수동1가 671-6 서울숲IT캐슬 106호,3시간,2,,126.932275,126.932275,02-336-3058,https://mediahub.seoul.go.kr/wp-content/uploads/editor/images/000343/%EC%84%9C%EC%9A%B8%EB%AF%B8%EB%9E%98%EC%9C%A0%EC%82%B06_1.jpg,,
,서점,책과 커피가 함께하는 신촌의 가을 감성,홍익문고,무료,서대문구,서대문구 연세로 2,3시간,3,,126.937057,126.937057,02-392-2020,https://mediahub.seoul.go.kr/wp-content/uploads/editor/images/000343/%EC%84%9C%EC%9A%B8%EB%AF%B8%EB%9E%98%EC%9C%A0%EC%82%B03.jpg,,
,극장,"그 시절 서울, 추억을 파는 극장으로 초대합니다.",세실극장,유료,중구,중구 세종대로19길 16,3시간,1,,126.976565,126.976565,02-751-1500,https://img0.yna.co.kr/etc/inner/KR/2017/12/29/AKR20171229045400005_01_i_P4.jpg,,
,극장,"그 시절 서울, 추억을 파는 극장으로 초대합니다.",삼일로 창고극장,유료,중구,중구 삼일대로9길 12,3시간,2,,126.987911,126.987911,02-3789-9640,https://cdn.mhns.co.kr/news/photo/202202/521031_631079_2346.jpg,,
,극장,"그 시절 서울, 추억을 파는 극장으로 초대합니다.",허리우드극장,유료,종로구,종로구 삼일대로 428,3시간,3,,126.987901,126.987901,02-3672-4232,https://mblogthumb-phinf.pstatic.net/MjAxOTExMjBfMjA0/MDAxNTc0MjU5MjQwNDc1.PQGy4rk8382hfgJcrLSdGD8eX3ogNR30MQHfoX9j-cwg.SKgtwDDXethhVNcu6zV0G2Fp6-f9x5zk3x27_MSBrvwg.JPEG.glimyeo/%ED%97%88%EB%A6%AC%EC%9A%B0%EB%93%9C-1.jpg?type=w800,,
,극장,"그 시절 서울, 추억을 파는 극장으로 초대합니다.",정동극장,유료,중구,중구 정동길 43,3시간,0,,126.972849,126.972849,02-751-1500,https://img.seoul.co.kr//img/upload/2017/09/13/SSI_20170913171249.jpg,,
,쇼핑,과거도 지금도 핫플장소! 용산 이태원 투어,한신옹기,,용산구,서울 용산구 신흥로 7,3시간,2,,126.986503,126.986503,02-794-3687,https://img.seoul.co.kr/img/upload/2018/11/14/SSI_20181114172129_O2.jpg,,
,거리,과거도 지금도 핫플장소! 용산 이태원 투어,해방촌 108계단,무료,용산구,용산구 신흥로36길 일대,3시간,4,,126.98201,126.98201,,https://lh4.googleusercontent.com/5QY3kMmGEm9g264Zyy0Tv44DKl91yqyPZkDXFC0jycWksf16Q0PaRcURFzX4Ia42L-d2DEvX4IyupZ8YRBkRpZNargJ-snODVxMzHqdstWguLfg5QuDHffo4eVAvpGaIwUP9DlMN,,
,거리,과거도 지금도 핫플장소! 용산 이태원 투어,해방촌,무료,용산구,용산구 신흥로11나길 22 일대,3시간,3,,126.98547,126.98547,02-772-9595,https://futureheritage.seoul.go.kr/HeritageImg/heritage/2013283/jpg/2013283_001.jpg,,
,서점,과거도 지금도 핫플장소! 용산 이태원 투어,포린북스토어,무료,용산구,용산구 녹사평대로 208,3시간,1,,126.987213,126.987213,02-793-8249,https://newsimg.hankookilbo.com/2015/12/23/201512232094003656_2.jpg,,
,거리,과거도 지금도 핫플장소! 용산 이태원 투어,이태원 앤틱 가구거리,무료,용산구,"용산구 보광로 90~119, 녹사평대로26길 24~97",3시간,0,,126.992166,126.992166,,https://korean.visitseoul.net/comm/getImage?srvcId=POST&parentSn=2051&fileTy=POSTTHUMB&fileNo=1,,
,명소,여의도 도심 산책,금성부동산,무료,영등포구,영등포구 63로 45,3시간,1,,126.937204,126.937204,02-782-1100,https://www.ydptoday.com/news/photo/202302/15969_16824_09.jpg,,
,명소,여의도 도심 산책,윤중제,무료,영등포구,영등포구 여의동로 일대,3시간,0,,126.930423,126.930423,,https://futureheritage.seoul.go.kr/HeritageImg/heritage/20171017093959_01.jpg,,
,명소,여의도 도심 산책,국회의사당,무료,영등포구,영등포구 의사당대로 1,3시간,5,,126.914196,126.914196,02-6788-2114,https://www.seoulilbo.com/news/photo/202108/504295_303761_1431.jpg,,
,공원,여의도 도심 산책,여의도공원,무료,영등포구,영등포구 여의공원로 일대,3시간,4,,126.922484,126.922484,02-761-4078,https://dimg.donga.com/wps/NEWS/IMAGE/2021/01/05/104767478.1.jpg,,
,기타,여의도 도심 산책,여의도 지하벙커,무료,영등포구,영등포구 국제금융로 (앞도로의 중앙화단),3시간,3,,126.926646,126.926646,02-2124-8800,https://news.seoul.go.kr/safe/files/2015/10/560cf103d5a864.85505133.jpg,,
,기타,여의도 도심 산책,한국거래소,,영등포구,영등포구 여의나루로 76,3시간,2,,126.928021,126.928021,02-2090-9140,https://futureheritage.seoul.go.kr/HeritageImg/heritage/2013180/jpg/2013180_001.jpg,,
,식당,"다리로 이어지는 시간 여행! 종로와 을지로의 물, 길, 그리고 삶",문화옥,유료,중구,중구 창경궁로 62-5,3시간,5,,126.998474,126.998474,02-2265-0322,https://mblogthumb-phinf.pstatic.net/MjAyMjA3MDlfNDYg/MDAxNjU3MzY5NzI5MDY5.Rc1VJ-zJ72juk0o0e3by1r2uCaT9iojR639kLk3D8A0g.21LDrdBebjw52U0s89Ty6qTXM4VUELUKjGiZOUlY99gg.JPEG.feather9311/IMG_3771.jpg?type=w800,,
,식당,"다리로 이어지는 시간 여행! 종로와 을지로의 물, 길, 그리고 삶",우래옥,유료,중구,중구 창경궁로 62-29,3시간,6,,126.998736,126.998736,02-2265-0151,https://mblogthumb-phinf.pstatic.net/MjAxODA0MjhfMTY4/MDAxNTI0OTA4NzExMDUz.VBWdH-gvG4D4JLG8PirrEvpCRWJaEiNVbzRbaBjzc9Ug.83N-vDAapODrkNHHADdto2DQM_fbvWYOAMg-CY1BSTkg.JPEG.eumjeongoh/2013201_015.jpg?type=w800,,
,기타,"다리로 이어지는 시간 여행! 종로와 을지로의 물, 길, 그리고 삶",관수동 명패골목,무료,종로구,종로구 종로18길 22 일대,3시간,4,,126.991211,126.991211,02-2273-0266,https://futureheritage.seoul.go.kr/HeritageImg/heritage/2013015/jpg/2013015_001.jpg,,
,기타,"다리로 이어지는 시간 여행! 종로와 을지로의 물, 길, 그리고 삶",베를린 광장,무료,중구,중구 삼일대로 363,3시간,3,,126.986575,126.986575,,https://futureheritage.seoul.go.kr/HeritageImg/heritage/2013110/jpg/2013110_001.jpg,,
,명소,"다리로 이어지는 시간 여행! 종로와 을지로의 물, 길, 그리고 삶",31빌딩(구 삼일로빌딩),무료,종로구,종로구 청계천로 85,3시간,2,,126.987154,126.987154,02-737-0057,https://cphoto.asiae.co.kr/listimglink/1/2020112309425325153_1606092173.jpg,,
,명소,"다리로 이어지는 시간 여행! 종로와 을지로의 물, 길, 그리고 삶",관철동의 도시조직,무료,종로구,종로구 종로12길 14 일대,3시간,1,,126.985583,126.985583,,https://futureheritage.seoul.go.kr/HeritageImg/heritage/2013016/jpg/2013016_001.jpg,,
,장소,"다리로 이어지는 시간 여행! 종로와 을지로의 물, 길, 그리고 삶",보신각타종,무료,종로구,종로구 종로 54,3시간,0,,126.983714,126.983714,,https://photo.sentv.co.kr/photo/news/2021/01/04/1609720744.png,,
,기타,"전통의 향기 품은 인사동 골목길에서 색, 멋, 맛을 향유하다",우정총국 회화나무,무료,중구,중구 퇴계로37길 일대,4시간,1,,126.982781,126.982781,,https://futureheritage.seoul.go.kr/HeritageImg/heritage/20171017092719_01.jpg,,
,명소,"전통의 향기 품은 인사동 골목길에서 색, 멋, 맛을 향유하다",인사동 한옥밀집지역,무료,종로구,종로구 인사동14길 24-1 일대,4시간,9,,126.985564,126.985564,02-0738-5952,https://mediahub.seoul.go.kr/wp-content/uploads/2020/07/664a292f7b848946f04cf28dc7a3f3e4.jpg,,
,맛집,"전통의 향기 품은 인사동 골목길에서 색, 멋, 맛을 향유하다",선천집,유료,종로구,종로구 인사동길14길 5,4시간,8,,126.9844252,126.9844252,02-734-1970,https://img.khan.co.kr/news/2018/08/13/l_2018081301001422200115541.webp,,
,맛집,"전통의 향기 품은 인사동 골목길에서 색, 멋, 맛을 향유하다",카페 귀천,유료,종로구,종로구 인사동14길 14,4시간,7,,126.984894,126.984894,02-3210-2288,https://mediahub.seoul.go.kr/wp-content/uploads/editor/images/000357/%EC%82%AC%EC%A7%84_4.jpg,,
,갤러리,"전통의 향기 품은 인사동 골목길에서 색, 멋, 맛을 향유하다",통인화랑,,종로구,종로구 인사동길 32,4시간,5,,126.985923,126.985923,02-733-4867,https://img.seoul.co.kr//img/upload/2020/06/03/SSI_20200603165219.jpg,,
,쇼핑,"전통의 향기 품은 인사동 골목길에서 색, 멋, 맛을 향유하다",구하산방,,종로구,종로구 인사동5길 11,4시간,4,,126.986148,126.986148,02-732-9895,https://mblogthumb-phinf.pstatic.net/MjAyMjAxMTFfMTg2/MDAxNjQxOTEyNTExMjU0.FycWn7sz4ySMtDqoxZlcnpdFxNEuq0T6p_9eRZZNYx4g.ai6tIi45H85MU2zEcmUZaIim6gASi8ppc3_TM-JYfKUg.JPEG.lka0125/20220110%EF%BC%BF135317.jpg?type=w800,,
,식당,"전통의 향기 품은 인사동 골목길에서 색, 멋, 맛을 향유하다",이문설농탕,유료,종로구,종로구 우정국로 38-13,4시간,3,,126.983893,126.983893,02-733-6526,https://futureheritage.seoul.go.kr/HeritageImg/heritage/2013214/jpg/2013214_003.jpg,,
,명소,"전통의 향기 품은 인사동 골목길에서 색, 멋, 맛을 향유하다",수도약국,,종로구,종로구 인사동길 40,4시간,6,,126.985147,126.985147,02-720-9101,https://kid.chosun.com/site/data/img_dir/2021/11/10/2021111002862_2.jpg,,
,명소,"전통의 향기 품은 인사동 골목길에서 색, 멋, 맛을 향유하다","NH농협은행 종로금융센터(구 조선일보,조선중앙일보 사옥)",,종로구,종로구 우정국로 38,4시간,2,,126.983463,126.983463,,https://mblogthumb-phinf.pstatic.net/MjAyMzA3MDNfNDYg/MDAxNjg4Mzc2NDY4NTU5.AMbXMpZznivtSM0nj5GbgvHlmGDUT0Za6U8KbWPemvsg.l97WlcfzUQhiUQjDIwZmTNxJQ9mR0GDGZCMiGm71quUg.JPEG.euphoria98/%EB%86%8D%ED%98%91.jpg?type=w800,,
,서점,"전통의 향기 품은 인사동 골목길에서 색, 멋, 맛을 향유하다",통문관,무료,종로구,종로구 인사동길 55-1,4시간,0,,126.983667,126.983667,02-734-4092,https://img.seoul.co.kr//img/upload/2020/06/03/SSI_20200603165311.jpg,,
,식당,성북동천에 흐르는 미래유산을 찾아서,쌍다리 식당,유료,성북구,성북구 성북로23길 4  ,3시간,0,,126.995784,126.995784,02-743-0325,https://d2u3dcdbebyaiu.cloudfront.net/uploads/atch_img/780/568bbfff9abd9a718bc490ff043fdf3c_res.jpeg,,
,교육,성북동천에 흐르는 미래유산을 찾아서,선잠제향,무료,성북구,성북구 성북동 64-1 (선잠단지),3시간,1,,126.999391,126.999391,,https://archive.sb.go.kr/isbcc/home/u/item/image/3624/1.do;jsessionid=1361CF472F140A76ED73EE4AD3D9CEC7,,
,식당,성북동천에 흐르는 미래유산을 찾아서,성북동 국시집,유료,성북구,성북구 창경궁로43길 9,3시간,2,,127.004369,127.004369,02-762-1924,https://archive.sb.go.kr/isbcc/home/u/item/image/8185/1.do;jsessionid=AC29ACC00B5DC66393467A5FA04E0856,,
,맛집,성북동천에 흐르는 미래유산을 찾아서,나폴레옹 과자점,유료,성북구,서울시 성북구 성북로 7,3시간,3,,127.005061,127.005061,02-742-7421,https://mediahub.seoul.go.kr/wp-content/uploads/2018/12/832442ee3601a1fc14c5b94b26599ab9.jpg,,
,명소,겉모습은 바뀌지만 속의 추억은 전해지는 공간. 성수동 코스,성수목욕탕,유료,성동구,성동구 성덕정19길 11,3시간,3,,127.056496,127.056496,02-467-9800,https://img.seoul.co.kr/img/upload/2020/06/29/SSI_20200629213526_O2.jpg,,
,체험,겉모습은 바뀌지만 속의 추억은 전해지는 공간. 성수동 코스,서울경찰기마대,무료,성동구,성동구 성수이로7길 17,3시간,2,,126.978652,126.978652,02-700-2479,https://mediahub.seoul.go.kr/wp-content/uploads/2017/12/8c86324119f267df98ff7918832909ec.jpg,,
,거리,겉모습은 바뀌지만 속의 추억은 전해지는 공간. 성수동 코스,구두제조업(성수동일대),무료,성동구,성동구 아차산로 113 일대,3시간,1,,127.05865,127.05865,,https://futureheritage.seoul.go.kr/HeritageImg/heritage/2013021/JPG/2013021_001.jpg,,
,박물관,겉모습은 바뀌지만 속의 추억은 전해지는 공간. 성수동 코스,한양대학교 박물관,무료,성동구,성동구 왕십리로 222-1,3시간,0,,127.0456282,127.0456282,02-2220-1394,https://futureheritage.seoul.go.kr/HeritageImg/heritage/20210928165322_2020022_001_%25ED%2595%259C%25EC%2596%2591%25EB%258C%2580%25ED%2595%2599%25EA%25B5%2590%25EB%25B0%2595%25EB%25AC%25BC%25EA%25B4%2580%25EC%2599%25B8%25EA%25B4%2580%25EC%25B8%25A1%25EB%25A9%25B41.jpg,,
,종교,시대가 공존하는 길거리 갤러리,도림동 성당,무료,영등포구,영등포구 도영로 22길 22,2시간,1,,126.906806,126.906806,02-833-9439,https://mblogthumb-phinf.pstatic.net/MjAxODA3MzBfNjAg/MDAxNTMyOTM1ODQ3OTQ2.55Bmvp7uF0YZg-xbGXzCKkQSjBqIl7sgkFuG7Y8vfaog.G32TSFWh8oDGvzKb0vUgItsL_TscAGpjHj6eq0GA1OEg.JPEG.makim7637/1532935840358.jpg?type=w800,,
,기타,시대가 공존하는 길거리 갤러리,수정여관,유료,영등포구,영등포구 경인로77가길 11,2시간,2,,126.892489,126.892489,,https://mblogthumb-phinf.pstatic.net/20160417_41/yogolmok_1460899429586jlmkV_JPEG/Q24C1928.jpg?type=w800,,
,기타,시대가 공존하는 길거리 갤러리,1차 금속제조업 (문래동영단주택단지일대),무료,영등포구,영등포구 도림로141길 일대,2시간,3,,126.891888,126.891888,,https://mblogthumb-phinf.pstatic.net/MjAyMDA4MTJfMjE0/MDAxNTk3MjA5NzE2NDkw.0wI8zbrq4tD4ks6IvZhEMp2JKtE_z97SPApXlM6-UYIg.5gULlC2spdbPA1LoSeHFBh_9y-AsJyRW0bJR0QLvgxwg.PNG.hs_99/7.png?type=w800,,
,기타,시대가 공존하는 길거리 갤러리,OB맥주 담금솥,무료,영등포구,영등포구 신길로 275 (영등포공원 내),2시간,0,,126.911251,126.911251,,https://mblogthumb-phinf.pstatic.net/MjAyMjA3MjZfNjkg/MDAxNjU4ODA5MjA2NzQ2.8zHn5pycFPYzUxZpo-w7WR7S4D15knXCuoV2sMRpovEg.exiNKLH1vUaqxgusXMphcimeNIQTxxGu82eL_UmNG4gg.JPEG.roaltlf/12.%EC%98%81%EB%93%B1%ED%8F%AC%EA%B3%B5%EC%9B%90%28%EB%8B%B4%EA%B8%88%EC%86%A5%29.jpg?type=w420,,
,명소,"서울 중심도로의 기억과 보전, 남대문로와 태평로 일대",서울역광장,무료,용산구,용산구 한강대로 405,약 4시간,0,,126.971584,126.971584,,https://www.sisa-news.com/data/photos/20180833/art_153414717394_620abb.jpg,,
,공원,"서울 중심도로의 기억과 보전, 남대문로와 태평로 일대",서울광장,무료,중구,중구 태평로1가 54-3,약 4시간,1,,126.978204,126.978204,,https://edu.chosun.com/site/data/img_dir/2022/09/06/2022090601714_1.png,,
,극장,"서울 중심도로의 기억과 보전, 남대문로와 태평로 일대",세실극장,유료,중구,중구 세종대로19길 16,약 4시간,2,,126.976565,126.976565,02-751-1500,https://img0.yna.co.kr/etc/inner/KR/2017/12/29/AKR20171229045400005_01_i_P4.jpg,,
,공연장,"서울 중심도로의 기억과 보전, 남대문로와 태평로 일대",세종문화회관,유료,종로구,종로구 세종대로 175,약 4시간,5,,126.976074,126.976074,02-399-1000,https://mediahub.seoul.go.kr/wp-content/uploads/editor/images/000215/DSC07292.jpg,,
,기타,"서울 중심도로의 기억과 보전, 남대문로와 태평로 일대",도로원표(칭경기념비전 내),무료,종로구,종로구 세종로 142-3,약 4시간,3,,126.9775907,126.9775907,,https://futureheritage.seoul.go.kr/HeritageImg/heritage/2013065/jpg/2013065_001.jpg,,
,기타,"서울 중심도로의 기억과 보전, 남대문로와 태평로 일대",세종로 이순신 동상,무료,종로구,종로구 세종로,약 4시간,4,,126.976975,126.976975,,https://edu.chosun.com/site/data/img_dir/2022/10/14/2022101402547_1.jpg,,
,갤러리,한옥과 예인의 동네 상촌,통의동 보안여관,무료,종로구,종로구 효자로 33,약 4시간,0,,126.973676,126.973676,02-720-8409,https://newsimg.hankookilbo.com/2015/02/01/201502011416297286_1.jpg,,
,명소,한옥과 예인의 동네 상촌,서촌 한옥밀집지역,무료,종로구,종로구 자하문로7길 13 일대,약 4시간,1,,126.970873,126.970873,,https://img.seoul.co.kr//img/upload/2017/05/31/SSI_20170531172244.jpg,,
,명소,한옥과 예인의 동네 상촌,이상의 집,무료,종로구,종로구 자하문로7길 18,약 4시간,2,,126.970864,126.970864,02-858-6449,https://mblogthumb-phinf.pstatic.net/MjAxODAzMTRfMjgx/MDAxNTIxMDMyNjU4Mzgw.w9_hDM9L6yxevTaMaLb_R0aUB0TjHjFxRfJgU_G0XQcg.crP80F5ZB7duo3pnaZ7bDRSyfuCPurZiQ9zDqvnZi9Ag.JPEG.rose3274/DSC02162.JPG?type=w800,,
,시장,한옥과 예인의 동네 상촌,통인시장,무료,종로구,종로구 필운대로6길 6,약 4시간,4,,126.968964,126.968964,02-722-0911,https://modo-phinf.pstatic.net/20170415_292/1492211881037zl3XO_JPEG/mosaqfZsFu.jpeg?type=w1100,,
,명소,한옥과 예인의 동네 상촌,배화여고 캠벨 기념관,무료,종로구,종로구 필운대로1길 34,약 4시간,3,,126.967346,126.967346,,https://upload.wikimedia.org/wikipedia/commons/3/32/Paiwha_Girls%27_High_School_Campbell_Memorial_Hall.jpg,,
,기타,성북동에 숨어 있는 문화유산과 역사인물의 흔적,삼청각,유료,성북구,성북구 대사관로 3,약 4시간,0,,126.984323,126.984323,02-765-3700,https://mblogthumb-phinf.pstatic.net/MjAxNzA5MTZfNjAg/MDAxNTA1NTQ3NTM5NTY4.ZAf72GsJ-pYxyOc2ZiIB8bS29hrDRibmBGxdB_Q3jkcg.tJjVsDTEuU5dKBe7RTesnSxi66xD1oyUZep-v0O4ijYg.JPEG.maxone1/KakaoTalk_20170913_112025826.jpg?type=w800,,
,절,성북동에 숨어 있는 문화유산과 역사인물의 흔적,길상사(구 대원각),무료,성북구,성북구 선잠로5길 68,약 4시간,1,,126.993848,126.993848,02-3672-5945,https://archive.sb.go.kr/isbcc/home/u/item/image/4441.do;jsessionid=02ABBF21258E980D1E921A0F2FA983AF,,
,마을,예술과 문화의 용광로 대학로,이화동 벽화마을,무료,종로구,종로구 이화장2길 33일대,약 3시간,3,,127.005858,127.005858,02-722-7312,https://futureheritage.seoul.go.kr/HeritageImg/heritage/2013217/jpg/2013217_001.jpg,,
,마을,예술과 문화의 용광로 대학로,이화동 낙산 국민주택단지,무료,종로구,종로구 낙산4길 49 일대,약 3시간,4,,127.007172,127.007172,,https://t1.daumcdn.net/cfile/tistory/9919B63A5D14574325,,
,극장,예술과 문화의 용광로 대학로,아르코 예술극장,유료,종로구,종로구 대학로8길 7,약 3시간,2,,127.002975,127.002975,02-3668-0007,https://img.seoul.co.kr//img/upload/2016/11/29/SSI_20161129182632.jpg,,
,카페,예술과 문화의 용광로 대학로,학림다방,유료,종로구,종로구 대학로 119,약 3시간,1,,127.001652,127.001652,02-742-2877,https://minio.nculture.org/amsweb-opt/multimedia_assets/83/97438/108907/c/%EC%84%9C%EC%9A%B8-%ED%95%99%EB%A6%BC%EB%8B%A4%EB%B0%A9_%ED%95%99%EB%A6%BC%EB%8B%A4%EB%B0%A9-%EC%99%B8%EA%B4%80-%281%29_rev-medium-size.jpg,,
,기타,예술과 문화의 용광로 대학로,서울대학병원,,종로구,종로구 대학로 103 (서울대학교 내 보건대학원),약 3시간,0,,126.999711,126.999711,02-762-8219,https://img.seoul.co.kr//img/upload/2020/08/10/SSI_20200810175936.jpg,,
,거리,서울 최고의 한옥 동네 북촌,계동 48-12 건물군,무료,종로구,계동길 100-8 일대,약 3시간,1,,126.98722,126.98722,02-760-9200,https://futureheritage.seoul.go.kr/HeritageImg/heritage/2014004/jpg/2014004_001.jpg,,
,거리,서울 최고의 한옥 동네 북촌,북촌 한옥밀집지역,무료,종로구,종로구 북촌로11가길 41 일대,약 3시간,0,,126.983642,126.983642,,https://mediahub.seoul.go.kr/wp-content/uploads/2020/07/664a292f7b848946f04cf28dc7a3f3e4.jpg,,
,기타,서민의 공간 종로와 서울의 시장,전태일 분신장소,무료,중구,"중구 청계천로 274 (신당동평화시장A동,B동사이대로변)",약 4시간,3,,127.006602,127.006602,,https://cdn.visitkorea.or.kr/img/call?cmd=VIEW&id=155b79db-31d9-4198-bd92-5cd9d5812604,,
,박물관,서민의 공간 종로와 서울의 시장,창신동 봉제마을,무료,종로구,종로구 창신5나길 17 일대,약 4시간,4,,127.011084,127.011084,,https://futureheritage.seoul.go.kr/HeritageImg/heritage/2013246/jpg/2013246_001.jpg,,
,시장,서민의 공간 종로와 서울의 시장,평화시장,무료,중구,중구 장충단로13길 20,약 4시간,2,,127.008203,127.008203,02-2265-3531,https://mblogthumb-phinf.pstatic.net/MjAyMzAzMTFfMjI5/MDAxNjc4NTAxNjAwODYw.-7rvhf4fb55e3oWOmE7M0PS8BzpYwo0X9GAPCnL8rIEg.1s5q0kbN_qbHamKTd59lv-wP7js8LbtDMzqQ3mCqs1Eg.JPEG.suk4408/061A6853.jpg?type=w800,,
,기타,서민의 공간 종로와 서울의 시장,보신각 앞 지하철 수준점,무료,종로구,종로구 종로 54,약 4시간,0,,126.983677,126.983677,,https://upload.wikimedia.org/wikipedia/commons/a/a0/%EB%B3%B4%EC%8B%A0%EA%B0%81_%EC%95%9E_%EC%A7%80%ED%95%98%EC%B2%A0_%EC%88%98%EC%A4%80%EC%A0%90.jpg,,
,거리,서민의 공간 종로와 서울의 시장,피맛골,무료,종로구,종로구 돈화문로5길 32 일대,약 4시간,1,,126.990256,126.990256,02-763-2999,https://img.seoul.co.kr/img/upload/2016/12/06/SSI_20161206181505_O2.jpg,,
,기타,현대사를 안고 흐르는 땅 강남,성수대교 참사 희생자 위령탑,무료,성동구,성동구 성수동1가 685-571,약 3시간,4,,127.039272,127.039272,,https://img2.yna.co.kr/photo/yna/YH/2021/09/29/PYH2021093000340000400_P4.jpg,,
,기타,현대사를 안고 흐르는 땅 강남,국립서울현충원,무료,동작구,동작구 현충로 210,약 3시간,1,,126.97218,126.97218,,https://img.seoul.co.kr//img/upload/2019/12/04/SSI_20191204172011.jpg,,
,전시,현대사를 안고 흐르는 땅 강남,구로공단 노동자생활 체험관 (순이의 집),무료,금천구,금천구 벚꽃로44길 17,약 3시간,0,,126.883639,126.883639,02-830-8426,https://www.geumcheon.go.kr/site/portal/images/contents/cts2595_img01.jpg,,
,기타,현대사를 안고 흐르는 땅 강남,삼풍참사위령탑,무료,서초구,서초구 양재동 234,약 3시간,3,,127.037357,127.037357,,https://news.seoul.go.kr/culture/files/2016/12/585339eca17878.98119020-1024x684.jpg,,
,기타,현대사를 안고 흐르는 땅 강남,서울고속버스터미널,무료,서초구,서초구 신반포로 194,약 3시간,2,,127.007061,127.007061,02-6282-0114,https://cdn.thekpm.com/news/photo/202108/94248_73751_0906.jpg,,
,도서관,근현대 100년의 기억 정동,4.19혁명기념도서관,무료,종로구,종로구 새문안로 17,약 2시간 반,2,,126.967695,126.967695,02-730-4190,https://mblogthumb-phinf.pstatic.net/MjAyMzAxMDdfMjk3/MDAxNjczMDgyNDIzODIy.RRaBEQPPzSmXojnqVKqLYw2PgklSu2uwUXRNbay2Djwg.UrDe7WPKahUZxkHLtmd1fdcOQLUBdH2vHAqIgqS0txIg.JPEG.kimjho3o/IMG_1217.JPG?type=w800,,
,공원,근현대 100년의 기억 정동,서울광장,무료,중구,중구 태평로1가 54-3,약 2시간 반,0,,126.978204,126.978204,,https://edu.chosun.com/site/data/img_dir/2022/09/06/2022090601714_1.png,,
,극장,근현대 100년의 기억 정동,세실극장,유료,중구,중구 세종대로19길 16,약 2시간 반,1,,126.976565,126.976565,02-751-1500,https://img0.yna.co.kr/etc/inner/KR/2017/12/29/AKR20171229045400005_01_i_P4.jpg,,
,기타,&apos;권력의 캔버스&apos; 남산의 어제와 오늘 그리고 미래,서울종합방재센터,무료,중구,중구 퇴계로2가길 6,약 3시간,3,,126.991556,126.991556,02-726-2071,https://upload.wikimedia.org/wikipedia/commons/8/8f/%EC%84%9C%EC%9A%B8%EC%A2%85%ED%95%A9%EB%B0%A9%EC%9E%AC%EC%84%BC%ED%84%B0_%EB%82%B4%EC%99%B8%EB%B6%80_%EC%82%AC%EC%A7%843.JPG,,
,기타,&apos;권력의 캔버스&apos; 남산의 어제와 오늘 그리고 미래,남산원 본관,무료,중구,중구 소파로2길 31,약 3시간,2,,126.988628,126.988628,,https://futureheritage.seoul.go.kr/HeritageImg/heritage/2013051/jpg/2013051_001.jpg,,
,기타,&apos;권력의 캔버스&apos; 남산의 어제와 오늘 그리고 미래,한양공원 비,무료,중구,중구 소파로 57,약 3시간,1,,126.982856,126.982856,02-6050-3114,https://img.seoul.co.kr//img/upload/2017/06/28/SSI_20170628165023.jpg,,
,기타,&apos;권력의 캔버스&apos; 남산의 어제와 오늘 그리고 미래,남산육교,무료,중구,중구 남창동 235-1,약 3시간,0,,126.976341,126.976341,,https://mblogthumb-phinf.pstatic.net/MjAyMTA0MTNfNzQg/MDAxNjE4MzE5OTcyMDQ4.LyYaJucUXhZT8mVi3mIXEgdzqlWpdlRbVVGer_opaWwg._N1ioIpbFFb3pqoSmT9l72m5ZikHZ6vnKHb-cVgXYIcg.JPEG.hanbam/DSC01750-966.JPG?type=w800,,
,극장,"광희동에서 장충동까지, 한양도성 따라 만나는 지난 100년",국립극장,유료,중구,중구 장충단로 59,약 3시간,0,,126.999728,126.999728,02-2280-4114,https://mediahub.seoul.go.kr/uploads/mediahub/2021/02/ce805b691b334d1489ac2dd40afbfc12.jpg,,
,기타,"광희동에서 장충동까지, 한양도성 따라 만나는 지난 100년",장충동 족발골목,무료,중구,중구 장충단로 174-1 일대,약 3시간,4,,127.005894,127.005894,02-2279-9759,https://futureheritage.seoul.go.kr/HeritageImg/heritage/2013229/jpg/2013229_001.jpg,,
,체육,"광희동에서 장충동까지, 한양도성 따라 만나는 지난 100년",장충체육관,,중구,중구 동호로 241,약 3시간,3,,127.006817,127.006817,02-2128-2800,https://mediahub.seoul.go.kr/uploads/mediahub/2021/02/fb9afaaf87bf4557b636636a0a48741b.jpg,,
,체육,"광희동에서 장충동까지, 한양도성 따라 만나는 지난 100년",장충테니스장,,중구,중구 장충단로 내,약 3시간,1,,127.002218,127.002218,010-7425-8634,https://futureheritage.seoul.go.kr/HeritageImg/heritage/2013232/jpg/2013232_001.jpg,,
,체육,"광희동에서 장충동까지, 한양도성 따라 만나는 지난 100년",장충리틀야구장,,,장충동2가 197,약 3시간,2,,127.003615,127.003615,02-2268-4667,https://futureheritage.seoul.go.kr/HeritageImg/heritage/20171017143708_01.jpg,,
