,Unnamed: 0,체험코스 아이디,체험코스 썸네일 경로,체험코스 제목,체험코스 시간,해당 미래유산의 체험순서,미래유산명(장소명),x 좌표,y 좌표,미래유산 소재지,미래유산 썸네일 경로,자치구,무료여부,이미지
0,0,227,http://futureheritage.seoul.go.kr/HeritageImg/heritage/2014014/jpg/2014014_013_thumb.jpg,시장부터 식사까지 경험하는 서울시민의 일상,3시간,3,해창양복점,126.980015,126.980015,중구 남대문로7길 33,http://futureheritage.seoul.go.kr/HeritageImg/heritage/2013284/jpg/2013284_007_thumb.jpg,중구,,"https://upload.wikimedia.org/wikipedia/commons/thumb/b/bf/Inside_of_haechang_bespoke_tailor.jpg/640px-Inside_of_haechang_bespoke_tailor.jpg, https://korean.visitseoul.net/comm/getImage?srvcId=POST&parentSn=28057&fileTy=POSTTHUMB&fileNo=1, https://img.seoul.co.kr//img/upload/2004/05/24/SSI_20040523191723.jpg, https://search.pstatic.net/common/?autoRotate=true&quality=100&type=f640_380&src=https%3A%2F%2Fldb-phinf.pstatic.net%2F20190824_65%2F1566643693220r7Iro_JPEG%2FZu_5Tbsf8iiQZxQhmvMIYBSF.jpeg.jpg"
1,1,227,http://futureheritage.seoul.go.kr/HeritageImg/heritage/2014014/jpg/2014014_013_thumb.jpg,시장부터 식사까지 경험하는 서울시민의 일상,3시간,0,한영양복점,126.985436,126.985436,중구 퇴계로20길 2,http://futureheritage.seoul.go.kr/HeritageImg/heritage/2013279/jpg/2013279_001_thumb.jpg,중구,,"https://minio.nculture.org/amsweb-opt/multimedia_assets/13/97889/115285/c/%EC%84%9C%EC%9A%B8-%ED%95%9C%EC%98%81%EC%96%91%EB%B3%B5%EC%A0%90_%EC%83%81%EC%9D%98-%288%29_rev-full-size.jpg, https://img.khan.co.kr/news/2017/12/03/l_2017120201000215800011504.jpg, https://mblogthumb-phinf.pstatic.net/20151213_38/hcs917_1449952706931p9f7S_JPEG/KakaoTalk_20151022_050530702.jpg?type=w800, https://search.pstatic.net/common/?autoRotate=true&quality=100&type=f640_380&src=https%3A%2F%2Fldb-phinf.pstatic.net%2F20190123_24%2F1548252009207quxda_JPEG%2Fnk3mRojQ1ILP3cjkOPPo9S49.jpeg.jpg"
2,2,227,http://futureheritage.seoul.go.kr/HeritageImg/heritage/2014014/jpg/2014014_013_thumb.jpg,시장부터 식사까지 경험하는 서울시민의 일상,3시간,1,상동교회(구 새로나백화점),126.979047,126.979047,중구 남대문로 30,http://futureheritage.seoul.go.kr/HeritageImg/heritage/2013126/jpg/2013126_001_thumb.jpg,중구,,"https://mblogthumb-phinf.pstatic.net/MjAyMjEyMTJfMTc1/MDAxNjcwODU1MjY1MDk4.mBS-k3wvSAc_aAmNeQwW39JX7064OO9f_KvafQbDKfUg.EiKZh0oiAPBQWVrAYB_usmQSjyQkYvaWKpV_EXERinsg.JPEG.lee_myoungseob/20060712_01%EC%8B%9C49%EB%B6%8412%EC%B4%88_FinePix_F10.jpg?type=w800, https://search.pstatic.net/common/?autoRotate=true&quality=100&type=f640_380&src=https%3A%2F%2Fldb-phinf.pstatic.net%2F20190807_287%2F156517318042824DqY_JPEG%2FgdMpAwRvvzjj6q3JCOATWSz-.jpg, https://mblogthumb-phinf.pstatic.net/MjAyMjEyMTJfNzUg/MDAxNjcwODU1Mjg0MTM0._IUKIIoOOZR-eNIt3e-5oNEc7MnwEwnnXUGmTo8qzS4g.md5MHC-rqlzv6SYjUrjbv9tBcGDCzkeqF3vTuMAKezsg.JPEG.lee_myoungseob/20200801_18%EC%8B%9C03%EB%B6%8455%EC%B4%88_DSC-RX100M4.jpg?type=w800"
3,3,227,http://futureheritage.seoul.go.kr/HeritageImg/heritage/2014014/jpg/2014014_013_thumb.jpg,시장부터 식사까지 경험하는 서울시민의 일상,3시간,4,라 칸티나,126.979956,126.979956,중구 을지로 19,http://futureheritage.seoul.go.kr/HeritageImg/heritage/2013084/jpg/2013084_004_thumb.jpg,중구,유료,"https://weekly.chosun.com/news/photo/201706/11651_1.jpg, https://t1.daumcdn.net/cfile/tistory/99A4A84F5BBECEAB31, https://mblogthumb-phinf.pstatic.net/MjAxOTExMDhfMjkz/MDAxNTczMjA1NzIwNjcx.ausnIcsMJlew8NXfJklISGvwmIUUuuyfQErInNNxF8Ig.EWcKQrckciIGCHgPU4n5-oJBx6nCUbkPS_s8oqVypGgg.JPEG.lisso1234/1573205719566.jpg?type=w800, https://mblogthumb-phinf.pstatic.net/MjAyMDEwMTlfMjQ4/MDAxNjAzMTA3NTY2NTM4.BN0VFWuserxCi64XFC4SuFzkpN2qRt6eRGTVKMOPHcAg.H18ZTGtkkBckbMuMKOJgwFvV5sQkSTvxFdlgvgFwwLog.JPEG.lovecocoa124/F1F1AA36-887F-4604-83B7-F8E277D347A0.jpg?type=w800"
4,4,227,http://futureheritage.seoul.go.kr/HeritageImg/heritage/2014014/jpg/2014014_013_thumb.jpg,시장부터 식사까지 경험하는 서울시민의 일상,3시간,2,남대문시장,126.977284,126.977284,중구 남대문시장4길 21,http://futureheritage.seoul.go.kr/HeritageImg/heritage/2013046/jpg/2013046_001_thumb.jpg,중구,,"https://i.namu.wiki/i/OonJs0GXSXZkKn3Teio7YNAtq_8Jx5P4CHUK_CZufC7KDa7sIZRKeGbsBtI_zN-AyMaB3ZxG1SDFexXInw7SRA.webp, https://a.cdn-hotels.com/gdcs/production70/d532/0e5b1c8b-d711-46b2-94f7-584c6afeef7c.jpg, https://museum.seoul.go.kr:8088/webcontent/ctgry/2021/5/14/d704c8d1-971c-406b-9489-8d031ad79b8f.jpg"
5,5,226,http://futureheritage.seoul.go.kr/HeritageImg/heritage/2014014/jpg/2014014_013_thumb.jpg,두 손 두 발 가볍게 경의선 나들이,3시간,3,홍대 앞 서교 365,126.922427,126.922427,마포구 홍익로3길 1,http://futureheritage.seoul.go.kr/HeritageImg/heritage/2013291/jpg/2013291_001_thumb.jpg,마포구,,https://pds.joongang.co.kr/news/component/htmlphoto_mmdata/201204/16/htm_20120416235331a010a011.jpg
6,6,226,http://futureheritage.seoul.go.kr/HeritageImg/heritage/2014014/jpg/2014014_013_thumb.jpg,두 손 두 발 가볍게 경의선 나들이,3시간,0,경춘선 폐철도노선,127.0689537,127.0689537,노원구 공릉로55길 88 인근,http://futureheritage.seoul.go.kr/HeritageImg/heritage/2013012/jpg/2013012_001_thumb.jpg,노원구,,"https://thumb.mt.co.kr/06/2012/07/2012071114374251183_1.jpg/dims/optimize/, https://cdn.press.uos.ac.kr/news/photo/202111/12923_7102_290.jpg, https://www.thesegye.com/news/data/20201101/p1065585836531655_456_thum.JPG"
7,7,226,http://futureheritage.seoul.go.kr/HeritageImg/heritage/2014014/jpg/2014014_013_thumb.jpg,두 손 두 발 가볍게 경의선 나들이,3시간,1,연남동 기사식당 거리,126.924205,126.924205,연남파출소 기준 좌측 연남로 400m,http://futureheritage.seoul.go.kr/HeritageImg/heritage/20171016174124_01_thumb.jpg,마포구,,"https://dimg.donga.com/wps/NEWS/IMAGE/2017/08/31/86091791.1.jpg, https://pds.skyedaily.com/news_data/14993311504HMHiavmbhvPNgWFm94oKIv2OTqBt.jpg, https://img.etnews.com/photonews/0805/200805150178_15033424_1289475920_l.jpg"
8,8,226,http://futureheritage.seoul.go.kr/HeritageImg/heritage/2014014/jpg/2014014_013_thumb.jpg,두 손 두 발 가볍게 경의선 나들이,3시간,2,서울화력발전소(당인리발전소),126.916417,126.916417,마포구 토정로 56,http://futureheritage.seoul.go.kr/HeritageImg/heritage/2013151/jpg/2013151_001_thumb.jpg,마포구,,"https://ojsfile.ohmynews.com/STD_IMG_FILE/2021/1001/IE002873813_STD.jpg, https://i.namu.wiki/i/6ooMiWfD1zopoLbiJrajytB8qlYC13W-XPjKbAoNmmnVPSFFifmeembJT8feesdee8GtFEyQjZT4nXMvEAWmzg.webp, https://img.kbs.co.kr/kbs/620/news.kbs.co.kr/data/fckeditor/new/image/20200190csy0001.jpg, https://img.kbs.co.kr/kbs/620/news.kbs.co.kr/data/fckeditor/new/image/20200109qsa08.jpg"
9,9,225,http://futureheritage.seoul.go.kr/HeritageImg/heritage/2014014/jpg/2014014_013_thumb.jpg,서울의 야경명소,3시간,3,남대문 지하보도,126.97624,126.97624,중구 세종대로 50,http://futureheritage.seoul.go.kr/HeritageImg/heritage/2014013/jpg/2014013_001_thumb.jpg,중구,,"https://t1.daumcdn.net/thumb/R720x0.fjpg/?fname=http://t1.daumcdn.net/brunch/service/user/8cK0/image/MBm6dVzgLAuWwrK9PHjyDNCPndM.jpg, https://archives-files.seoul.go.kr/v2/photoarchive/attachfile/mig/6112942/7/2015112020/thumbnail/2000_2015112020242310994.JPG, https://thumb.mt.co.kr/06/2017/02/2017021911158267003_1.jpg/dims/optimize/, https://pds.joongang.co.kr/news/component/htmlphoto_mmdata/202108/07/ovp_fe0ac986-4b09-44e9-85d8-95010853da95.jpg"
10,10,225,http://futureheritage.seoul.go.kr/HeritageImg/heritage/2014014/jpg/2014014_013_thumb.jpg,서울의 야경명소,3시간,2,남대문교회,126.974803,126.974803,중구 퇴계로 6,http://futureheritage.seoul.go.kr/HeritageImg/heritage/2013045/jpg/2013045_009_thumb.jpg,중구,,"https://www.newsnjoy.or.kr/news/photo/201509/200228_49906_238.jpg, https://mediahub.seoul.go.kr/wp-content/uploads/2017/06/6e48d0a5b6bfb970547160e16f41384b.jpg"
11,11,225,http://futureheritage.seoul.go.kr/HeritageImg/heritage/2014014/jpg/2014014_013_thumb.jpg,서울의 야경명소,3시간,1,서울역 고가도로,126.971671,126.971671,중구 통일로 1 일대,http://futureheritage.seoul.go.kr/HeritageImg/heritage/20171016154214_01_thumb.jpg,중구,,"https://img.hani.co.kr/imgdb/resize/2017/0425/53_1493111881_00503150_20170425.JPG, https://mediahub.seoul.go.kr/wp-content/uploads/2017/03/d86ff516dcffa5ad7eba9f841da7af63.jpg, https://korean.visitseoul.net/comm/getImage?srvcId=MEDIA&parentSn=15517&fileTy=MEDIA&fileNo=1, https://i.namu.wiki/i/eOVv43UHs3HFPClUXvnv8Iw5DpAN8GX3FTIQLni-ieCsTqlQYc0t0NleDTgdROwuLriKFm4DDOxw85YM5AU4zg.webp"
12,12,225,http://futureheritage.seoul.go.kr/HeritageImg/heritage/2014014/jpg/2014014_013_thumb.jpg,서울의 야경명소,3시간,0,서울역광장,126.971584,126.971584,용산구 한강대로 405,http://futureheritage.seoul.go.kr/HeritageImg/heritage/2013143/jpg/2013143_001_thumb.jpg,용산구,,"https://upload.wikimedia.org/wikipedia/commons/3/33/%EC%84%9C%EC%9A%B8%EA%B4%91%EC%9E%A5_%EC%A0%84%EA%B2%BD.JPG, https://upload.wikimedia.org/wikipedia/commons/thumb/5/5d/%EC%84%9C%EC%9A%B8%EC%97%AD_%EA%B4%91%EC%9E%A5.jpg/1024px-%EC%84%9C%EC%9A%B8%EC%97%AD_%EA%B4%91%EC%9E%A5.jpg, https://file2.nocutnews.co.kr/newsroom/image/2016/09/02/20160902091704951157.jpg, https://data.si.re.kr/sites/default/files/photos6/06U02210Dc20000.jpg"
13,13,224,http://futureheritage.seoul.go.kr/HeritageImg/heritage/2014014/jpg/2014014_013_thumb.jpg,청계천을 따라 걸으며 느끼는 가을의 정취,3시간,4,서울풍물시장,127.025501,127.025501,동대문구 천호대로4길 21,http://futureheritage.seoul.go.kr/HeritageImg/heritage/2013150/jpg/2013150_018_thumb.jpg,동대문구,,"https://i.namu.wiki/i/ikGE-VFzVmqx7d_joIprgBICUf1vv6H3H0D8QJu2zCONr6ZMTRk-M6uJmWo4GkBNaxLcL5xY1PP-yGCfavYM5w.webp, https://korean.visitseoul.net/comm/getImage?srvcId=POST&parentSn=1600&fileTy=POSTTHUMB&fileNo=1, https://mediahub.seoul.go.kr/wp-content/uploads/2017/04/1580c9f1feb6647626f709bf79f673d6.jpg, https://mediahub.seoul.go.kr/wp-content/uploads/editor/images/000280/%EC%9E%85%EA%B5%AC_1.jpg"
14,14,224,http://futureheritage.seoul.go.kr/HeritageImg/heritage/2014014/jpg/2014014_013_thumb.jpg,청계천을 따라 걸으며 느끼는 가을의 정취,3시간,3,청계천 고가도로 존치 기념물,127.019417,127.019417,서울 동대문구 청계천로7길 2,http://futureheritage.seoul.go.kr/HeritageImg/heritage/2013248/jpg/2013248_001_thumb.jpg,동대문구,,"https://mblogthumb-phinf.pstatic.net/MjAxOTA5MTFfMTI5/MDAxNTY4MTY5MDQyMTg3.Miq0WILdWzsCq6cOHHe5nteHtExA5v4dV99V9AZ3NL4g.dL4whairAgO-4UhzDjbHFu9X1dCmXUAdHkBQthh8_X8g.JPEG.ddm4you/2013248_001.jpg?type=w800, https://mblogthumb-phinf.pstatic.net/MjAyMTEyMzBfMTQ0/MDAxNjQwODQxODQyMzc3.ARxclt6UiGZcYrhZ_64_pxOL42qAcQJVY2Q9xYwqiaMg.MGSR4io060CdGz2MizyxoIF5hEeW7qRgRRjPo5bK3WAg.JPEG.mismatch55/20211222%EF%BC%BF155046.jpg?type=w800, https://ttcnews.kr/news/data/20221028/p1065589743118005_773_thum.jpg, https://www.thesegye.com/news/data/20210831/p1065583502101979_536_thum.jpg"
15,15,224,http://futureheritage.seoul.go.kr/HeritageImg/heritage/2014014/jpg/2014014_013_thumb.jpg,청계천을 따라 걸으며 느끼는 가을의 정취,3시간,1,동대문패션타운,127.0086869,127.0086869,중구 장충단로 263,http://futureheritage.seoul.go.kr/HeritageImg/heritage/2013077/jpg/2013077_012_thumb.jpg,중구,,https://www.apparelnews.co.kr/upfiles/manage/202008/9203b8908a1720da9e638821d7dea504.jpg
16,16,224,http://futureheritage.seoul.go.kr/HeritageImg/heritage/2014014/jpg/2014014_013_thumb.jpg,청계천을 따라 걸으며 느끼는 가을의 정취,3시간,0,청계천 헌책방거리,127.007719,127.007719,중구 청계천로 274 평화시장 내,http://futureheritage.seoul.go.kr/HeritageImg/heritage/2013073/jpg/2013073_007_thumb.jpg,중구,,"https://www.hjn24.com/news/photo/201904/34528_32187_286.jpg, https://inmun360.culture.go.kr/upload/board/image/82/101682_201604081419210620.JPG, https://dimg.donga.com/ugc/CDB/SHINDONGA/Article/5d/ba/2e/51/5dba2e510db3d2738de6.jpg"
17,17,224,http://futureheritage.seoul.go.kr/HeritageImg/heritage/2014014/jpg/2014014_013_thumb.jpg,청계천을 따라 걸으며 느끼는 가을의 정취,3시간,2,신평화시장,127.01107,127.01107,중구 청계천로 298,http://futureheritage.seoul.go.kr/HeritageImg/heritage/2013261/jpg/2013261_012_thumb.jpg,중구,,
18,18,243,http://futureheritage.seoul.go.kr/HeritageImg/heritage/2014014/jpg/2014014_013_thumb.jpg,민주주의를 위한 함성 4.19 혁명,3시간,1,윤극영 가옥,127.0109,127.0109,강북구 인수봉로84길 5,http://futureheritage.seoul.go.kr/HeritageImg/heritage/2013206/jpg/2013206_007_thumb.jpg,강북구,,"https://mediahub.seoul.go.kr/uploads/mediahub/2023/02/QyAiaxrXdhMjmCTkXznJwLiImuJfFYCk.JPG, https://img6.yna.co.kr/photo/yna/YH/2014/10/26/PYH2014102600180001300_P2.jpg, https://sojoong.joins.com/wp-content/uploads/sites/4/2021/04/3T1A5943.jpg, https://news.seoul.go.kr/culture/files/2014/05/5361f296b697c1.31647054.jpg"
19,19,243,http://futureheritage.seoul.go.kr/HeritageImg/heritage/2014014/jpg/2014014_013_thumb.jpg,민주주의를 위한 함성 4.19 혁명,3시간,0,국립 4.19민주묘지,127.008147,127.008147,강북구 4.19로8길 17,http://futureheritage.seoul.go.kr/HeritageImg/heritage/2013026/jpg/2013026_013_thumb.jpg,강북구,,"https://korean.visitseoul.net/comm/getImage?srvcId=POST&parentSn=1776&fileTy=POSTTHUMB&fileNo=3, https://mediahub.seoul.go.kr/uploads/mediahub/2022/04/EEJQQQymXyKgeCbNDlxSBhHZafrLNdxM.jpg, https://www.mpva.go.kr/DATA/cemetery/419/nc_photo_gallery/419C013_83_1_2020101413242352.jpg, https://mono.aks.ac.kr/s/media/75/75756cc8-e649-46d4-8cff-a9708260b43e.jpg?preset=page"
20,20,242,http://futureheritage.seoul.go.kr/HeritageImg/heritage/2014014/jpg/2014014_013_thumb.jpg,쌍문동 역사 문학투어,3시간,0,이마트 창동점,127.047326,127.047326,도봉구 노해로65길 4,http://futureheritage.seoul.go.kr/HeritageImg/heritage/2013211/jpg/2013211_006_thumb.jpg,도봉구,,"https://i.namu.wiki/i/NkqS-cKB763pznCHvsii2XnKzDq7wLbFdaZy1JgOkTJoHIZQNNNn0LoYGhcf-STAv8J0XBSU-XdQhwCdIG2DoQ.webp, https://martmonster.com/files/attach/images/112/552/002/322a268a41e23a83aa75099e7cac7139.jpg, https://i.namu.wiki/i/WYpz8v4SvKpG_F5szIRLiuh5dP8Mdg2vTT-tPrpU57LFzz_zUU9Uue7r5Y48qv6RJWjr-hPeA0HOjAL3nNEQYA.webp, https://mblogthumb-phinf.pstatic.net/MjAyMjA2MTFfMjE4/MDAxNjU0OTEwNTA2OTM3.HFmJh7nFbrKEEBFjWOnOsZJ1kn2q78aJFo8PU-01sHIg.AM2QNKr91TrxFZoaTsHHhmu83TMsQtTnSsioXwZRZjMg.JPEG.history226/%EC%9D%B4%EB%A7%88%ED%8A%B8_%EC%A0%84%EA%B2%BD.jpg?type=w800"
21,21,242,http://futureheritage.seoul.go.kr/HeritageImg/heritage/2014014/jpg/2014014_013_thumb.jpg,쌍문동 역사 문학투어,3시간,1,남정현 가옥,127.031972,127.031972,도봉구 도봉로109길 19-4,http://futureheritage.seoul.go.kr/HeritageImg/heritage/2013053/jpg/2013053_001_thumb.jpg,도봉구,,"https://enews.dobong.go.kr/images/newshome/edupia/202008/202008_img6_9.jpg, https://img.seoul.co.kr//img/upload/2019/05/22/SSI_20190522174217.jpg, https://enews.dobong.go.kr/images/newshome/edupia/202008/202008_img6_2.jpg, https://img.seoul.co.kr/img/upload/2019/05/22/SSI_20190522174008_O2.jpg"
22,22,242,http://futureheritage.seoul.go.kr/HeritageImg/heritage/2014014/jpg/2014014_013_thumb.jpg,쌍문동 역사 문학투어,3시간,2,함석헌 가옥,127.034839,127.034839,도봉구 도봉로123길 33-6,http://futureheritage.seoul.go.kr/HeritageImg/heritage/2013282/jpg/2013282_007_thumb.jpg,도봉구,,"https://mediahub.seoul.go.kr/wp-content/uploads/2019/01/bca20e9816d61d7e41fb1479dc3d858b.jpg, https://cdn.thekpm.com/news/photo/201509/2512_1751_0127.jpg, https://dimg.donga.com/wps/NEWS/IMAGE/2015/07/16/72501720.1.jpg"
23,23,223,http://futureheritage.seoul.go.kr/HeritageImg/heritage/2014014/jpg/2014014_013_thumb.jpg,책과 커피가 함께하는 신촌의 가을 감성,3시간,0,독다방(구 독수리다방),126.93724,126.93724,서대문구 연세로 36,http://futureheritage.seoul.go.kr/HeritageImg/heritage/2014015/jpg/2014015_001_thumb.jpg,서대문구,,"https://mblogthumb-phinf.pstatic.net/MjAxOTExMThfMTY5/MDAxNTc0MDYyNjk3NzU4.5zVkACZ-iSdk-_b6xvPjtRIdcFsri93Z1aWyHSgbqgkg.YBGMlyoI5g9JTfDkeuEqnSu2wsYY_evJP5cB4iAEQZog.JPEG.g_ny/output_2635598190.jpg?type=w800, https://tgzzmmgvheix1905536.cdn.ntruss.com/2019/07/d14ce364c12a4c19a1ee6ff871f79cde, https://tgzzmmgvheix1905536.cdn.ntruss.com/2019/07/da1a6f398ac24bd0b57e0756f94966e5, https://minio.nculture.org/amsweb-opt/multimedia_assets/205/85650/92327/c/%EB%8F%85%EC%88%98%EB%A6%AC%EB%8B%A4%EB%B0%A9-%283%29_rev-full-size.jpg"
24,24,223,http://futureheritage.seoul.go.kr/HeritageImg/heritage/2014014/jpg/2014014_013_thumb.jpg,책과 커피가 함께하는 신촌의 가을 감성,3시간,1,미네르바,126.937856,126.937856,서대문구 명물길 18,http://futureheritage.seoul.go.kr/HeritageImg/heritage/20171013170915_11_thumb.jpg,서대문구,,"https://upload.wikimedia.org/wikipedia/commons/4/46/Minerva-Vedder-Highsmith-detail-1.jpeg, https://minerva.cufs.ac.kr/news/photo/201106/3237_2283_1314.png, https://minerva.cufs.ac.kr/news/photo/201106/3237_2285_1716.jpg, https://i.namu.wiki/i/qrSuQd72U1IAR9OGJikpDEl_UfmToJZGW8jEIZTs9_z17GJBD9Pna9RSpNa33C8PA96-_511l__QCXc_ODTEmw.webp"
25,25,223,http://futureheritage.seoul.go.kr/HeritageImg/heritage/2014014/jpg/2014014_013_thumb.jpg,책과 커피가 함께하는 신촌의 가을 감성,3시간,2,공씨책방,126.932275,126.932275,서대문구 신촌로 51 / 성동구 성수동1가 671-6 서울숲IT캐슬 106호,http://futureheritage.seoul.go.kr/HeritageImg/heritage/2013014/jpg/2013014_001_thumb.jpg,서대문구,,"https://bookshopmap.s3.ap-northeast-2.amazonaws.com/venue/%E1%84%80%E1%85%A9%E1%86%BC%E1%84%8A%E1%85%B5%E1%84%8E%E1%85%A2%E1%86%A8%E1%84%87%E1%85%A1%E1%86%BC-%E1%84%89%E1%85%B5%E1%86%AB%E1%84%8E%E1%85%A9%E1%86%AB%E1%84%8C%E1%85%A5%E1%86%B7-%E1%84%8B%E1%85%A1%E1%87%81.jpg, https://newsimg.sedaily.com/2017/09/21/1OL449IHBX_1.jpg, https://www.seoulbookbogo.kr/front/img/2spic01_1.png"
26,26,223,http://futureheritage.seoul.go.kr/HeritageImg/heritage/2014014/jpg/2014014_013_thumb.jpg,책과 커피가 함께하는 신촌의 가을 감성,3시간,3,홍익문고,126.937057,126.937057,서대문구 연세로 2,http://futureheritage.seoul.go.kr/HeritageImg/heritage/2013292/jpg/2013292_006_thumb.jpg,서대문구,,"https://image.bookshopmap.com/600,fit,q60/venue/getImage_visitseoul01.jpeg, https://minio.nculture.org/amsweb-opt/multimedia_assets/240/85685/92638/c/%ED%99%8D%EC%9D%B5%EB%AC%B8%EA%B3%A0-%EC%99%B8%EA%B4%80-%281%29_rev-medium-size.jpg, https://mblogthumb-phinf.pstatic.net/MjAyMDAyMTBfMjA1/MDAxNTgxMzMzMzYwMDA4.WnavhyHq28IFrR2OsBUfN8t9LUA6nVpgwfSfUPxS4v0g.cnyXtUJx5UzMdgP1aL5KeLHP5i3wzHDitkBTrDrysbAg.JPEG.digitalhippy/SE-aeb0bf71-2b07-48c4-a064-fcea5777a219.jpg?type=w800, https://image.newdaily.co.kr/site/data/img/2012/12/14/2012121400067_0.jpg"
27,27,222,http://futureheritage.seoul.go.kr/HeritageImg/heritage/2014014/jpg/2014014_013_thumb.jpg,"그 시절 서울, 추억을 파는 극장으로 초대합니다.",3시간,1,세실극장,126.976565,126.976565,중구 세종대로19길 16,http://futureheritage.seoul.go.kr/HeritageImg/heritage/2013163/jpg/2013163_001_thumb.jpg,중구,,"https://mediahub.seoul.go.kr/wp-content/uploads/2020/02/709ed6253ff711d12f54d5b7dc1ed95c.jpg, https://mediahub.seoul.go.kr/uploads/mediahub/2021/04/oKbhPPgxkgrryWuVdOXhOhYTAdUlfvXW.jpg, https://img.khan.co.kr/news/2022/04/26/l_2022042701003313900297261.jpg, https://mediahub.seoul.go.kr/wp-content/uploads/2018/03/8bae2703d2134ba042933d484746a491.jpg"
28,28,222,http://futureheritage.seoul.go.kr/HeritageImg/heritage/2014014/jpg/2014014_013_thumb.jpg,"그 시절 서울, 추억을 파는 극장으로 초대합니다.",3시간,2,삼일로 창고극장,126.987911,126.987911,중구 삼일대로9길 12,http://futureheritage.seoul.go.kr/HeritageImg/heritage/20171016151048_03_thumb.jpg,중구,,"https://www.sfac.or.kr/images/sfac/img/samilro_13.jpg, https://img.wkorea.com/w/2018/07/style_5b5437172c3b9.jpg, https://auditorium.kr/wp-content/uploads/2018/08/30_%EC%82%BC%EC%9D%BC%EB%A1%9C%EC%B0%BD%EA%B3%A0%EA%B7%B9%EC%9E%A5-%EC%9E%AC%EA%B0%9C%EA%B4%80-_%EC%86%8C%EA%B7%B9%EC%9E%A5%EC%97%90%EC%84%9C-%EB%A7%8C%EB%82%98%EB%8A%94-%EA%B3%B5%EA%B3%B5%EC%9D%98-%EC%8B%A4%ED%97%98__5.jpg, https://www.sfac.or.kr/images/sfac/img/samilro_19.jpg"
29,29,222,http://futureheritage.seoul.go.kr/HeritageImg/heritage/2014014/jpg/2014014_013_thumb.jpg,"그 시절 서울, 추억을 파는 극장으로 초대합니다.",3시간,3,허리우드극장,126.987901,126.987901,종로구 삼일대로 428,http://futureheritage.seoul.go.kr/HeritageImg/heritage/2013285/jpg/2013285_001_thumb.jpg,종로구,,"https://mediahub.seoul.go.kr/uploads/mediahub/2021/09/hqtasLyBpfzdqcsOTVheBetAAThEQmeb.jpg, https://media.timeout.com/images/102829360/image.jpg, https://www.kmdb.or.kr/upload/kmdbupload/story/2023/04/10/04163f38-dc5c-4a1a-bcf7-6f8d8a55cdd2.jpg, https://mediahub.seoul.go.kr/uploads/mediahub/2021/09/xjHGJaulwgWuIkJisGGnjHhSxKKWQbLT.jpg"
30,30,222,http://futureheritage.seoul.go.kr/HeritageImg/heritage/2014014/jpg/2014014_013_thumb.jpg,"그 시절 서울, 추억을 파는 극장으로 초대합니다.",3시간,0,정동극장,126.972849,126.972849,중구 정동길 43,http://futureheritage.seoul.go.kr/HeritageImg/heritage/20171017144257_01_thumb.jpg,중구,,"https://img.khan.co.kr/news/2020/01/16/l_2020011601001910000149302.jpg, https://mono.aks.ac.kr/s/media/b4/b43a57be-2970-403b-b4ae-662d06bc471a.jpg?preset=page, https://image.newdaily.co.kr/site/data/img/2021/12/01/2021120100002_0.jpg, https://dynamic-media-cdn.tripadvisor.com/media/photo-o/18/6d/ed/35/caption.jpg?w=1200&h=-1&s=1"
31,31,241,http://futureheritage.seoul.go.kr/HeritageImg/heritage/2014014/jpg/2014014_013_thumb.jpg,과거도 지금도 핫플장소! 용산 이태원 투어,3시간,2,한신옹기,126.986503,126.986503,서울 용산구 신흥로 7,http://futureheritage.seoul.go.kr/HeritageImg/heritage/20171017170625_01_thumb.jpg,용산구,,"https://dimg.donga.com/wps/NEWS/IMAGE/2019/07/06/96349444.1.jpg, https://img.seoul.co.kr/img/upload/2018/11/14/SSI_20181114172129_O2.jpg, https://pds.skyedaily.com/news_data/1414748060Cf88vXa8R4xFQzxWprGX.jpg, https://korean.visitseoul.net/comm/getImage?srvcId=MEDIA&parentSn=21935&fileTy=MEDIA&fileNo=1&thumbTy=L"
32,32,241,http://futureheritage.seoul.go.kr/HeritageImg/heritage/2014014/jpg/2014014_013_thumb.jpg,과거도 지금도 핫플장소! 용산 이태원 투어,3시간,4,해방촌 108계단,126.98201,126.98201,용산구 신흥로36길 일대,http://futureheritage.seoul.go.kr/HeritageImg/heritage/20171018091655_01_thumb.jpg,용산구,,"https://lh4.googleusercontent.com/5QY3kMmGEm9g264Zyy0Tv44DKl91yqyPZkDXFC0jycWksf16Q0PaRcURFzX4Ia42L-d2DEvX4IyupZ8YRBkRpZNargJ-snODVxMzHqdstWguLfg5QuDHffo4eVAvpGaIwUP9DlMN, https://mblogthumb-phinf.pstatic.net/MjAyMTA2MjlfMTU5/MDAxNjI0OTQ4NjI2NTAz.gj23GzPSl1qpCJYWXLC5Fzft7IZBHaoR-PwC87LmCkEg.PsZCVpN5yv_AgN2_4P4pDxsV_tPyRiyPeRBplLr0e4Ig.JPEG.s600105/SE-4751f439-d83d-11eb-8fef-b91da56686f6.jpg?type=w800, https://cloudfront-ap-northeast-1.images.arcpublishing.com/chosun/TG6CLC5FOXR2M5VN6ZVTFWY3PI.jpg, https://lh6.googleusercontent.com/X37wP4gy-lY9o8EVVyZbHlG4h7N9Ew4qdG9Cl-qAsp1gktE5U9tGLIAm4kbkRSgydKSlEKy8ofyIoElvxilyNVMKn27Z4OXzXLgG_pn5IvmRhoLoTVRF2TsFyVTSlPXFxf579ZPz"
33,33,241,http://futureheritage.seoul.go.kr/HeritageImg/heritage/2014014/jpg/2014014_013_thumb.jpg,과거도 지금도 핫플장소! 용산 이태원 투어,3시간,3,해방촌,126.98547,126.98547,용산구 신흥로11나길 22 일대,http://futureheritage.seoul.go.kr/HeritageImg/heritage/2013283/jpg/2013283_001_thumb.jpg,용산구,,"https://upload.wikimedia.org/wikipedia/commons/3/3b/Seoul-Yongsan.gu-01.jpg, https://mediahub.seoul.go.kr/uploads/mediahub/2021/05/ZPoJZkSPOnugjgHjXufxnMLQZJfsLuFB.jpg, https://www.bizhankook.com/upload/bk/article/201810/thumb/16383-33860-sample.jpg, https://image.kmib.co.kr/online_image/2019/0904/201909040409_11130924096286_1.jpg"
34,34,241,http://futureheritage.seoul.go.kr/HeritageImg/heritage/2014014/jpg/2014014_013_thumb.jpg,과거도 지금도 핫플장소! 용산 이태원 투어,3시간,1,포린북스토어,126.987213,126.987213,용산구 녹사평대로 208,http://futureheritage.seoul.go.kr/HeritageImg/heritage/20171017165806_18_thumb.jpg,용산구,,"https://korean.visitseoul.net/comm/getImage?srvcId=POST&parentSn=29050&fileTy=POSTTHUMB&fileNo=1, https://dimg.donga.com/wps/NEWS/IMAGE/2019/07/13/96454276.1.jpg, https://t2.daumcdn.net/thumb/R720x0/?fname=http://t1.daumcdn.net/brunch/service/user/5FsQ/image/DbSIG6o6XODgEWSRkuI_xH6eyzI.jpeg, https://newsimg.hankookilbo.com/2015/12/23/201512232094003656_2.jpg"
35,35,241,http://futureheritage.seoul.go.kr/HeritageImg/heritage/2014014/jpg/2014014_013_thumb.jpg,과거도 지금도 핫플장소! 용산 이태원 투어,3시간,0,이태원 앤틱 가구거리,126.992166,126.992166,"용산구 보광로 90~119, 녹사평대로26길 24~97",http://futureheritage.seoul.go.kr/HeritageImg/heritage/20171017101834_01_thumb.jpg,용산구,,"https://mblogthumb-phinf.pstatic.net/MjAxODA0MThfODAg/MDAxNTI0MDU5OTc5OTk5.C1IK390irjtuEJKuzOaLENQ4euiHQo0Xm5Lf99EE_2Eg.bVFSPQQ_jQVVKL5p3XWDGqJmTmqXDcx-tg7oD1g86bkg.JPEG.bear00381/image_6311848581524059582194.jpg?type=w800, https://blog.lgchem.com/wp-content/uploads/2015/05/antique_main01.jpg, https://blog.lgchem.com/wp-content/uploads/2015/05/0527_3057_2.jpg, https://news.cauon.net/news/photo/201909/33348_23379_359.png"
36,36,221,http://futureheritage.seoul.go.kr/HeritageImg/heritage/2014014/jpg/2014014_013_thumb.jpg,여의도 도심 산책,3시간,1,금성부동산,126.937204,126.937204,영등포구 63로 45,http://futureheritage.seoul.go.kr/HeritageImg/heritage/2014012/jpg/2014012_001_thumb.jpg,영등포구,,"https://search.pstatic.net/common/?autoRotate=true&quality=100&type=f640_380&src=https%3A%2F%2Fldb-phinf.pstatic.net%2F20200812_238%2F1597159171703ag1gt_JPEG%2F8jgJXKl4FDskx8IDqELpnVlI.JPG.jpg, https://search.pstatic.net/common/?autoRotate=true&quality=100&type=f640_380&src=https%3A%2F%2Fldb-phinf.pstatic.net%2F20211218_70%2F1639803984837i20Ao_JPEG%2FKakaoTalk_20211218_140500935.jpg, https://search.pstatic.net/common/?autoRotate=true&quality=100&type=f640_380&src=https%3A%2F%2Fldb-phinf.pstatic.net%2F20200317_271%2F1584424789766OsJy3_JPEG%2FeQ4bJWmkCkKEEZGD-vaLETtf.jpeg.jpg, https://yt3.googleusercontent.com/P9Os6nnWiYNdfFh73kGAf0c1Lod83lwXyfJ1hOhwp-H__TENCtUQUZ075Hcw0TfvdfiKLO-1Mw=s900-c-k-c0x00ffffff-no-rj"
37,37,221,http://futureheritage.seoul.go.kr/HeritageImg/heritage/2014014/jpg/2014014_013_thumb.jpg,여의도 도심 산책,3시간,0,윤중제,126.930423,126.930423,영등포구 여의동로 일대,http://futureheritage.seoul.go.kr/HeritageImg/heritage/20171017094154_14_thumb.jpg,영등포구,,"https://thumb.mt.co.kr/06/2016/08/2016080817338260440_1.jpg/dims/optimize/, https://archives-files.seoul.go.kr/v2/photoarchive/attachfile/mig/6112942/13/2015112103/thumbnail/2000_2015112103240312962.JPG, https://cloudfront-ap-northeast-1.images.arcpublishing.com/chosunbiz/WSRKEIOTOREZ3OKID6IKH3TWEE.jpg"
38,38,221,http://futureheritage.seoul.go.kr/HeritageImg/heritage/2014014/jpg/2014014_013_thumb.jpg,여의도 도심 산책,3시간,5,국회의사당,126.914196,126.914196,영등포구 의사당대로 1,http://futureheritage.seoul.go.kr/HeritageImg/heritage/2013032/jpg/2013032_001_thumb.jpg,영등포구,,"https://upload.wikimedia.org/wikipedia/commons/thumb/e/ea/National_Assembly_Building_of_the_Republic_of_Korea.png/1200px-National_Assembly_Building_of_the_Republic_of_Korea.png, https://mono.aks.ac.kr/s/media/3e/3ebe2c1c-0bf1-4ed4-891e-2b3427b30e83.jpg?preset=page, https://img.khan.co.kr/news/2015/10/03/l_20151003010004092000307813.jpg, https://cdn.hellodd.com/news/photo/202108/94043_307275_2538.jpg"
39,39,221,http://futureheritage.seoul.go.kr/HeritageImg/heritage/2014014/jpg/2014014_013_thumb.jpg,여의도 도심 산책,3시간,4,여의도공원,126.922484,126.922484,영등포구 여의공원로 일대,http://futureheritage.seoul.go.kr/HeritageImg/heritage/2013178/jpg/2013178_008_thumb.jpg,영등포구,,"https://i.namu.wiki/i/sqb70KYRygDXyC3Vnp0r-z2tmwFaBaY8nwcMU3bYvYyv-rxrt9oC0MJrswegFWAi6RCeY1Ot6Mme1ZlIQw_CqA.webp, https://parks.seoul.go.kr/images/egovframework/com/template/yeouido2.jpg, https://mono.aks.ac.kr/s/media/9a/9a975bb6-f897-4b3e-9a0f-2a0dab4ea1a4.jpg?preset=page, https://upload.wikimedia.org/wikipedia/commons/a/ae/Republic_of_Korea_flag_in_Yeouido_Park%2C_Seoul_on_May_1st%2C_2016.jpg"
40,40,221,http://futureheritage.seoul.go.kr/HeritageImg/heritage/2014014/jpg/2014014_013_thumb.jpg,여의도 도심 산책,3시간,3,여의도 지하벙커,126.926646,126.926646,영등포구 국제금융로 (앞도로의 중앙화단),http://futureheritage.seoul.go.kr/HeritageImg/heritage/2013179/jpg/2013179_001_thumb.jpg,영등포구,,"https://news.seoul.go.kr/safe/files/2015/10/560cf103d5a864.85505133.jpg, https://mediahub.seoul.go.kr/wp-content/uploads/2015/10/801fdccb8cf1aefb91678fdee6753f8e.jpg, https://news.seoul.go.kr/safe/files/2015/10/560cf1cb22b015.78419365.jpg, https://img.hani.co.kr/imgdb/resize/2015/1002/144368268395_20151002.JPG"
41,41,221,http://futureheritage.seoul.go.kr/HeritageImg/heritage/2014014/jpg/2014014_013_thumb.jpg,여의도 도심 산책,3시간,2,한국거래소,126.928021,126.928021,영등포구 여의나루로 76,http://futureheritage.seoul.go.kr/HeritageImg/heritage/2013180/jpg/2013180_001_thumb.jpg,영등포구,,"https://upload.wikimedia.org/wikipedia/commons/thumb/f/f6/Korea_Exchange_Logo.svg/1200px-Korea_Exchange_Logo.svg.png, https://yt3.googleusercontent.com/ytc/APkrFKapBZ-t3uRO9LTSTtDLf0VxPHpVbuP_HVJ-xc_y=s900-c-k-c0x00ffffff-no-rj, https://i.namu.wiki/i/GjWgSdWBMEiNn6E44rQGkOLcvHRTGPdyrFXWRb1bn0wJR8vqY7ATjVTRUtcL-hyAAF3SfBMw811sWHxK9_7MgQ.webp, https://i.namu.wiki/i/I2afVsYTemV-dDN1NVaJdOR11Mo92DqQb4qsrxEKg6o8TJzABRz4GxWcsKQiqDAhtuygwTJ1mAMoSOm6d3ziFg.png"
42,42,182,http://futureheritage.seoul.go.kr/HeritageImg/heritage/2014014/jpg/2014014_013_thumb.jpg,"다리로 이어지는 시간 여행! 종로와 을지로의 물, 길, 그리고 삶",3시간,5,문화옥,126.998474,126.998474,중구 창경궁로 62-5,http://futureheritage.seoul.go.kr/HeritageImg/heritage/2013100/jpg/2013100_001_thumb.jpg,중구,유료,"https://weekly.chosun.com/news/photo/201705/11591_1.jpg, https://t1.daumcdn.net/cfile/tistory/99A02D345CC974FC0D, https://mblogthumb-phinf.pstatic.net/MjAxNzAzMjJfMTg2/MDAxNDkwMTQ3ODY5NTU2.PGQG88Eyu3Uj6kYRs_YjbW__Y_iH7SVUE7iY7gdrD-sg.l8gZGmqE_PaVA-zD9i4k7_s6hJo2osGHPzH3VARUAzUg.JPEG.sielle83/DSC01507.JPG?type=w420, https://img.siksinhot.com/place/1507880768601715.jpg"
43,43,182,http://futureheritage.seoul.go.kr/HeritageImg/heritage/2014014/jpg/2014014_013_thumb.jpg,"다리로 이어지는 시간 여행! 종로와 을지로의 물, 길, 그리고 삶",3시간,6,우래옥,126.998736,126.998736,중구 창경궁로 62-29,http://futureheritage.seoul.go.kr/HeritageImg/heritage/2013201/jpg/2013201_008_thumb.jpg,중구,유료,"https://mblogthumb-phinf.pstatic.net/MjAxNzAzMTJfMjIz/MDAxNDg5MzMwNTE4NjEz.zezRpbITFAj8Nt5PCR4gGwrTm0sotwbu76RCEgMTOkAg.ymah3XyhCADVwNJtHEgvX7cJKgdtHRFaNl1zrXC05U0g.JPEG.saypumpy/IMG_2799.JPG?type=w800, https://img.hani.co.kr/imgdb/resize/2016/0624/146666255334_20160624.JPG, https://mblogthumb-phinf.pstatic.net/MjAyMDEyMDFfMjMz/MDAxNjA2ODA3MDg0MzM5.kGyQnOtKzy-LTQomn8mHKdlSAnORrN3pLbK6mhUfUVwg.rEkXQhB3DgTGGP6ZrRyr-uhBF1KMO7a8X1a6HP11OPwg.JPEG.fukuokajin/20201201%EF%BC%BF124744.jpg?type=w800, https://mblogthumb-phinf.pstatic.net/20160618_24/tnwlsdl702_1466241467252E46Fo_JPEG/20160618_163429.jpg?type=w800"
44,44,182,http://futureheritage.seoul.go.kr/HeritageImg/heritage/2014014/jpg/2014014_013_thumb.jpg,"다리로 이어지는 시간 여행! 종로와 을지로의 물, 길, 그리고 삶",3시간,4,관수동 명패골목,126.991211,126.991211,종로구 종로18길 22 일대,http://futureheritage.seoul.go.kr/HeritageImg/heritage/2013015/jpg/2013015_002_thumb.jpg,종로구,,
45,45,182,http://futureheritage.seoul.go.kr/HeritageImg/heritage/2014014/jpg/2014014_013_thumb.jpg,"다리로 이어지는 시간 여행! 종로와 을지로의 물, 길, 그리고 삶",3시간,3,베를린 광장,126.986575,126.986575,중구 삼일대로 363,http://futureheritage.seoul.go.kr/HeritageImg/heritage/2013110/jpg/2013110_001_thumb.jpg,중구,,"https://cdn.emetro.co.kr/data2/content/image/2019/12/10/0540/20191210000200.jpg, https://mblogthumb-phinf.pstatic.net/MjAxNjEyMjdfMjc1/MDAxNDgyODEyOTg5OTMz.NGWNJv5I7XIZQvJ5srXFkg9Holibx3et2-EG7ujpEhgg.1tnpR2w-fd_62hXqBEHxhtE35_jh_5eNh_rG9msDJtUg.JPEG.armong_net/%EB%B2%A0%EB%A5%BC%EB%A6%B0%EC%97%AC%ED%96%89_%EB%B8%8C%EB%9E%80%EB%8D%B4%EB%B6%80%EB%A5%B4%ED%81%AC%EB%AC%B8_%ED%8C%8C%EB%A6%AC%EC%A0%80%EA%B4%91%EC%9E%A5_05.jpg?type=w800, https://img.seoul.co.kr//img/upload/2021/07/06/SSI_20210706144506_V.jpg, https://newsimg.hankookilbo.com/2019/01/10/201901101797781785_4.jpg"
46,46,182,http://futureheritage.seoul.go.kr/HeritageImg/heritage/2014014/jpg/2014014_013_thumb.jpg,"다리로 이어지는 시간 여행! 종로와 을지로의 물, 길, 그리고 삶",3시간,2,31빌딩(구 삼일로빌딩),126.987154,126.987154,종로구 청계천로 85,http://futureheritage.seoul.go.kr/HeritageImg/heritage/2013003/jpg/2013003_006_thumb.jpg,종로구,,"https://i.namu.wiki/i/9tvBrDxmS9VZxR0yml_hpkscCGjZX18LrtkQj_Ht27ICDQXla72C0--ldoI6aQdNx7r7j4AFyWTd90fWKbvAtA.webp, https://biz.chosun.com/resizer/fne-DYRpk9C5DLpf9s8hdRSzO0k=/2560x0/smart/cloudfront-ap-northeast-1.images.arcpublishing.com/chosunbiz/YE2EIRXC5RCFLNMABU4XHS5HPI.jpg, https://cphoto.asiae.co.kr/listimglink/1/2020112309425325153_1606092173.jpg, https://upload.wikimedia.org/wikipedia/commons/thumb/e/e7/31_building_in_1971.jpg/300px-31_building_in_1971.jpg"
47,47,182,http://futureheritage.seoul.go.kr/HeritageImg/heritage/2014014/jpg/2014014_013_thumb.jpg,"다리로 이어지는 시간 여행! 종로와 을지로의 물, 길, 그리고 삶",3시간,1,관철동의 도시조직,126.985583,126.985583,종로구 종로12길 14 일대,http://futureheritage.seoul.go.kr/HeritageImg/heritage/2013016/jpg/2013016_001_thumb.jpg,종로구,,"https://www.ksilbo.co.kr/news/photo/201111/350918_112767_5313.jpg, https://img1.daumcdn.net/thumb/C176x176/?fname=https://t1.daumcdn.net/cfile/tistory/237FD244536E52772D"
48,48,182,http://futureheritage.seoul.go.kr/HeritageImg/heritage/2014014/jpg/2014014_013_thumb.jpg,"다리로 이어지는 시간 여행! 종로와 을지로의 물, 길, 그리고 삶",3시간,0,보신각타종,126.983714,126.983714,종로구 종로 54,http://futureheritage.seoul.go.kr/HeritageImg/heritage/20171013173829_10_thumb.jpg,종로구,,"https://mediahub.seoul.go.kr/uploads/mediahub/2022/12/rjPrrGTVWsuXHxyhlHXpemReZiwOPxBZ.png, https://d2k5miyk6y5zf0.cloudfront.net/article/MYH/20201205/MYH20201205008500641.jpg, https://img.khan.co.kr/news/2022/12/31/rcv.YNA.20221227.PYH2022122706620000401_P1.jpg, https://upload.wikimedia.org/wikipedia/commons/thumb/f/f1/Korea-Seoul-Bosingak-05.jpg/1200px-Korea-Seoul-Bosingak-05.jpg"
49,49,202,http://futureheritage.seoul.go.kr/HeritageImg/heritage/2014014/jpg/2014014_013_thumb.jpg,"전통의 향기 품은 인사동 골목길에서 색, 멋, 맛을 향유하다",4시간,1,우정총국 회화나무,126.982781,126.982781,중구 퇴계로37길 일대,http://futureheritage.seoul.go.kr/HeritageImg/heritage/20171017092719_01_thumb.jpg,중구,,"https://ojsfile.ohmynews.com/STD_IMG_FILE/2013/1022/IE001635299_STD.jpg, https://cdn.seoulilbo.com/news/photo/news_attache/175.198.74.193_1391573655.jpg"
50,50,202,http://futureheritage.seoul.go.kr/HeritageImg/heritage/2014014/jpg/2014014_013_thumb.jpg,"전통의 향기 품은 인사동 골목길에서 색, 멋, 맛을 향유하다",4시간,9,인사동 한옥밀집지역,126.985564,126.985564,종로구 인사동14길 24-1 일대,http://futureheritage.seoul.go.kr/HeritageImg/heritage/2013220/jpg/2013220_003_thumb.jpg,종로구,,"https://love.seoul.go.kr/Pds/Board/seoul_news_write/Editor/special05-01[1].png, https://www.seoulfn.com/news/photo/202011/400835_178071_5311.jpg, https://cphoto.asiae.co.kr/listimglink/1/2009030111040771765_1.jpg"
51,51,202,http://futureheritage.seoul.go.kr/HeritageImg/heritage/2014014/jpg/2014014_013_thumb.jpg,"전통의 향기 품은 인사동 골목길에서 색, 멋, 맛을 향유하다",4시간,8,선천집,126.9844252,126.9844252,종로구 인사동길14길 5,http://futureheritage.seoul.go.kr/HeritageImg/heritage/20210928161140_2020009_001_%25EC%2584%25A0%25EC%25B2%259C%25EC%25A7%2591%25EC%2599%25B8%25EA%25B4%2580%25EC%25A0%2595%25EB%25A9%25B41_thumb.jpg,종로구,,"https://mblogthumb-phinf.pstatic.net/MjAyMjAyMTRfMTU5/MDAxNjQ0ODUwMTA3OTE5.-qmqOOZMGpFgU3qJoVJ3oDoQ8zS9OdZtL2rkcQKT1r0g.yBNAXh8OwDgRJzLOmTHGCh3NJ9Nml8lqO2nDArqZirsg.JPEG.capitalistsoon/20220207_172819.jpg?type=w800, https://img.siksinhot.com/place/1540183098924108.JPG?w=307&h=300&c=Y, https://img.siksinhot.com/place/1540182852797105.JPG, https://cdn.imweb.me/thumbnail/20210813/94d8fe28cf137.jpg"
52,52,202,http://futureheritage.seoul.go.kr/HeritageImg/heritage/2014014/jpg/2014014_013_thumb.jpg,"전통의 향기 품은 인사동 골목길에서 색, 멋, 맛을 향유하다",4시간,7,카페 귀천,126.984894,126.984894,종로구 인사동14길 14,http://futureheritage.seoul.go.kr/HeritageImg/heritage/2013253/jpg/2013253_001_thumb.jpg,종로구,,"https://mblogthumb-phinf.pstatic.net/MjAxNzA5MDJfMjM1/MDAxNTA0MzM3ODMyMzE5.UKIiN63SsZuzpSnB0zwkm_URs0Hlkikv_YNh39tTjL0g.XrVkoCTANqLoA0tTaxuzRxiiXan9V7za51mAvdg1ytYg.JPEG.hasselwisch/20170812_191656.jpg?type=w800, https://mp-seoul-image-production-s3.mangoplate.com/198340/743008_1624786325426_49294?fit=around|512:512&crop=512:512;*,*&output-format=jpg&output-quality=80, https://mblogthumb-phinf.pstatic.net/MjAxNjExMDhfMTQ4/MDAxNDc4NTc3ODQxOTA5.NkIqDh03tBZR2PV2_tabZckXYfuwttlYo2naHozgyHwg.PszuCq94qVIWyrj93ItVpBEIBWM6t6HnuNn3l_ERKbIg.JPEG.cafeinfofam/%EA%B7%80%EC%B2%9C_11.JPG?type=w800, https://blog.kakaocdn.net/dn/cCF2Y1/btrPsOcoxS9/GMom0Ttsh1X59D4zK7b2c1/img.jpg"
53,53,202,http://futureheritage.seoul.go.kr/HeritageImg/heritage/2014014/jpg/2014014_013_thumb.jpg,"전통의 향기 품은 인사동 골목길에서 색, 멋, 맛을 향유하다",4시간,5,통인화랑,126.985923,126.985923,종로구 인사동길 32,http://futureheritage.seoul.go.kr/HeritageImg/heritage/20200113134941_%25ED%2586%25B5%25EC%259D%25B8%25ED%2599%2594%25EB%259E%2591%25EC%259E%2585%25EA%25B5%25AC_thumb.jpg,종로구,,"https://newsimg-hams.hankookilbo.com/2022/12/21/0cd0c12d-3fa3-4e8d-acdc-90ac262d5d24.jpg, https://mblogthumb-phinf.pstatic.net/MjAyMTA3MjZfMjcg/MDAxNjI3Mjg1MDA4NzYx.iexediZc5J_t_ekzMrtJnRE64XMIRiaf42YbMIE06Osg.zvdAm9a_GWzi8GTnld3HUoqaUWGXLgWXqIqjehkFwdAg.JPEG.gomymom/20210726%EF%BC%BF154930.jpg?type=w800, https://cdn.imweb.me/thumbnail/20221221/c9fcde7b5af76.png, https://cdn.imweb.me/thumbnail/20210405/2987f8b73a945.jpg"
54,54,202,http://futureheritage.seoul.go.kr/HeritageImg/heritage/2014014/jpg/2014014_013_thumb.jpg,"전통의 향기 품은 인사동 골목길에서 색, 멋, 맛을 향유하다",4시간,4,구하산방,126.986148,126.986148,종로구 인사동5길 11,http://futureheritage.seoul.go.kr/HeritageImg/heritage/2013024/jpg/2013024_001_thumb.jpg,종로구,,"https://img.khan.co.kr/news/2017/12/25/l_2017122501003235800246327.jpg, https://minio.nculture.org/amsweb-opt/multimedia_assets/199/85644/92281/c/%EA%B5%AC%ED%95%98%EC%82%B0%EB%B0%A9-%282%29-medium-size.jpg, https://img.hani.co.kr/imgdb/resize/2017/0915/150536956555_20170915.JPG, https://img.khan.co.kr/news/2017/12/25/l_2017122501003235800246324.jpg"
55,55,202,http://futureheritage.seoul.go.kr/HeritageImg/heritage/2014014/jpg/2014014_013_thumb.jpg,"전통의 향기 품은 인사동 골목길에서 색, 멋, 맛을 향유하다",4시간,3,이문설농탕,126.983893,126.983893,종로구 우정국로 38-13,http://futureheritage.seoul.go.kr/HeritageImg/heritage/2013214/jpg/2013214_010_thumb.jpg,종로구,,"https://i.namu.wiki/i/KGxgCOGCH1m8RrgoD50x4GJV9Xd43dnQhUIky1ck_3Taer2ycLlmX7Y-SawS4WPniRFZx9_0V5R-97N941XJog.webp, https://i.namu.wiki/i/bgNP_gkv6f_gqMOh0CB6SOwlvyps6ajUxdyk2d5HXwQ1bHP6Ynr3jTzOFpDVZsV7H9os0XJA3vWbAPjqzcuaYA.webp, https://minio.nculture.org/amsweb-opt/multimedia_assets/225/85670/92498/c/%EC%9D%B4%EB%AC%B8%EC%84%A4%EB%A0%81%ED%83%95-%EC%99%B8%EA%B4%80-%282%29_rev-medium-size.jpg, https://mblogthumb-phinf.pstatic.net/MjAxOTA4MjRfMjE5/MDAxNTY2NjU0NzQ5MjU1.1cWf0wqSzqtWT5AVydV1Zh5FLh0-QKoqqpRhaHmJQFUg.7xWHg2p__LLIvw9kKLtgiUJ7yixZBONXusd_7G5sgBQg.JPEG.sajapyung/%EB%93%AC%EC%A7%804-1.jpg?type=w800"
56,56,202,http://futureheritage.seoul.go.kr/HeritageImg/heritage/2014014/jpg/2014014_013_thumb.jpg,"전통의 향기 품은 인사동 골목길에서 색, 멋, 맛을 향유하다",4시간,6,수도약국,126.985147,126.985147,종로구 인사동길 40,http://futureheritage.seoul.go.kr/HeritageImg/heritage/2013169/jpg/2013169_003_thumb.jpg,종로구,,"https://search.pstatic.net/common/?autoRotate=true&quality=100&type=f640_380&src=https%3A%2F%2Fldb-phinf.pstatic.net%2F20190711_297%2F1562824486321VTwPR_JPEG%2FK-6IvnyDE8fUtxcR3JBDQql2.jpg, https://love.seoul.go.kr/image/upload/content/03_02_img04(0).jpg, https://love.seoul.go.kr/image/upload/content/03_02_img03(2).jpg, https://love.seoul.go.kr/pds/Board/seoul_last/03_02_img04(0).jpg"
57,57,202,http://futureheritage.seoul.go.kr/HeritageImg/heritage/2014014/jpg/2014014_013_thumb.jpg,"전통의 향기 품은 인사동 골목길에서 색, 멋, 맛을 향유하다",4시간,2,"NH농협은행 종로금융센터(구 조선일보,조선중앙일보 사옥)",126.983463,126.983463,종로구 우정국로 38,http://futureheritage.seoul.go.kr/HeritageImg/heritage/2013004/jpg/2013004_001_thumb.jpg,종로구,,"https://mblogthumb-phinf.pstatic.net/MjAyMjEyMDdfMTcz/MDAxNjcwMzkwNDg0MzQ5.UyDm6sLYIlTW5dIhk9OceTjX88BIz501YVkRa5oSFJsg.SYPrT1FR6JEiFOUY8eOEZ0Gxt-WtiEXGUoEk9aLeg4wg.JPEG.kimjho3o/SE-ad365fc0-2069-11ed-8f28-0d8d872dcf6e.jpg?type=w800, https://blog.kakaocdn.net/dn/kBrkS/btqEtNaKp60/r6PCOmDiqE31KjPzU7hj5k/img.jpg, https://tv.seoul.go.kr/upload/encoding/video/2022/11/30/STV-26376-20221130112420.JPG, https://mblogthumb-phinf.pstatic.net/MjAyMTA4MTZfNDYg/MDAxNjI5MDg3ODQ4MTUx.BGX1HUtxdBG8Q4SnfLSdehPxQifbljkHZfQR-UHLXD0g.aoLUX1ynbUGj6aDP5ZzXSdlQ1ZxQsMhCyJ6N_wvCDzUg.JPEG.ktsoccer/20210814%EF%BC%BF165950%EF%BC%BFHDR.jpg?type=w800"
58,58,202,http://futureheritage.seoul.go.kr/HeritageImg/heritage/2014014/jpg/2014014_013_thumb.jpg,"전통의 향기 품은 인사동 골목길에서 색, 멋, 맛을 향유하다",4시간,0,통문관,126.983667,126.983667,종로구 인사동길 55-1,http://futureheritage.seoul.go.kr/HeritageImg/heritage/2013256/jpg/2013256_001_thumb.jpg,종로구,,"https://minio.nculture.org/amsweb-opt/multimedia_assets/238/85683/92620/c/%ED%86%B5%EB%AC%B8%EA%B4%80-%282%29_rev-medium-size.jpg, https://img.khan.co.kr/news/2017/12/08/l_2017120801001051900076948.jpg, https://minio.nculture.org/amsweb-opt/multimedia_assets/238/85683/92619/c/%ED%86%B5%EB%AC%B8%EA%B4%80-%281%29_rev-medium-size.jpg, https://newsimg.hankookilbo.com/2019/09/20/201909201273062643_7.jpg"
59,59,201,http://futureheritage.seoul.go.kr/HeritageImg/heritage/2014014/jpg/2014014_013_thumb.jpg,성북동천에 흐르는 미래유산을 찾아서,3시간,0,쌍다리 식당,126.995784,126.995784,성북구 성북로23길 4  ,http://futureheritage.seoul.go.kr/HeritageImg/heritage/20171016170915_08_thumb.jpg,성북구,,"https://mblogthumb-phinf.pstatic.net/MjAxODEyMTdfNDcg/MDAxNTQ1MDIyMDA5OTEx.ZwYSFqzEqHEcnVJv-elMdnCqgO2mcAYAr7M-51Ov4hEg.NEZmMEK0btACZe9LPytnkOi9JPNNle1kImYRbxydLKkg.JPEG.phjsunflower/IMG_9403.JPG?type=w800, https://archive.sb.go.kr/isbcc/home/u/story/image/788.do;jsessionid=20E5CAFBEB9AA2C61ED6F57F4556C847, https://mblogthumb-phinf.pstatic.net/MjAxODEyMTdfODQg/MDAxNTQ1MDIyMDExNjkx.b38Oo-dVX1WouqQPTs7V5tfmQryHTpC3CnQR_rCu_B8g.lX0-9VeR4OmOvpI9p7cBHEl3Id8Xhj0JhHleHWQD4wog.JPEG.phjsunflower/IMG_9434.JPG?type=w800"
60,60,201,http://futureheritage.seoul.go.kr/HeritageImg/heritage/2014014/jpg/2014014_013_thumb.jpg,성북동천에 흐르는 미래유산을 찾아서,3시간,1,선잠제향,126.999391,126.999391,성북구 성북동 64-1 (선잠단지),http://futureheritage.seoul.go.kr/HeritageImg/heritage/20171016162113_01_thumb.jpg,성북구,,"https://mblogthumb-phinf.pstatic.net/MjAxNzA1MjVfMjcw/MDAxNDk1Njc0OTIzMzAx.mxx1yu_kqsWNs4oYiLJYVzwa2fmZuVBvaZ_hrXT5QeYg.-1IE1umnBCY42ja8CdjEe0btJXteHQTJ_08zGzz6un4g.JPEG.storysb/1.JPG?type=w800, https://cdn.artkoreatv.com/news/photo/201505/img_14542_45557_23275.jpg"
61,61,201,http://futureheritage.seoul.go.kr/HeritageImg/heritage/2014014/jpg/2014014_013_thumb.jpg,성북동천에 흐르는 미래유산을 찾아서,3시간,2,성북동 국시집,127.004369,127.004369,성북구 창경궁로43길 9,http://futureheritage.seoul.go.kr/HeritageImg/heritage/20171016163956_01_thumb.jpg,성북구,,"https://mblogthumb-phinf.pstatic.net/MjAxOTEyMjhfMTAw/MDAxNTc3NDk3OTc3MTM4.haUtnGoYdezHs2VRASStj-YScRcH86xt_IfI1D-qZe0g.4r1wTc9aFErU6YJ4rdE26-CI5Zdfv-OELM2Jv1RVal8g.JPEG.cozy95/20.JPG?type=w800, https://d12zq4w4guyljn.cloudfront.net/750_750_20210817023417775_photo_c4a5a8209ecc.jpg, https://www.noodlelovers.com/upload_data/m_product_taste_set/%EA%B5%AD%EC%8B%9C%EC%A7%91_1.jpg, https://mblogthumb-phinf.pstatic.net/MjAyMTExMDNfMTM0/MDAxNjM1ODY1NjIyMzI2.At8TmxOIlBeMRu2yHPdLmZgCYcwVodN7F9w6rhb1Laog.DpVP_QI1xbA49fQpTkSvPX38z7RJnBLXoJ2K-y_91psg.JPEG.phjsunflower/1.JPG?type=w800"
62,62,201,http://futureheritage.seoul.go.kr/HeritageImg/heritage/2014014/jpg/2014014_013_thumb.jpg,성북동천에 흐르는 미래유산을 찾아서,3시간,3,나폴레옹 과자점,127.005061,127.005061,서울시 성북구 성북로 7,http://futureheritage.seoul.go.kr/HeritageImg/heritage/20200113103557_%25EB%2582%2598%25ED%258F%25B4%25EB%25A0%2588%25EC%2598%25B9%25EA%25B3%25BC%25EC%259E%2590%25EC%25A0%2590_%25EC%259D%258C%25EC%258B%259D1_thumb.jpg,성북구,,"https://contents.sixshop.com/uploadedFiles/122679/default/image_1586151605750.jpg, https://minio.nculture.org/amsweb-opt/multimedia_assets/210/85655/92372/c/%EC%84%9C%EC%9A%B8-%EB%82%98%ED%8F%B4%EB%A0%88%EC%98%B9%EA%B3%BC%EC%9E%90%EC%A0%90-%2819%29_rev-full-size.jpg, https://contents.sixshop.com/thumbnails/uploadedFiles/122679/default/image_1610343859725_1500.png, https://cdn.press.uos.ac.kr/news/photo/202011/12327_6412_5643.jpg"
63,63,181,http://futureheritage.seoul.go.kr/HeritageImg/heritage/2014014/jpg/2014014_013_thumb.jpg,겉모습은 바뀌지만 속의 추억은 전해지는 공간. 성수동 코스,3시간,3,성수목욕탕,127.056496,127.056496,성동구 성덕정19길 11,http://futureheritage.seoul.go.kr/HeritageImg/heritage/2013160/jpg/2013160_015_thumb.jpg,성동구,"대인 7,000원","https://mblogthumb-phinf.pstatic.net/MjAyMjEwMTJfMTEy/MDAxNjY1NTY2OTY1MTIw.3VqSyNEy02ZOutcq4vtlEuI960ISXcvmLzwXenrAVaAg.h9A3eVq2tyOKkeg8H4h8BQ3QsV9ihJ2By1-nIeUEn6Ag.JPEG.setitbk/2013160_001.jpg?type=w800, https://img.seoul.co.kr/img/upload/2020/06/29/SSI_20200629213526.jpg, https://mblogthumb-phinf.pstatic.net/MjAyMjEwMDhfMjUx/MDAxNjY1MjM4MTU2MTYw.zQ-Ntogqe1EdBXTDwJCy9h8m4306c0xv2cab-v9b9Q0g.NV79T4vcv_ESLr2SXGPFI2BvH0sOv4lBLzvs2ryv3v4g.JPEG.setitbk/IMG_7273.JPG?type=w800"
64,64,181,http://futureheritage.seoul.go.kr/HeritageImg/heritage/2014014/jpg/2014014_013_thumb.jpg,겉모습은 바뀌지만 속의 추억은 전해지는 공간. 성수동 코스,3시간,2,서울경찰기마대,126.978652,126.978652,성동구 성수이로7길 17,http://futureheritage.seoul.go.kr/HeritageImg/heritage/20180731150247_2017017_001-%25EC%2584%259C%25EC%259A%25B8%25EA%25B2%25BD%25EC%25B0%25B0%25EA%25B8%25B0%25EB%25A7%2588%25EB%258C%2580_%25EB%25B3%25B8%25EA%25B4%2580%25EC%25A0%2584%25EA%25B2%25BD1_jpg_thumb.jpg,성동구,,"https://img.seoul.co.kr/img/upload/2020/06/29/SSI_20200629213356_O2.jpg, https://mediahub.seoul.go.kr/uploads/mediahub/2022/05/sHfIrMYWwXBUsbBXxpWzNKYSMhTZmGGa.JPG, https://img.khan.co.kr/news/2018/02/25/l_2018022601003027700252311.jpg, https://thumb.mt.co.kr/06/2018/02/2018022509008246404_1.jpg/dims/optimize/"
65,65,181,http://futureheritage.seoul.go.kr/HeritageImg/heritage/2014014/jpg/2014014_013_thumb.jpg,겉모습은 바뀌지만 속의 추억은 전해지는 공간. 성수동 코스,3시간,1,구두제조업(성수동일대),127.05865,127.05865,성동구 아차산로 113 일대,http://futureheritage.seoul.go.kr/HeritageImg/heritage/2013021/JPG/2013021_001_thumb.jpg,성동구,,"https://www.apparelnews.co.kr/upfiles/manage/202012/23c518f703ed340615ae723035d78cc1.jpg, https://t1.daumcdn.net/cfile/tistory/24169B4450DAA42A22, https://www.apparelnews.co.kr/upfiles/manage/202012/ef66373dd40f8ea0b27df3e1cbdc2c51.jpg"
66,66,181,http://futureheritage.seoul.go.kr/HeritageImg/heritage/2014014/jpg/2014014_013_thumb.jpg,겉모습은 바뀌지만 속의 추억은 전해지는 공간. 성수동 코스,3시간,0,한양대학교 박물관,127.0456282,127.0456282,성동구 왕십리로 222-1,http://futureheritage.seoul.go.kr/HeritageImg/heritage/20210928165322_2020022_001_%25ED%2595%259C%25EC%2596%2591%25EB%258C%2580%25ED%2595%2599%25EA%25B5%2590%25EB%25B0%2595%25EB%25AC%25BC%25EA%25B4%2580%25EC%2599%25B8%25EA%25B4%2580%25EC%25B8%25A1%25EB%25A9%25B41_thumb.jpg,성동구,,"https://www.hanyang.ac.kr/web/www/photo?p_p_id=board_WAR_bbsportlet&p_p_lifecycle=2&p_p_cacheability=cacheLevelPage&p_p_col_id=column-1&p_p_col_count=1&_board_WAR_bbsportlet_cmd=download&_board_WAR_bbsportlet_messageId=919485&_board_WAR_bbsportlet_fileId=195402, https://cdn.newshyu.com/news/photo/202104/1002350_204603_5125.jpg, https://www.much.go.kr/cooperation/images/hany_introimg.jpg, https://www.hanyang.ac.kr/web/www/photo?p_p_id=board_WAR_bbsportlet&p_p_lifecycle=2&p_p_cacheability=cacheLevelPage&p_p_col_id=column-1&p_p_col_count=1&_board_WAR_bbsportlet_cmd=download&_board_WAR_bbsportlet_messageId=919485&_board_WAR_bbsportlet_fileId=195405"
67,67,161,http://futureheritage.seoul.go.kr/HeritageImg/heritage/2014014/jpg/2014014_013_thumb.jpg,시대가 공존하는 길거리 갤러리,2시간,1,도림동 성당,126.906806,126.906806,영등포구 도영로 22길 22,http://futureheritage.seoul.go.kr/HeritageImg/heritage/2013066/jpg/2013066_001_thumb.jpg,영등포구,,"https://photo.catholic.or.kr/Archives/100/1/gnalbum/41/1988/%EB%8F%84%EB%A6%BC%EB%8F%99%EC%84%B1%EB%8B%B9.jpg, https://m.catholictimes.org/uploadFile2/article_template/345268_68465_1.JPG, https://mblogthumb-phinf.pstatic.net/MjAyMTAxMjhfMjA3/MDAxNjExODEwMzI3MDA5.iMAeiQRm7eOxMVxUpP32nkfaEt5mY763K5l825ySMbwg.Gk9Q6TiqpbsKGxR9g7v79t0SyH8HP1MuZ_iAAfLaYdUg.JPEG.baek1047/IMG%EF%BC%BF6338.jpg?type=w800, https://church.catholic.or.kr/torim/images/torimcc.jpg"
68,68,161,http://futureheritage.seoul.go.kr/HeritageImg/heritage/2014014/jpg/2014014_013_thumb.jpg,시대가 공존하는 길거리 갤러리,2시간,2,수정여관,126.892489,126.892489,영등포구 경인로77가길 11,http://futureheritage.seoul.go.kr/HeritageImg/heritage/2013170/jpg/2013170_001_thumb.jpg,영등포구,,"https://mblogthumb-phinf.pstatic.net/20160417_223/yogolmok_1460899429327pb9Cs_JPEG/Q24C1939.jpg?type=w800, https://mblogthumb-phinf.pstatic.net/20160417_9/yogolmok_1460899430548cAxt2_JPEG/Q24C1932.jpg?type=w800, https://t1.daumcdn.net/thumb/R720x0/?fname=http://t1.daumcdn.net/brunch/service/user/5uz/image/cu5n3S71l2bDShiZbfQEy-4Z5Wg"
69,69,161,http://futureheritage.seoul.go.kr/HeritageImg/heritage/2014014/jpg/2014014_013_thumb.jpg,시대가 공존하는 길거리 갤러리,2시간,3,1차 금속제조업 (문래동영단주택단지일대),126.891888,126.891888,영등포구 도림로141길 일대,http://futureheritage.seoul.go.kr/HeritageImg/heritage/2013097/jpg/2013097_001_thumb.jpg,영등포구,,"https://mblogthumb-phinf.pstatic.net/MjAyMDA4MTJfMjE0/MDAxNTk3MjA5NzE2NDkw.0wI8zbrq4tD4ks6IvZhEMp2JKtE_z97SPApXlM6-UYIg.5gULlC2spdbPA1LoSeHFBh_9y-AsJyRW0bJR0QLvgxwg.PNG.hs_99/7.png?type=w800, https://mblogthumb-phinf.pstatic.net/MjAyMDA4MTJfMTI4/MDAxNTk3MjA5NzE2NDEw.DPlhcdU8IQ-MJon5rLMxUhQf3MZPuGETXiN6MPIFN7sg.k6P2SeHEm9o-L70-t1dIiwd6zowvfUzLJegjxs1H0m0g.PNG.hs_99/4.png?type=w800, https://mblogthumb-phinf.pstatic.net/MjAyMDA4MTJfMjI4/MDAxNTk3MjA5NzE2Mjgy.I8My-ArZ0UO53vvvX9r0DS8P6GVEMlLqwhYbOBGjo_Ug.in5A3iCpgqwM5HjARgZECK3dHI2t65dxM5l8c5XnLRUg.PNG.hs_99/2.png?type=w800"
70,70,161,http://futureheritage.seoul.go.kr/HeritageImg/heritage/2014014/jpg/2014014_013_thumb.jpg,시대가 공존하는 길거리 갤러리,2시간,0,OB맥주 담금솥,126.911251,126.911251,영등포구 신길로 275 (영등포공원 내),http://futureheritage.seoul.go.kr/HeritageImg/heritage/2013005/jpg/2013005_001_thumb.jpg,영등포구,,"https://mblogthumb-phinf.pstatic.net/MjAyMjA3MjZfNjkg/MDAxNjU4ODA5MjA2NzQ2.8zHn5pycFPYzUxZpo-w7WR7S4D15knXCuoV2sMRpovEg.exiNKLH1vUaqxgusXMphcimeNIQTxxGu82eL_UmNG4gg.JPEG.roaltlf/12.%EC%98%81%EB%93%B1%ED%8F%AC%EA%B3%B5%EC%9B%90%28%EB%8B%B4%EA%B8%88%EC%86%A5%29.jpg?type=w420, https://i.pinimg.com/originals/50/4c/06/504c0652ae4313f7faf58e093271fc21.jpg, https://img.seoul.co.kr/img/upload/2020/10/12/SSI_20201012183027_O2.jpg"
71,71,142,http://futureheritage.seoul.go.kr/HeritageImg/heritage/2014014/jpg/2014014_013_thumb.jpg,"서울 중심도로의 기억과 보전, 남대문로와 태평로 일대",약 4시간,0,서울역광장,126.971584,126.971584,용산구 한강대로 405,http://futureheritage.seoul.go.kr/HeritageImg/heritage/2013143/jpg/2013143_001_thumb.jpg,용산구,,"https://upload.wikimedia.org/wikipedia/commons/3/33/%EC%84%9C%EC%9A%B8%EA%B4%91%EC%9E%A5_%EC%A0%84%EA%B2%BD.JPG, https://upload.wikimedia.org/wikipedia/commons/thumb/5/5d/%EC%84%9C%EC%9A%B8%EC%97%AD_%EA%B4%91%EC%9E%A5.jpg/1024px-%EC%84%9C%EC%9A%B8%EC%97%AD_%EA%B4%91%EC%9E%A5.jpg, https://file2.nocutnews.co.kr/newsroom/image/2016/09/02/20160902091704951157.jpg, https://data.si.re.kr/sites/default/files/photos6/06U02210Dc20000.jpg"
72,72,142,http://futureheritage.seoul.go.kr/HeritageImg/heritage/2014014/jpg/2014014_013_thumb.jpg,"서울 중심도로의 기억과 보전, 남대문로와 태평로 일대",약 4시간,1,서울광장,126.978204,126.978204,중구 태평로1가 54-3,http://futureheritage.seoul.go.kr/HeritageImg/heritage/20171016153056_01_thumb.jpg,중구,,"https://upload.wikimedia.org/wikipedia/commons/3/33/%EC%84%9C%EC%9A%B8%EA%B4%91%EC%9E%A5_%EC%A0%84%EA%B2%BD.JPG, https://seoulboard.seoul.go.kr/comm/getImage?srvcId=BBSTY3&upperNo=314969&fileTy=ATTACH&fileNo=5&bbsNo=5223&thumbTy=M, https://img.khan.co.kr/news/2022/12/05/news-p.v1.20221205.d87ccba111e74b3c99fc73ef1547aa4a_P1.jpg, https://mediahub.seoul.go.kr/uploads/mediahub/2022/09/EhdvroCIXcLTSOXSIZcwYsZcqnKuEjZV.jpg"
73,73,142,http://futureheritage.seoul.go.kr/HeritageImg/heritage/2014014/jpg/2014014_013_thumb.jpg,"서울 중심도로의 기억과 보전, 남대문로와 태평로 일대",약 4시간,2,세실극장,126.976565,126.976565,중구 세종대로19길 16,http://futureheritage.seoul.go.kr/HeritageImg/heritage/2013163/jpg/2013163_001_thumb.jpg,중구,,"https://mediahub.seoul.go.kr/wp-content/uploads/2020/02/709ed6253ff711d12f54d5b7dc1ed95c.jpg, https://mediahub.seoul.go.kr/uploads/mediahub/2021/04/oKbhPPgxkgrryWuVdOXhOhYTAdUlfvXW.jpg, https://img.khan.co.kr/news/2022/04/26/l_2022042701003313900297261.jpg, https://mediahub.seoul.go.kr/wp-content/uploads/2018/03/8bae2703d2134ba042933d484746a491.jpg"
74,74,142,http://futureheritage.seoul.go.kr/HeritageImg/heritage/2014014/jpg/2014014_013_thumb.jpg,"서울 중심도로의 기억과 보전, 남대문로와 태평로 일대",약 4시간,5,세종문화회관,126.976074,126.976074,종로구 세종대로 175,http://futureheritage.seoul.go.kr/HeritageImg/heritage/2013166/jpg/2013166_011_thumb.jpg,종로구,,"https://www.sejongpac.or.kr/cmmn/file/imageSrc.do?fileStreCours=4a41d05067da9407e684ceabd772c74d&streFileNm=e1ff329cb8e226ee4bdc31dfaa4c1ebc24078277cccf491c8dad44ed96e373b4, https://i.namu.wiki/i/0qha-yYVmPXQdThGvUrO5OT4eSSeGHP-gGQc9T-NGV-g8ZizGLPUsnU0H1V8q8Hyu-4CzgvSaYhzqR4I2arFeA.webp, https://mediahub.seoul.go.kr/uploads/mediahub/2022/10/xcWuIbNFQNyuzIxtanVsfqfjgRWCqPdH.png, https://upload.wikimedia.org/wikipedia/commons/thumb/0/08/Sejong_Center.jpg/300px-Sejong_Center.jpg"
75,75,142,http://futureheritage.seoul.go.kr/HeritageImg/heritage/2014014/jpg/2014014_013_thumb.jpg,"서울 중심도로의 기억과 보전, 남대문로와 태평로 일대",약 4시간,3,도로원표(칭경기념비전 내),126.9775907,126.9775907,종로구 세종로 142-3,http://futureheritage.seoul.go.kr/HeritageImg/heritage/2013065/jpg/2013065_005_thumb.jpg,종로구,,"https://www.kyobostory.co.kr/resources/front/KBLCM/images/lo/contents/img_hidden_05.jpg, https://www.minjok.or.kr/wp-content/uploads/2020/09/19.jpg, https://www.minjok.or.kr/wp-content/uploads/2020/09/16.jpg, https://www.minjok.or.kr/wp-content/uploads/2020/09/20.jpg"
76,76,142,http://futureheritage.seoul.go.kr/HeritageImg/heritage/2014014/jpg/2014014_013_thumb.jpg,"서울 중심도로의 기억과 보전, 남대문로와 태평로 일대",약 4시간,4,세종로 이순신 동상,126.976975,126.976975,종로구 세종로,http://futureheritage.seoul.go.kr/HeritageImg/heritage/2013165/jpg/2013165_011_thumb.jpg,종로구,,"https://gwanghwamun.seoul.go.kr/resources/client/images/contents/img_introduce_2.jpg, https://dimg.donga.com/ugc/CDB/SHINDONGA/Article/5d/42/4d/a4/5d424da40816d2738de6.jpg, https://dimg.donga.com/ugc/CDB/SHINDONGA/Article/5d/42/44/03/5d4244030af0d2738de6.jpg, https://www.100ssd.co.kr/news/photo/201510/32726_24496_211.jpg"
77,77,125,http://futureheritage.seoul.go.kr/HeritageImg/heritage/2014014/jpg/2014014_013_thumb.jpg,한옥과 예인의 동네 상촌,약 4시간,0,통의동 보안여관,126.973676,126.973676,종로구 효자로 33,http://futureheritage.seoul.go.kr/HeritageImg/heritage/20141017180549_1_thumb.jpg,종로구,,"https://mediahub.seoul.go.kr/wp-content/uploads/2015/05/c6628f2df47be1c84c3763a06efd923f.jpg, https://img.hani.co.kr/imgdb/resize/2018/0112/151564725530_20180112.JPG, https://everyday-practice.com/wp-content/uploads/2023/03/boan_001.jpg"
78,78,125,http://futureheritage.seoul.go.kr/HeritageImg/heritage/2014014/jpg/2014014_013_thumb.jpg,한옥과 예인의 동네 상촌,약 4시간,1,서촌 한옥밀집지역,126.970873,126.970873,종로구 자하문로7길 13 일대,http://futureheritage.seoul.go.kr/HeritageImg/heritage/2013153/jpg/2013153_007_thumb.jpg,종로구,,"https://newsimg.sedaily.com/2016/06/01/1KXF60CU0G_1.jpg, https://love.seoul.go.kr/Pds/Board/seoul_news_write/Editor/special05-01[1].png, https://cphoto.asiae.co.kr/listimglink/1/2016053122004737637_2.jpg"
79,79,125,http://futureheritage.seoul.go.kr/HeritageImg/heritage/2014014/jpg/2014014_013_thumb.jpg,한옥과 예인의 동네 상촌,약 4시간,2,이상의 집,126.970864,126.970864,종로구 자하문로7길 18,http://futureheritage.seoul.go.kr/HeritageImg/heritage/2013215/jpg/2013215_001_thumb.jpg,종로구,,"https://media.timeout.com/images/103338383/image.jpg, https://mblogthumb-phinf.pstatic.net/MjAxNzEyMjRfNTEg/MDAxNTE0MDg3Nzk5NzM5.lyr_bRXyMKt8mg6o3UkGRIJk8j2pr1I37q7yo1pXmOQg.NjYHUqE5dyFdNG-au7p15DgwOAvZAwfNRRJ8uo2rDgsg.JPEG.hannapride/image_4261563111514087330561.jpg?type=w800, https://mediahub.seoul.go.kr/wp-content/uploads/editor/images/000530/1%EB%B2%88.jpg, https://mediahub.seoul.go.kr/wp-content/uploads/2020/02/d572c35172420411a586e2c6274dc138.jpg"
80,80,125,http://futureheritage.seoul.go.kr/HeritageImg/heritage/2014014/jpg/2014014_013_thumb.jpg,한옥과 예인의 동네 상촌,약 4시간,4,통인시장,126.968964,126.968964,종로구 필운대로6길 6,http://futureheritage.seoul.go.kr/HeritageImg/heritage/20171017165052_18_thumb.jpg,종로구,,"https://modo-phinf.pstatic.net/20170415_292/1492211881037zl3XO_JPEG/mosaqfZsFu.jpeg?type=w1100, https://modo-phinf.pstatic.net/20170415_297/1492212617787NUQOp_JPEG/mosaM9KxDY.jpeg?type=w1100, https://mblogthumb-phinf.pstatic.net/MjAyMDExMDJfMjk3/MDAxNjA0Mjk0OTg5MDE2.1Ih0Q16PRKNEzPEIZPmpsJHDzqhuwNAjbUEdw_fpyWAg.hYNg4Op4TXQQ_Wd5T6ORn2r3fNZDxR9IygKJql3k3GMg.JPEG.earth_rabbit/0.jpg?type=w800"
81,81,125,http://futureheritage.seoul.go.kr/HeritageImg/heritage/2014014/jpg/2014014_013_thumb.jpg,한옥과 예인의 동네 상촌,약 4시간,3,배화여고 캠벨 기념관,126.967346,126.967346,종로구 필운대로1길 34,http://futureheritage.seoul.go.kr/HeritageImg/heritage/2013108/jpg/2013108_001_thumb.jpg,종로구,,"https://upload.wikimedia.org/wikipedia/commons/3/32/Paiwha_Girls%27_High_School_Campbell_Memorial_Hall.jpg, https://t1.daumcdn.net/cfile/blog/9995633359DA8F5F12, https://mblogthumb-phinf.pstatic.net/MjAxNzAxMTBfODIg/MDAxNDgzOTc5ODkzODEy.7SY7EtEE23fexIdnv5t-J_P0uBCkHN74mQ4UgTZOZ6Qg.cw9TJUE4_lfslx6HPeSJ-wTJa0enG-uYSmE1zG25FB8g.JPEG.ostw/%EC%84%9C%EC%9A%B8_%EB%B0%B0%ED%99%94%EC%97%AC%EC%9E%90%EA%B3%A0%EB%93%B1%ED%95%99%EA%B5%90_%EC%BA%A0%EB%B2%A8%EA%B8%B0%EB%85%90%EA%B4%80_%EC%A0%84%EA%B2%BD.jpg?type=w420"
82,82,141,http://futureheritage.seoul.go.kr/HeritageImg/heritage/2014014/jpg/2014014_013_thumb.jpg,성북동에 숨어 있는 문화유산과 역사인물의 흔적,약 4시간,0,삼청각,126.984323,126.984323,성북구 대사관로 3,http://futureheritage.seoul.go.kr/HeritageImg/heritage/2013123/jpg/2013123_001_thumb.jpg,성북구,,https://mediahub.seoul.go.kr/uploads/mediahub/2022/07/YRcDBHouHhgTdduSEpLTayufJxdkpqnO.jpg
83,83,141,http://futureheritage.seoul.go.kr/HeritageImg/heritage/2014014/jpg/2014014_013_thumb.jpg,성북동에 숨어 있는 문화유산과 역사인물의 흔적,약 4시간,1,길상사(구 대원각),126.993848,126.993848,성북구 선잠로5길 68,http://futureheritage.seoul.go.kr/HeritageImg/heritage/2013036/jpg/2013036_008_thumb.jpg,성북구,,"https://archive.sb.go.kr/isbcc/home/u/item/image/4439.do;jsessionid=02ABBF21258E980D1E921A0F2FA983AF, https://archive.sb.go.kr/isbcc/home/u/item/image/4438.do;jsessionid=02ABBF21258E980D1E921A0F2FA983AF, https://archive.sb.go.kr/isbcc/home/u/item/image/4440.do;jsessionid=02ABBF21258E980D1E921A0F2FA983AF, https://archive.sb.go.kr/isbcc/home/u/item/image/4441.do;jsessionid=02ABBF21258E980D1E921A0F2FA983AF"
84,84,124,http://futureheritage.seoul.go.kr/HeritageImg/heritage/2014014/jpg/2014014_013_thumb.jpg,예술과 문화의 용광로 대학로,약 3시간,3,이화동 벽화마을,127.005858,127.005858,종로구 이화장2길 33일대,http://futureheritage.seoul.go.kr/HeritageImg/heritage/2013217/jpg/2013217_001_thumb.jpg,종로구,,"https://mediahub.seoul.go.kr/uploads/mediahub/2021/01/114b2b231b6140a987c0c7f161846094.JPG, https://mediahub.seoul.go.kr/uploads/mediahub/2021/03/NsWMFjsgBrzOoKLEdvYFhHnSthGnNTSL.jpg, https://mediahub.seoul.go.kr/wp-content/uploads/2016/05/ba9829307b3f40b1b21d62035ed6222d.jpg, https://mediahub.seoul.go.kr/wp-content/uploads/editor/images/000142/IMG_0818_1.jpg"
85,85,124,http://futureheritage.seoul.go.kr/HeritageImg/heritage/2014014/jpg/2014014_013_thumb.jpg,예술과 문화의 용광로 대학로,약 3시간,4,이화동 낙산 국민주택단지,127.007172,127.007172,종로구 낙산4길 49 일대,http://futureheritage.seoul.go.kr/HeritageImg/heritage/2014041/jpg/2014041_011_thumb.jpg,종로구,,"https://ntrust.hgodo.com/img/loveculture/201407140601041444928.jpg, https://ntrust.hgodo.com/img/loveculture/201407140601041505650.jpg, https://t1.daumcdn.net/cfile/tistory/9919B63A5D14574325, https://post-phinf.pstatic.net/MjAyMTAyMjJfMTAg/MDAxNjEzOTU5ODM4NDQy.oXz13zGn-gKcQaTPLW8NIQmiNDJgaQ0CTHH4tHcdAn0g.4xMhEu8zDHMqo6jU-LXOO_apqH-sGfLJxuDVo0ekiZAg.JPEG/%EC%9D%B4%ED%99%94%EB%8F%99-1.jpg?type=w800_q75"
86,86,124,http://futureheritage.seoul.go.kr/HeritageImg/heritage/2014014/jpg/2014014_013_thumb.jpg,예술과 문화의 용광로 대학로,약 3시간,2,아르코 예술극장,127.002975,127.002975,종로구 대학로8길 7,http://futureheritage.seoul.go.kr/HeritageImg/heritage/2013174/jpg/2013174_005_thumb.jpg,종로구,,"https://www.arko.or.kr/theater/assets/images/content/imgTheater.jpg, https://theater.arko.or.kr/Down/Display/202210/venue_slider_arko_img2.jpg, https://www.arko.or.kr/theater/assets/images/main/fac_img01.jpg, https://www.arko.or.kr/theater/assets/images/content/theaterFacil03.jpg"
87,87,124,http://futureheritage.seoul.go.kr/HeritageImg/heritage/2014014/jpg/2014014_013_thumb.jpg,예술과 문화의 용광로 대학로,약 3시간,1,학림다방,127.001652,127.001652,종로구 대학로 119,http://futureheritage.seoul.go.kr/HeritageImg/heritage/2013267/jpg/2013267_001_thumb.jpg,종로구,,"https://tgzzmmgvheix1905536.cdn.ntruss.com/2019/09/3531e37cab7342e9a2c6ea0f78bd58d8, https://i.namu.wiki/i/HDF36M5ozIA3drSFovAMrz1m2HflAoSV8c1Y3bYsCf7QEAx2YyAv5QiENLFzv6Gx1Ry4nplefHqnI3RvL4YJmw.webp, https://tgzzmmgvheix1905536.cdn.ntruss.com/2019/09/521ebbb1e4894362ad5056d7cc650052, https://tgzzmmgvheix1905536.cdn.ntruss.com/2019/09/82102f56b67e4381810211cab44175ce"
88,88,124,http://futureheritage.seoul.go.kr/HeritageImg/heritage/2014014/jpg/2014014_013_thumb.jpg,예술과 문화의 용광로 대학로,약 3시간,0,서울대학병원,126.999711,126.999711,종로구 대학로 103 (서울대학교 내 보건대학원),http://futureheritage.seoul.go.kr/HeritageImg/heritage/2013138/jpg/2013138_001_thumb.jpg,종로구,,"https://www.snuh.org/asset/img/about/img_overview01.jpg, https://www.snuh.org/upload/board/DF/f57ebdd693cd47f5902612ab5c241c8d.jpg, https://www.snuh.org/upload/about/gallery/e56fc0e656ac46619c2fc6fd8ae7f507.jpg, https://i.ytimg.com/vi/uDe8FY2WHss/maxresdefault.jpg"
89,89,123,http://futureheritage.seoul.go.kr/HeritageImg/heritage/2014014/jpg/2014014_013_thumb.jpg,서울 최고의 한옥 동네 북촌,약 3시간,1,계동 48-12 건물군,126.98722,126.98722,계동길 100-8 일대,http://futureheritage.seoul.go.kr/HeritageImg/heritage/2014004/jpg/2014004_001_thumb.jpg,종로구,,"https://pds.skyedaily.com/news_data/20190812200739_fivcgolf.jpg, https://pds.skyedaily.com/news_data/20190812200623_lxddhapy.jpg, https://mblogthumb-phinf.pstatic.net/MjAxNzExMDJfNjMg/MDAxNTA5NTk2OTI4NDAy.Sfwr8U93j2A-bes8h3XAHkfBivX2piQpYJG9kyOj97Ug.gd9Ylmwzr9GPfe-A3PFR4ZfzXIlrHoKey4ege9zWtUYg.JPEG.stella1234567/4.JPG?type=w800"
90,90,123,http://futureheritage.seoul.go.kr/HeritageImg/heritage/2014014/jpg/2014014_013_thumb.jpg,서울 최고의 한옥 동네 북촌,약 3시간,0,북촌 한옥밀집지역,126.983642,126.983642,종로구 북촌로11가길 41 일대,http://futureheritage.seoul.go.kr/HeritageImg/heritage/2013114/jpg/2013114_001_thumb.jpg,종로구,,"https://love.seoul.go.kr/Pds/Board/seoul_news_write/Editor/special05-01[1].png, https://newsimg.sedaily.com/2016/06/01/1KXF60CU0G_1.jpg, https://img.hani.co.kr/imgdb/resize/2016/0701/146726142472_20160701.JPG"
91,91,122,http://futureheritage.seoul.go.kr/HeritageImg/heritage/2014014/jpg/2014014_013_thumb.jpg,서민의 공간 종로와 서울의 시장,약 4시간,3,전태일 분신장소,127.006602,127.006602,"중구 청계천로 274 (신당동평화시장A동,B동사이대로변)",http://futureheritage.seoul.go.kr/HeritageImg/heritage/2013234/jpg/2013234_001_thumb.jpg,중구,,"https://thumb.mt.co.kr/06/2015/03/2015032520478237581_1.jpg/dims/optimize/, https://mediahub.seoul.go.kr/wp-content/uploads/2020/11/87597780f29e26cfa74cc1d2cdf630bc.jpg, https://newsimg.hankookilbo.com/2014/11/07/201411071121162562_5.jpg, https://enews.dobong.go.kr/images/newshome/edupia/202012/202012_img12_2.jpg"
92,92,122,http://futureheritage.seoul.go.kr/HeritageImg/heritage/2014014/jpg/2014014_013_thumb.jpg,서민의 공간 종로와 서울의 시장,약 4시간,4,창신동 봉제마을,127.011084,127.011084,종로구 창신5나길 17 일대,http://futureheritage.seoul.go.kr/HeritageImg/heritage/2013246/jpg/2013246_001_thumb.jpg,종로구,,"https://img.hankyung.com/photo/201911/ae0dcbbbb233235e08c1f16e43dd6aeb.jpg, https://m.fashionbiz.co.kr:6001/images/TN/AR/222_(1).JPG, https://img.seoul.co.kr//img/upload/2019/05/15/SSI_20190515172513.jpg, https://img.hankyung.com/photo/201911/AD.20955568.1.jpg"
93,93,122,http://futureheritage.seoul.go.kr/HeritageImg/heritage/2014014/jpg/2014014_013_thumb.jpg,서민의 공간 종로와 서울의 시장,약 4시간,2,평화시장,127.008203,127.008203,중구 장충단로13길 20,http://futureheritage.seoul.go.kr/HeritageImg/heritage/2013259/jpg/2013259_007_thumb.jpg,중구,,https://upload.wikimedia.org/wikipedia/commons/4/45/Pyoung_Hwa_Fashion_Plaza%2C_Seoul_2020-02-01.jpg
94,94,122,http://futureheritage.seoul.go.kr/HeritageImg/heritage/2014014/jpg/2014014_013_thumb.jpg,서민의 공간 종로와 서울의 시장,약 4시간,0,보신각 앞 지하철 수준점,126.983677,126.983677,종로구 종로 54,http://futureheritage.seoul.go.kr/HeritageImg/heritage/2014022/jpg/2014022_001_thumb.jpg,종로구,,"https://upload.wikimedia.org/wikipedia/commons/a/a0/%EB%B3%B4%EC%8B%A0%EA%B0%81_%EC%95%9E_%EC%A7%80%ED%95%98%EC%B2%A0_%EC%88%98%EC%A4%80%EC%A0%90.jpg, https://img.seoul.co.kr/img/upload/2016/11/15/SSI_20161115174315_O2.jpg, https://www.heritage.go.kr/unisearch/images/register_sd/thumb/2020122411121200.jpg"
95,95,122,http://futureheritage.seoul.go.kr/HeritageImg/heritage/2014014/jpg/2014014_013_thumb.jpg,서민의 공간 종로와 서울의 시장,약 4시간,1,피맛골,126.990256,126.990256,종로구 돈화문로5길 32 일대,http://futureheritage.seoul.go.kr/HeritageImg/heritage/2013266/jpg/2013266_001_thumb.jpg,종로구,,"https://ojsfile.ohmynews.com/STD_IMG_FILE/2022/0713/IE003019450_STD.jpg, https://upload.wikimedia.org/wikipedia/commons/d/da/Travelogues%3B_%281908%29_%2865%29.jpg, https://archives.seoul.go.kr/upload/contents/2022/0829/144927.jpg, https://mblogthumb-phinf.pstatic.net/MjAxNzA5MTJfMTA4/MDAxNTA1MTc3NDI2ODE3.FAX5Z25DdyClubGDJWgzsgym968HCAniANmuZqDkA_Qg.nZTwYUPWtZ5zCXhiBv3HVrVvYu_HGRbaQcJRv-h_ZBog.JPEG.spring9191/1505177417651.jpg?type=w800"
96,96,121,http://futureheritage.seoul.go.kr/HeritageImg/heritage/2014014/jpg/2014014_013_thumb.jpg,현대사를 안고 흐르는 땅 강남,약 3시간,4,성수대교 참사 희생자 위령탑,127.039272,127.039272,성동구 성수동1가 685-571,http://futureheritage.seoul.go.kr/HeritageImg/heritage/2013159/jpg/2013159_001_thumb.jpg,성동구,,"https://thumb.mt.co.kr/06/2017/10/2017102508361720905_1.jpg/dims/optimize/, https://www.fnnews.com/resource/media/image/2021/09/29/202109291703205722_l.jpg, https://pds.joongang.co.kr/news/component/htmlphoto_mmdata/201909/07/cbf05031-6e43-4946-8f9a-f7cc2aa7d9d9.jpg, https://img0.yna.co.kr/etc/inner/KR/2016/10/18/AKR20161018105000004_01_i_P2.jpg"
97,97,121,http://futureheritage.seoul.go.kr/HeritageImg/heritage/2014014/jpg/2014014_013_thumb.jpg,현대사를 안고 흐르는 땅 강남,약 3시간,1,국립서울현충원,126.97218,126.97218,동작구 현충로 210,http://futureheritage.seoul.go.kr/HeritageImg/heritage/2013028/jpg/2013028_001_thumb.jpg,동작구,,"https://upload.wikimedia.org/wikipedia/commons/8/89/Seoul_National_Cemetery_26th_Sanctuary.JPG, https://mediahub.seoul.go.kr/wp-content/uploads/2019/06/5710b90fe09c68dcdb8d21e724e6f926.jpg, https://i.namu.wiki/i/sO47fWy49siOItDmAVOBsSxL6Nrpz_WfwgCKZoE_a5aB6jc-1NTPzSN0tleXFfLenm5US5JjAPpbwrFIKMsfmQ.webp, https://korean.visitseoul.net/comm/getImage?srvcId=POST&parentSn=1965&fileTy=POSTTHUMB&fileNo=3"
98,98,121,http://futureheritage.seoul.go.kr/HeritageImg/heritage/2014014/jpg/2014014_013_thumb.jpg,현대사를 안고 흐르는 땅 강남,약 3시간,0,구로공단 노동자생활 체험관 (순이의 집),126.883639,126.883639,금천구 벚꽃로44길 17,http://futureheritage.seoul.go.kr/HeritageImg/heritage/2014008/jpg/2014008_001_thumb.jpg,금천구,,"https://www.kdemo.or.kr/attach/editor/file_20151012224334_700x3.jpg, https://lh3.googleusercontent.com/2IKMD9fyd-Mp3_C55uSL6LZfJmVLptw9Fpc-N9yHDkcym7U_6X2WNdqS_kUfPpCvLgEtx5YZWJXBNlHosd27Xi1GqWzE0qS-kobuBY6XUWBEdEZlK-OB6w=w800, https://mblogthumb-phinf.pstatic.net/MjAyMDAxMDhfMjYw/MDAxNTc4NDExNDEyOTQx.vgGkkQHpfR3oEKP822A-D9uG7dSlf8DlVV8fLlqJazUg.VCCPptJfsK-CIcqfHSOHuNKGL-VzsZAKu1iKXdhKqBcg.JPEG.imp1123/title_blog.jpg?type=w800, https://mediahub.seoul.go.kr/uploads/mediahub/2021/11/AMPwbLrdpVrdbeQMwBoikZjuNNwSImyN.jpg"
99,99,121,http://futureheritage.seoul.go.kr/HeritageImg/heritage/2014014/jpg/2014014_013_thumb.jpg,현대사를 안고 흐르는 땅 강남,약 3시간,3,삼풍참사위령탑,127.037357,127.037357,서초구 양재동 234,http://futureheritage.seoul.go.kr/HeritageImg/heritage/2013125/jpg/2013125_001_thumb.jpg,서초구,,"https://mediahub.seoul.go.kr/uploads/mediahub/2021/06/GSShYgkDJAyATrvOroduBHsIcrAabppe.jpg, https://file2.nocutnews.co.kr/newsroom/image/2015/06/29/20150629151649405_006_prev.jpg, https://www.womennews.co.kr/news/photo/first/201506/img_84510_1.jpg"
100,100,121,http://futureheritage.seoul.go.kr/HeritageImg/heritage/2014014/jpg/2014014_013_thumb.jpg,현대사를 안고 흐르는 땅 강남,약 3시간,2,서울고속버스터미널,127.007061,127.007061,서초구 신반포로 194,http://futureheritage.seoul.go.kr/HeritageImg/heritage/2013132/JPG/2013132_017_thumb.jpg,서초구,,"https://upload.wikimedia.org/wikipedia/commons/thumb/c/ce/Seoul_Express_Bus_Terminal.jpg/1200px-Seoul_Express_Bus_Terminal.jpg, https://i.namu.wiki/i/9-z_IsOVFM8MFFTph6nUrJtHX_wB1NqipEHwoLwn8edUoSPxQpc5WyQpsOf3zjYpvpYkNa-eE4SG871eZ_cXVg.webp, https://mediahub.seoul.go.kr/wp-content/uploads/2019/04/a82acd6dc302b55512308726913c946c.jpg, https://i.ytimg.com/vi/E0X1NPqS0Ms/maxresdefault.jpg"
101,101,101,http://futureheritage.seoul.go.kr/HeritageImg/heritage/2014014/jpg/2014014_013_thumb.jpg,근현대 100년의 기억 정동,약 2시간 반,2,4.19혁명기념도서관,126.967695,126.967695,종로구 새문안로 17,http://futureheritage.seoul.go.kr/HeritageImg/heritage/2013002/jpg/2013002_001_thumb.jpg,종로구,,"https://cdn.newsnbook.com/news/photo/202004/1832_2401_2853.jpg, https://mediahub.seoul.go.kr/uploads/2016/04/3cae3ebde63ef93c9b94a152309f1d65.jpg"
102,102,101,http://futureheritage.seoul.go.kr/HeritageImg/heritage/2014014/jpg/2014014_013_thumb.jpg,근현대 100년의 기억 정동,약 2시간 반,0,서울광장,126.978204,126.978204,중구 태평로1가 54-3,http://futureheritage.seoul.go.kr/HeritageImg/heritage/20171016153056_01_thumb.jpg,중구,,"https://upload.wikimedia.org/wikipedia/commons/3/33/%EC%84%9C%EC%9A%B8%EA%B4%91%EC%9E%A5_%EC%A0%84%EA%B2%BD.JPG, https://seoulboard.seoul.go.kr/comm/getImage?srvcId=BBSTY3&upperNo=314969&fileTy=ATTACH&fileNo=5&bbsNo=5223&thumbTy=M, https://img.khan.co.kr/news/2022/12/05/news-p.v1.20221205.d87ccba111e74b3c99fc73ef1547aa4a_P1.jpg, https://mediahub.seoul.go.kr/uploads/mediahub/2022/09/EhdvroCIXcLTSOXSIZcwYsZcqnKuEjZV.jpg"
103,103,101,http://futureheritage.seoul.go.kr/HeritageImg/heritage/2014014/jpg/2014014_013_thumb.jpg,근현대 100년의 기억 정동,약 2시간 반,1,세실극장,126.976565,126.976565,중구 세종대로19길 16,http://futureheritage.seoul.go.kr/HeritageImg/heritage/2013163/jpg/2013163_001_thumb.jpg,중구,,"https://mediahub.seoul.go.kr/wp-content/uploads/2020/02/709ed6253ff711d12f54d5b7dc1ed95c.jpg, https://mediahub.seoul.go.kr/uploads/mediahub/2021/04/oKbhPPgxkgrryWuVdOXhOhYTAdUlfvXW.jpg, https://img.khan.co.kr/news/2022/04/26/l_2022042701003313900297261.jpg, https://mediahub.seoul.go.kr/wp-content/uploads/2018/03/8bae2703d2134ba042933d484746a491.jpg"
104,104,81,http://futureheritage.seoul.go.kr/HeritageImg/heritage/2014014/jpg/2014014_013_thumb.jpg,&apos;권력의 캔버스&apos; 남산의 어제와 오늘 그리고 미래,약 3시간,3,서울종합방재센터,126.991556,126.991556,중구 퇴계로2가길 6,http://futureheritage.seoul.go.kr/HeritageImg/heritage/2013148/jpg/2013148_001_thumb.jpg,중구,,"https://119.seoul.go.kr/images/intro/logo_01.jpg, https://119.seoul.go.kr/images/intro/logo_04.gif, https://res.heraldm.com/content/image/2015/11/09/20151109000297_p.jpg"
105,105,81,http://futureheritage.seoul.go.kr/HeritageImg/heritage/2014014/jpg/2014014_013_thumb.jpg,&apos;권력의 캔버스&apos; 남산의 어제와 오늘 그리고 미래,약 3시간,2,남산원 본관,126.988628,126.988628,중구 소파로2길 31,http://futureheritage.seoul.go.kr/HeritageImg/heritage/2013051/jpg/2013051_001_thumb.jpg,중구,,https://www.fnnews.com/resource/media/image/2018/02/01/201802011735052664_l.jpg
106,106,81,http://futureheritage.seoul.go.kr/HeritageImg/heritage/2014014/jpg/2014014_013_thumb.jpg,&apos;권력의 캔버스&apos; 남산의 어제와 오늘 그리고 미래,약 3시간,1,한양공원 비,126.982856,126.982856,중구 소파로 57,http://futureheritage.seoul.go.kr/HeritageImg/heritage/2013278/jpg/2013278_011_thumb.jpg,중구,,"https://img.seoul.co.kr//img/upload/2017/06/28/SSI_20170628165023.jpg, https://blog.kakaocdn.net/dn/bHUYM3/btq0njevoPX/oT55PqEIg9iOcKBEDKWZG0/img.jpg"
107,107,81,http://futureheritage.seoul.go.kr/HeritageImg/heritage/2014014/jpg/2014014_013_thumb.jpg,&apos;권력의 캔버스&apos; 남산의 어제와 오늘 그리고 미래,약 3시간,0,남산육교,126.976341,126.976341,중구 남창동 235-1,http://futureheritage.seoul.go.kr/HeritageImg/heritage/2014014/jpg/2014014_013_thumb.jpg,중구,,"https://mediahub.seoul.go.kr/uploads/2016/03/90742add0dd0ea0e7a793d17d70abf67.jpg, https://mblogthumb-phinf.pstatic.net/MjAyMTA0MTNfNzQg/MDAxNjE4MzE5OTcyMDQ4.LyYaJucUXhZT8mVi3mIXEgdzqlWpdlRbVVGer_opaWwg._N1ioIpbFFb3pqoSmT9l72m5ZikHZ6vnKHb-cVgXYIcg.JPEG.hanbam/DSC01750-966.JPG?type=w800, https://weekly.hankooki.com/news/photo/200310/2190854_11628_1447.jpg, https://thumb.mt.co.kr/06/2016/03/2016032009053039592_1.jpg/dims/optimize/"
108,108,63,http://futureheritage.seoul.go.kr/HeritageImg/heritage/2014014/jpg/2014014_013_thumb.jpg,"광희동에서 장충동까지, 한양도성 따라 만나는 지난 100년",약 3시간,0,국립극장,126.999728,126.999728,중구 장충단로 59,http://futureheritage.seoul.go.kr/HeritageImg/heritage/2013027/jpg/2013027_001_thumb.jpg,중구,,"https://m.ntok.go.kr/images/sub/img_theater02_01.jpg, https://m.ntok.go.kr/images/sub/img_theater01_01.jpg, https://m.ntok.go.kr/images/sub/img_theater01_new02.jpg"
109,109,63,http://futureheritage.seoul.go.kr/HeritageImg/heritage/2014014/jpg/2014014_013_thumb.jpg,"광희동에서 장충동까지, 한양도성 따라 만나는 지난 100년",약 3시간,4,장충동 족발골목,127.005894,127.005894,중구 장충단로 174-1 일대,http://futureheritage.seoul.go.kr/HeritageImg/heritage/2013229/jpg/2013229_001_thumb.jpg,중구,,"https://korean.visitseoul.net/comm/getImage?srvcId=POST&parentSn=29047&fileTy=POSTTHUMB&fileNo=1, https://mblogthumb-phinf.pstatic.net/MjAxODA0MTVfMTk4/MDAxNTIzNzk5NDcyNDI3.hnSfG3zBiKB9z79ogI0V0NWziSeeBXgGXwflvg87Zosg.Ty4Jv1e_TyQEhaw3EGEURfRzlfM4XFS2H9u8Nj5ohQcg.JPEG.postman6666/%EC%9E%A5%EC%B6%A9%EB%8F%99_%EC%A1%B1%EB%B0%9C%EA%B3%A8%EB%AA%A9_%ED%8F%89%EC%95%88%EB%8F%84%EC%A1%B1%EB%B0%9C%EC%A7%91_%EC%88%98%EC%9A%94%EB%AF%B8%EC%8B%9D%ED%9A%8C_%EB%A7%9B%EC%A7%91_%282%29.jpg?type=w800, https://cdn.visitkorea.or.kr/img/call?cmd=VIEW&id=20e3e9cd-f11d-458a-b75e-8157a75042bb, https://mblogthumb-phinf.pstatic.net/MjAxODA0MTVfMjU2/MDAxNTIzNzk5NDcyMzcy.EZsJirWSo98uj64PyEWskjA9OFUNVam5-jIn8PNdw_Yg.3ahn3myjI-VN0LnW-8VOdKQO_aIMOTkpbt0vS2z2sRsg.JPEG.postman6666/%EC%9E%A5%EC%B6%A9%EB%8F%99_%EC%A1%B1%EB%B0%9C%EA%B3%A8%EB%AA%A9_%ED%8F%89%EC%95%88%EB%8F%84%EC%A1%B1%EB%B0%9C%EC%A7%91_%EC%88%98%EC%9A%94%EB%AF%B8%EC%8B%9D%ED%9A%8C_%EB%A7%9B%EC%A7%91_%281%29.jpg?type=w800"
110,110,63,http://futureheritage.seoul.go.kr/HeritageImg/heritage/2014014/jpg/2014014_013_thumb.jpg,"광희동에서 장충동까지, 한양도성 따라 만나는 지난 100년",약 3시간,3,장충체육관,127.006817,127.006817,중구 동호로 241,http://futureheritage.seoul.go.kr/HeritageImg/heritage/2013231/jpg/2013231_006_thumb.jpg,중구,,"https://i.namu.wiki/i/fr0A4jR8P_RWTmOsUSCl_hxarvEW9W_lWlOX8wX-TG8qmBb8ruzsnsnlAfz_B9nqTR6YmDH-hvVwvUglXLajRA.webp, https://www.sisul.or.kr/open_content/jangchung/images/intro.jpg, https://mediahub.seoul.go.kr/wp-content/uploads/2014/11/78adc288ede94c0c08db0102149699e8.jpg, https://i.namu.wiki/i/O16eeSIZkiazdTttUvXvLbF6lpwjq3SGrGT_K--KNgWZbxW8KpO_GNZjr94DvcraMYJyslcQfheY0_RWV3i-Xg.webp"
111,111,63,http://futureheritage.seoul.go.kr/HeritageImg/heritage/2014014/jpg/2014014_013_thumb.jpg,"광희동에서 장충동까지, 한양도성 따라 만나는 지난 100년",약 3시간,1,장충테니스장,127.002218,127.002218,중구 장충단로 내,http://futureheritage.seoul.go.kr/HeritageImg/heritage/2013232/jpg/2013232_006_thumb.jpg,중구,,"https://mblogthumb-phinf.pstatic.net/MjAyMzAxMTNfMTQx/MDAxNjczNTk0NTMwMjk4.rmEq70NEO-lj0Z0qeoUpcwOIYKxmz-usXM6VVgTNOsQg.OtPdL-SXF8s_uY6KI5yYvupLe5jfBD_H4DxKvJDTro0g.JPEG.hean_a/output_3948234304.jpg?type=w800, https://mblogthumb-phinf.pstatic.net/MjAyMjEwMjVfNTIg/MDAxNjY2NzAzMjY5NzEz._osIk0-TqZNyL9yKxY5oxivXTOwRML7NLy9q7qn79QAg.noULAjKja3DPJEFasfGy_vmQoTWl7HJjxf7nCjbkCZUg.JPEG.jgc990203/IMG_2479.jpg?type=w800"
112,112,63,http://futureheritage.seoul.go.kr/HeritageImg/heritage/2014014/jpg/2014014_013_thumb.jpg,"광희동에서 장충동까지, 한양도성 따라 만나는 지난 100년",약 3시간,2,장충리틀야구장,127.003615,127.003615,장충동2가 197,http://futureheritage.seoul.go.kr/HeritageImg/heritage/20171017143708_01_thumb.jpg,,,"https://sports.seoul.go.kr/file/view/FID00000779/0.do, https://ilyo.co.kr/contents/article/images/2010/0628/1277696416382770.jpg"
