category_id,name,district,address,latitude,longitude,price,phone_number,image_url,description,참가규모,page_url,work_time
1,축구(송파여성축구장),송파,서울특별시 송파구 방이동88,37.52103148,127.1161651,유료,,https://images.unsplash.com/photo-1551958219-acbc608c6377?auto=format&fit=crop&q=80&w=1170&ixlib=rb-4.0.3&ixid=M3wxMjA3fDB8MHxwaG90by1wYWdlfHx8fGVufDB8fHx8fA%3D%3D,정확한 가격은 지자체에 문의,30명,,"월, 금 10:00~12:00"
1,특수체육(하상장애인복지관),강남,서울특별시 강남구 개포로613,37.49255359,127.0751317,유료,02-451-6000,https://img.freepik.com/free-photo/full-shot-friends-playing-basketball-together_23-2149392042.jpg?w=1060&t=st=1698657763~exp=1698658363~hmac=489643b18a892a3e188b897428724d75c9e941d121e9fea9916c53af9bb537d4,정확한 가격은 지자체에 문의,8명,http://www.hasang.org/main/main.php,화 15:30~16:20 / 화 16:20~17:00
1,각 종 뉴스포츠(비상청소년사회복귀시설),관악,서울특별시 관악구 남부순환로 2054,37.47633698,126.9769252,유료,070-4200-4401,https://img.freepik.com/free-photo/sports-tools_53876-138077.jpg?w=1060&t=st=1698657803~exp=1698658403~hmac=00859a66d1826f1d0158cc6967a418d2f3d17963e36f9a4ae3ce9aad1d510e73,정확한 가격은 지자체에 문의,20명,http://www.visang.or.kr/,화 13:30~14:10 / 화 14:10~14:50
1,기초체력(노들나루공원),동작,서울특별시 동작구 노량진로 247,37.51453063,126.9524302,유료,02-820-9435,https://images.unsplash.com/photo-1487956382158-bb926046304a?auto=format&fit=crop&q=80&w=1171&ixlib=rb-4.0.3&ixid=M3wxMjA3fDB8MHxwaG90by1wYWdlfHx8fGVufDB8fHx8fA%3D%3D,정확한 가격은 지자체에 문의,30명,www.dongjak.go.kr/healthcare/main/main.do,화 10:00~11:00
1,생활체조(사당분소),동작,서울특별시 동작구 사당로 253-3,37.4836744,126.9758707,유료,02-820-9644,https://img.freepik.com/free-photo/men-and-women-warm-up-before-and-after-exercising_1150-23003.jpg?w=1060&t=st=1698655137~exp=1698655737~hmac=fbcb731e03e38413e76c25c99f1c393cde5bbd5247d2dd3ec385c04c355d58fe,정확한 가격은 지자체에 문의,20명,,금 13:00~13:40 / 화 13:40~14:20
1,"스트레칭, 근력운동(상도어울마당)",동작,서울특별시 동작구 성대로 180,37.49925547,126.9403722,유료,,https://images.unsplash.com/photo-1517963879433-6ad2b056d712?auto=format&fit=crop&q=80&w=1170&ixlib=rb-4.0.3&ixid=M3wxMjA3fDB8MHxwaG90by1wYWdlfHx8fGVufDB8fHx8fA%3D%3D,정확한 가격은 지자체에 문의,20명,www.dongjak.go.kr/healthcare/main/main.do,"화, 목 14:00~14:45 / 화, 목 15:00~15:40"
1,요가(사당롯데캐슬 아파트),동작,"서울특별시 동작구 사당로27길 190, 106동 지하2층",37.49095711,126.9715874,유료,,https://images.unsplash.com/photo-1544367567-0f2fcb009e0b?auto=format&fit=crop&q=80&w=1220&ixlib=rb-4.0.3&ixid=M3wxMjA3fDB8MHxwaG90by1wYWdlfHx8fGVufDB8fHx8fA%3D%3D,정확한 가격은 지자체에 문의,15명,,"수, 금 11:00~11:45"
1,축구(노들나루공원잔디구장),동작,서울특별시 동작구 노량진로 247,37.51453063,126.9524302,유료,,https://images.unsplash.com/photo-1551958219-acbc608c6377?auto=format&fit=crop&q=80&w=1170&ixlib=rb-4.0.3&ixid=M3wxMjA3fDB8MHxwaG90by1wYWdlfHx8fGVufDB8fHx8fA%3D%3D,정확한 가격은 지자체에 문의,20명,,"목, 금 10:00~12:00"
1,"헬스,필라테스(대림1동 주민자치센터)",영등포,서울특별시 영등포구 디지털로 441 대림제1동 사무소 체육관3층,37.49545723,126.905842,유료,02-2670-1379,https://img.freepik.com/free-photo/woman-with-trainer-practising-yoga_1303-14852.jpg?w=1060&t=st=1698656220~exp=1698656820~hmac=0f3694f5ee6513e12f8ef054465674fec618e47e056bd9d7756ec1dadd3de5ea,정확한 가격은 지자체에 문의,15명,,월 09:50~10:30 / 월 10:30~11:10
1,헬스(신길7동주민센터),영등포,서울특별시 영등포구 여의대방로43길 10,37.50639203,126.9215141,유료,02-2670-1365,https://images.unsplash.com/photo-1517963879433-6ad2b056d712?auto=format&fit=crop&q=80&w=1170&ixlib=rb-4.0.3&ixid=M3wxMjA3fDB8MHxwaG90by1wYWdlfHx8fGVufDB8fHx8fA%3D%3D,정확한 가격은 지자체에 문의,20명,,수 10:00~10:40 / 수 10:40~11:20
1,"스트레칭,헬스(영등포구자치회관헬스장)",영등포,서울특별시 영등포구 국회대로44길4,37.52538799,126.9036383,유료,02-2068-8810,https://images.unsplash.com/photo-1517963879433-6ad2b056d712?auto=format&fit=crop&q=80&w=1170&ixlib=rb-4.0.3&ixid=M3wxMjA3fDB8MHxwaG90by1wYWdlfHx8fGVufDB8fHx8fA%3D%3D,정확한 가격은 지자체에 문의,20명,,화 09:30~10:10 / 화 10:10~10:40
1,"스트레칭,헬스(대림3동헬스장)",영등포,서울특별시 영등포구 대림로 197,37.49831352,126.8980344,유료,02-843-5536,https://images.unsplash.com/photo-1517963879433-6ad2b056d712?auto=format&fit=crop&q=80&w=1170&ixlib=rb-4.0.3&ixid=M3wxMjA3fDB8MHxwaG90by1wYWdlfHx8fGVufDB8fHx8fA%3D%3D,정확한 가격은 지자체에 문의,10명,,"월, 목 09:00~09:40"
1,생활체육(모랫말꿈터),영등포,서울특별시 영등포구 도영로11길 11,37.51062509,126.8969571,유료,,https://images.unsplash.com/photo-1487956382158-bb926046304a?auto=format&fit=crop&q=80&w=1171&ixlib=rb-4.0.3&ixid=M3wxMjA3fDB8MHxwaG90by1wYWdlfHx8fGVufDB8fHx8fA%3D%3D,정확한 가격은 지자체에 문의,15명,,수 12:50~13:30 / 13:30~14:10
1,"스트레칭,헬스(도림동자치센터 헬스장)",영등포,서울특별시 영등포구 도영로7길 10,37.5094934,126.8959996,유료,02-832-1780,https://images.unsplash.com/photo-1517963879433-6ad2b056d712?auto=format&fit=crop&q=80&w=1170&ixlib=rb-4.0.3&ixid=M3wxMjA3fDB8MHxwaG90by1wYWdlfHx8fGVufDB8fHx8fA%3D%3D,정확한 가격은 지자체에 문의,20명,,수 09:20~10:10 / 수 10:10~10:40
1,"스트레칭,헬스(신길3동주민센터 헬스장)",영등포,서울특별시 영등포구 신길로41라길 13-8,37.50729867,126.9077496,유료,02-846-9697,https://images.unsplash.com/photo-1517963879433-6ad2b056d712?auto=format&fit=crop&q=80&w=1170&ixlib=rb-4.0.3&ixid=M3wxMjA3fDB8MHxwaG90by1wYWdlfHx8fGVufDB8fHx8fA%3D%3D,정확한 가격은 지자체에 문의,20명,,화 09:50~10:30 / 10:30~11:10
1,"스트레칭,생활체조(양평동헬스장)",영등포,서울특별시 영등포구 선유서로 34길 10 4층,37.5268695,126.8874353,유료,,https://images.unsplash.com/photo-1552196563-55cd4e45efb3?auto=format&fit=crop&q=80&w=1326&ixlib=rb-4.0.3&ixid=M3wxMjA3fDB8MHxwaG90by1wYWdlfHx8fGVufDB8fHx8fA%3D%3D,정확한 가격은 지자체에 문의,20명,,월 09:50~10:30 / 10:30~11:10
1,헬스(대림1동 주민자치센터),영등포,서울특별시 영등포구 디지털로 441 대림제1동 사무소 체육관3층,37.49545723,126.905842,유료,02-2670-1379,https://images.unsplash.com/photo-1517963879433-6ad2b056d712?auto=format&fit=crop&q=80&w=1170&ixlib=rb-4.0.3&ixid=M3wxMjA3fDB8MHxwaG90by1wYWdlfHx8fGVufDB8fHx8fA%3D%3D,정확한 가격은 지자체에 문의,20명,,수 09:50~10:30 / 10:30~11:10
1,배구(구로구민체육센터),구로,서울특별시 구로구 고척로45길 39,37.50658124,126.8532759,유료,02-2681-9595,https://images.unsplash.com/photo-1612872087720-bb876e2e67d1?auto=format&fit=crop&q=80&w=1307&ixlib=rb-4.0.3&ixid=M3wxMjA3fDB8MHxwaG90by1wYWdlfHx8fGVufDB8fHx8fA%3D%3D,정확한 가격은 지자체에 문의,20명,https://www.gurosisul.or.kr/mod.asp?m=business&s=b01,"월, 수, 금 10:00~12:00"
1,헬스(G밸리보건지소),구로,"서울특별시 구로구 디지털로 243, 213호(구로동, 지하이시티)",37.48199214,126.8923489,유료,02)860-8174,https://images.unsplash.com/photo-1517963879433-6ad2b056d712?auto=format&fit=crop&q=80&w=1170&ixlib=rb-4.0.3&ixid=M3wxMjA3fDB8MHxwaG90by1wYWdlfHx8fGVufDB8fHx8fA%3D%3D,정확한 가격은 지자체에 문의,120명,https://pf.kakao.com/_XJaxdK,"화, 목 10:00~11:30"
1,특수체육(기쁜우리복지관),강서,서울특별시 강서구 허준로65,37.56927822,126.8488644,유료,02-3665-3831,https://img.freepik.com/free-photo/full-shot-friends-playing-basketball-together_23-2149392042.jpg?w=1060&t=st=1698657763~exp=1698658363~hmac=489643b18a892a3e188b897428724d75c9e941d121e9fea9916c53af9bb537d4,정확한 가격은 지자체에 문의,20명,,화 10:30~11:20
1,스트레칭(우장산동주민센터),강서,서울특별시 강서구 우현로 34,37.54828859,126.8418363,유료,02-2600-7745,https://images.unsplash.com/photo-1552196563-55cd4e45efb3?auto=format&fit=crop&q=80&w=1326&ixlib=rb-4.0.3&ixid=M3wxMjA3fDB8MHxwaG90by1wYWdlfHx8fGVufDB8fHx8fA%3D%3D,정확한 가격은 지자체에 문의,15명,,금 14:00~14:50
1,스트레칭(가양2동주민센터),강서,서울특별시 강서구 허준로 93,37.56739892,126.8512712,유료,02-2600-7808,https://images.unsplash.com/photo-1552196563-55cd4e45efb3?auto=format&fit=crop&q=80&w=1326&ixlib=rb-4.0.3&ixid=M3wxMjA3fDB8MHxwaG90by1wYWdlfHx8fGVufDB8fHx8fA%3D%3D,정확한 가격은 지자체에 문의,15명,,금 10:00~10:50
1,스트레칭(등촌9복지관),강서,서울특별시 강서구 화곡로63가길 92-(등촌3동 704) 주공9단지,37.5619516,126.8502091,유료,02-2658-4129,https://images.unsplash.com/photo-1552196563-55cd4e45efb3?auto=format&fit=crop&q=80&w=1326&ixlib=rb-4.0.3&ixid=M3wxMjA3fDB8MHxwaG90by1wYWdlfHx8fGVufDB8fHx8fA%3D%3D,정확한 가격은 지자체에 문의,15명,,목 15:10~16:40
1,헬스(공항동주민센터),강서,서울특별시 강서구 송정로 45,37.55878281,126.8100743,유료,02-2600-7935,https://images.unsplash.com/photo-1517963879433-6ad2b056d712?auto=format&fit=crop&q=80&w=1170&ixlib=rb-4.0.3&ixid=M3wxMjA3fDB8MHxwaG90by1wYWdlfHx8fGVufDB8fHx8fA%3D%3D,정확한 가격은 지자체에 문의,25명,,"목, 금 10:00~11:20/ 수 14:00~15:00"
1,헬스(염창동주민센터),강서,서울특별시 강서구 양천로67가길 63,37.55377136,126.8709657,유료,02-2600-7306,https://images.unsplash.com/photo-1517963879433-6ad2b056d712?auto=format&fit=crop&q=80&w=1170&ixlib=rb-4.0.3&ixid=M3wxMjA3fDB8MHxwaG90by1wYWdlfHx8fGVufDB8fHx8fA%3D%3D,정확한 가격은 지자체에 문의,16명,,월10:00~11:00 / 수 10:00~11:20 / 금14:00~15:00
1,헬스(우장산동주민센터),강서,서울특별시 강서구 우현로 34,37.54828859,126.8418363,유료,02-2600-7732,https://images.unsplash.com/photo-1517963879433-6ad2b056d712?auto=format&fit=crop&q=80&w=1170&ixlib=rb-4.0.3&ixid=M3wxMjA3fDB8MHxwaG90by1wYWdlfHx8fGVufDB8fHx8fA%3D%3D,정확한 가격은 지자체에 문의,10명,,"화, 금 15:00~16:00"
1,헬스(등촌2동주민센터),강서,서울특별시 강서구 등촌로143,37.54265827,126.8625035,유료,02-2600-7386,https://images.unsplash.com/photo-1517963879433-6ad2b056d712?auto=format&fit=crop&q=80&w=1170&ixlib=rb-4.0.3&ixid=M3wxMjA3fDB8MHxwaG90by1wYWdlfHx8fGVufDB8fHx8fA%3D%3D,정확한 가격은 지자체에 문의,10명,,화 10:00~11:00
1,특수체육(늘푸른나무복지관),강서,서울특별시 강서구 허준로5길 37,37.56853632,126.8511172,유료,02-3661-3401,https://img.freepik.com/free-photo/full-shot-friends-playing-basketball-together_23-2149392042.jpg?w=1060&t=st=1698657763~exp=1698658363~hmac=489643b18a892a3e188b897428724d75c9e941d121e9fea9916c53af9bb537d4,정확한 가격은 지자체에 문의,10명,www.egreedn.or.kr,목 09:50~11:30
1,특수체육(그라나다보호작업센터),강서,서울특별시 강서구 허준로5길 37 늘푸른나무 복지관,37.56853632,126.8511172,유료,02-3661-3402,https://img.freepik.com/free-photo/full-shot-friends-playing-basketball-together_23-2149392042.jpg?w=1060&t=st=1698657763~exp=1698658363~hmac=489643b18a892a3e188b897428724d75c9e941d121e9fea9916c53af9bb537d4,정확한 가격은 지자체에 문의,30명,www.granada.or.kr,화 09:20~11:00
1,헬스(등촌2동주민센터헬스장),강서,서울특별시 강서구 등촌로 143,37.54265827,126.8625035,유료,02-2600-7395,https://images.unsplash.com/photo-1517963879433-6ad2b056d712?auto=format&fit=crop&q=80&w=1170&ixlib=rb-4.0.3&ixid=M3wxMjA3fDB8MHxwaG90by1wYWdlfHx8fGVufDB8fHx8fA%3D%3D,정확한 가격은 지자체에 문의,10명,,월 10:00~10:40 / 수 09:30~10:40 / 수 10:40~11:50
1,헬스(가양3동주민센터),강서,서울특별시 강서구 허준로 202,37.56108697,126.8605577,유료,02-2600-7865,https://images.unsplash.com/photo-1517963879433-6ad2b056d712?auto=format&fit=crop&q=80&w=1170&ixlib=rb-4.0.3&ixid=M3wxMjA3fDB8MHxwaG90by1wYWdlfHx8fGVufDB8fHx8fA%3D%3D,정확한 가격은 지자체에 문의,20명,,목 14:00~15:00
1,헬스(우장산주민센터),강서,서울특별시 강서구 우현로 34?,37.54828859,126.8418363,유료,02-2600-7745,https://images.unsplash.com/photo-1517963879433-6ad2b056d712?auto=format&fit=crop&q=80&w=1170&ixlib=rb-4.0.3&ixid=M3wxMjA3fDB8MHxwaG90by1wYWdlfHx8fGVufDB8fHx8fA%3D%3D,정확한 가격은 지자체에 문의,20명,,수10:00~11:20 / 금10:00~11:20
1,헬스(가양2동주민센터),강서,서울특별시 강서구 허준로 93,37.56739892,126.8512712,유료,02-2600-7825,https://images.unsplash.com/photo-1517963879433-6ad2b056d712?auto=format&fit=crop&q=80&w=1170&ixlib=rb-4.0.3&ixid=M3wxMjA3fDB8MHxwaG90by1wYWdlfHx8fGVufDB8fHx8fA%3D%3D,정확한 가격은 지자체에 문의,20명,,화 14:00~15:00
1,헬스(등촌3동주민센터),강서,서울특별시?강서구 화곡로63길 96 등,37.55888771,126.8479185,유료,02-2600-7445,https://images.unsplash.com/photo-1517963879433-6ad2b056d712?auto=format&fit=crop&q=80&w=1170&ixlib=rb-4.0.3&ixid=M3wxMjA3fDB8MHxwaG90by1wYWdlfHx8fGVufDB8fHx8fA%3D%3D,정확한 가격은 지자체에 문의,20명,,월 14:00~15:20 / 목 10:00~11:20
1,보디빌딩(화곡6동주민센터),강서,서울특별시 강서구 화곡로312,37.55181666,126.8500765,유료,02-26007646,https://images.unsplash.com/photo-1526506118085-60ce8714f8c5?auto=format&fit=crop&q=80&w=1287&ixlib=rb-4.0.3&ixid=M3wxMjA3fDB8MHxwaG90by1wYWdlfHx8fGVufDB8fHx8fA%3D%3D,정확한 가격은 지자체에 문의,20명,,금 10:00~11:20
1,보디빌딩(화곡3동주민센터),강서,서울특별시 강서구 강서로33가길 17,37.54252631,126.8384139,유료,02-2600-7565,https://images.unsplash.com/photo-1526506118085-60ce8714f8c5?auto=format&fit=crop&q=80&w=1287&ixlib=rb-4.0.3&ixid=M3wxMjA3fDB8MHxwaG90by1wYWdlfHx8fGVufDB8fHx8fA%3D%3D,정확한 가격은 지자체에 문의,20명,,수 15:00~16:30
1,보디빌딩(화곡4동주민센터),강서,서울특별시 강서구 곰달래로57가길26,37.53480238,126.8607489,유료,02-2600-7604,https://images.unsplash.com/photo-1526506118085-60ce8714f8c5?auto=format&fit=crop&q=80&w=1287&ixlib=rb-4.0.3&ixid=M3wxMjA3fDB8MHxwaG90by1wYWdlfHx8fGVufDB8fHx8fA%3D%3D,정확한 가격은 지자체에 문의,20명,,수 10:00~11:20
1,"요가,헬스(화곡6동주민센터)",강서,서울특별시 강서구 화곡로312,37.55181666,126.8500765,유료,02-2600-7665,https://images.unsplash.com/photo-1544367567-0f2fcb009e0b?auto=format&fit=crop&q=80&w=1220&ixlib=rb-4.0.3&ixid=M3wxMjA3fDB8MHxwaG90by1wYWdlfHx8fGVufDB8fHx8fA%3D%3D,정확한 가격은 지자체에 문의,20명,,화 09:40~11:10
1,"요가,헬스(우장산동주민센터)",강서,서울특별시 강서구 우현로 34,37.54828859,126.8418363,유료,02-2600-7745,https://images.unsplash.com/photo-1544367567-0f2fcb009e0b?auto=format&fit=crop&q=80&w=1220&ixlib=rb-4.0.3&ixid=M3wxMjA3fDB8MHxwaG90by1wYWdlfHx8fGVufDB8fHx8fA%3D%3D,정확한 가격은 지자체에 문의,20명,,"월, 금 09:40~11:20"
1,뉴스포츠(기쁜우리복지관 지하1층),강서,서울특별시 강서구 허준로65,37.56927822,126.8488644,유료,02-3665-3831,https://img.freepik.com/free-photo/sports-tools_53876-138077.jpg?w=1060&t=st=1698657803~exp=1698658403~hmac=00859a66d1826f1d0158cc6967a418d2f3d17963e36f9a4ae3ce9aad1d510e73,정확한 가격은 지자체에 문의,10명,http://www.gibbun.or.kr,목 10:30~11:30
1,족구(해누리족구장),양천,서울 양천구 안양천로 711,37.5115265,126.872374,유료,,https://jobsinfootball.com/files/pictures/soccer_tennis.jpg,정확한 가격은 지자체에 문의,15명,,"화, 목 10:30~11:30"
1,헬스&근력운동(G.X)(신월4동주민센터),양천,서울특별시 양천구 오목로5길 34,37.52469581,126.8400811,유료,2620-4115,https://images.unsplash.com/photo-1517963879433-6ad2b056d712?auto=format&fit=crop&q=80&w=1170&ixlib=rb-4.0.3&ixid=M3wxMjA3fDB8MHxwaG90by1wYWdlfHx8fGVufDB8fHx8fA%3D%3D,정확한 가격은 지자체에 문의,20명,https://www.yangcheon.go.kr/dong/sinwol04/main.do,화 10:00~11:30 / 목 10:00~11:30
1,헬스&근력운동(G.X)(목4동주민센터),양천,서울특별시 양천구 목동중앙로25(목동),37.53243314,126.8683948,유료,2620-4000,https://images.unsplash.com/photo-1517963879433-6ad2b056d712?auto=format&fit=crop&q=80&w=1170&ixlib=rb-4.0.3&ixid=M3wxMjA3fDB8MHxwaG90by1wYWdlfHx8fGVufDB8fHx8fA%3D%3D,정확한 가격은 지자체에 문의,20명,https://www.yangcheon.go.kr/dong/mok04/main.do,수 10:00~11:30 / 금 10:00~11:30
1,탁구(한빛종합사회복지관),양천,서울특별시 양천구 신월로11길 16,37.51907402,126.8402256,유료,02-2690-8762,https://images.unsplash.com/photo-1564518440696-ef272968778e?auto=format&fit=crop&q=80&w=1170&ixlib=rb-4.0.3&ixid=M3wxMjA3fDB8MHxwaG90by1wYWdlfHx8fGVufDB8fHx8fA%3D%3D,정확한 가격은 지자체에 문의,15명,http://www.han-bit.or.kr/,수 14:00~14:40 / 금 14:00~14:40 / 금 14:50~15:30
1,탁구(목동종합사회복지관),양천,서울특별시 양천구 목동중앙북로8길104,37.54424009,126.8663764,유료,02-2651-2333,https://images.unsplash.com/photo-1564518440696-ef272968778e?auto=format&fit=crop&q=80&w=1170&ixlib=rb-4.0.3&ixid=M3wxMjA3fDB8MHxwaG90by1wYWdlfHx8fGVufDB8fHx8fA%3D%3D,정확한 가격은 지자체에 문의,15명,http://sseoul.or.kr/,금 16:00~16:40 / 금 16:50~17:30
1,탁구(신정종합사회복지관),양천,서울특별시 양천구 신정중앙로 36,37.52730285,126.8555308,유료,02-2651-2332,https://images.unsplash.com/photo-1564518440696-ef272968778e?auto=format&fit=crop&q=80&w=1170&ixlib=rb-4.0.3&ixid=M3wxMjA3fDB8MHxwaG90by1wYWdlfHx8fGVufDB8fHx8fA%3D%3D,정확한 가격은 지자체에 문의,15명,http://sseoul.or.kr/,"월, 수16:00~16:40 / 월, 수 16:50~17:30"
1,탁구(목동종합사회복지관),양천,서울특별시 양천구 목동중앙북로8길 104,37.54424009,126.8663764,유료,02-2651-2333,https://images.unsplash.com/photo-1564518440696-ef272968778e?auto=format&fit=crop&q=80&w=1170&ixlib=rb-4.0.3&ixid=M3wxMjA3fDB8MHxwaG90by1wYWdlfHx8fGVufDB8fHx8fA%3D%3D,정확한 가격은 지자체에 문의,15명,http://sseoul.or.kr/,월 14:00~14:40 / 월 14:50~15:30
1,생활체조(아현건강증진센터),마포,서울특별시 마포구 마포대로11길 44-81,37.55212686,126.9512971,유료,02-3153-9882,https://img.freepik.com/free-photo/men-and-women-warm-up-before-and-after-exercising_1150-23003.jpg?w=1060&t=st=1698655137~exp=1698655737~hmac=fbcb731e03e38413e76c25c99f1c393cde5bbd5247d2dd3ec385c04c355d58fe,정확한 가격은 지자체에 문의,15명,,월 13:30~14:30 / 수 13:30~14:30
1,뉴스포츠(북아현방과후교실),서대문,서울특별시 서대문구 충정로 52,37.56335057,126.9658861,유료,02-364-3462,https://img.freepik.com/free-photo/sports-tools_53876-138077.jpg?w=1060&t=st=1698657803~exp=1698658403~hmac=00859a66d1826f1d0158cc6967a418d2f3d17963e36f9a4ae3ce9aad1d510e73,정확한 가격은 지자체에 문의,25명,,"월, 수, 금 15:00~16:20"
1,헬스(홍제천 일대),서대문,서울 서대문구 연희동 170-181,37.5798169,126.9356641,유료,02-335-7330,https://images.unsplash.com/photo-1517963879433-6ad2b056d712?auto=format&fit=crop&q=80&w=1170&ixlib=rb-4.0.3&ixid=M3wxMjA3fDB8MHxwaG90by1wYWdlfHx8fGVufDB8fHx8fA%3D%3D,정확한 가격은 지자체에 문의,20명,,"월, 화, 수, 목 09:00~10:30/ 월, 수 14:00~15:30 / 금 14:00~15:30"
1,경춘선 숲길 걷기 수업(경춘선숲길),노원,서울특별시 노원구 동일로198가길 149,37.63039111,127.0670364,유료,,https://images.unsplash.com/photo-1487956382158-bb926046304a?auto=format&fit=crop&q=80&w=1171&ixlib=rb-4.0.3&ixid=M3wxMjA3fDB8MHxwaG90by1wYWdlfHx8fGVufDB8fHx8fA%3D%3D,정확한 가격은 지자체에 문의,15명,,"월, 수 10:00~10:45, 10:45~11:30 / 목 10:00~10:40, 10:40~11:20 / 금 10:00~10:40, 10:40~11:20"
1,경춘선 숲길 걷기 수업(경춘선 숲길),노원,서울특별시 노원구 동일로198가길 149,37.63039111,127.0670364,유료,,https://images.unsplash.com/photo-1487956382158-bb926046304a?auto=format&fit=crop&q=80&w=1171&ixlib=rb-4.0.3&ixid=M3wxMjA3fDB8MHxwaG90by1wYWdlfHx8fGVufDB8fHx8fA%3D%3D,정확한 가격은 지자체에 문의,20명,,"월, 금 10:00~10:40 / 월, 금 10:40~11:20"
1,헬스(오동생활체육공원),강북,서울특별시 강북구 오패산로52라길 149,37.62080086,127.0344901,유료,02-989-3422,https://images.unsplash.com/photo-1517963879433-6ad2b056d712?auto=format&fit=crop&q=80&w=1170&ixlib=rb-4.0.3&ixid=M3wxMjA3fDB8MHxwaG90by1wYWdlfHx8fGVufDB8fHx8fA%3D%3D,정확한 가격은 지자체에 문의,15명,,"월, 수, 금 15:00~16:30"
1,축구(강북구민운동장),강북,서울특별시 강북구 오현로 187-25,37.62942638,127.0379894,유료,,https://images.unsplash.com/photo-1551958219-acbc608c6377?auto=format&fit=crop&q=80&w=1170&ixlib=rb-4.0.3&ixid=M3wxMjA3fDB8MHxwaG90by1wYWdlfHx8fGVufDB8fHx8fA%3D%3D,정확한 가격은 지자체에 문의,35명,,수 13:40~16:00
1,생활체조(래미안라센트아파트),성북,서울특별시 성북구 종암로24가길 80,37.59931367,127.0392269,유료,02-917-1426,https://img.freepik.com/free-photo/men-and-women-warm-up-before-and-after-exercising_1150-23003.jpg?w=1060&t=st=1698655137~exp=1698655737~hmac=fbcb731e03e38413e76c25c99f1c393cde5bbd5247d2dd3ec385c04c355d58fe,정확한 가격은 지자체에 문의,20명,,목 10:00~10:45
1,걷기운동(북한산둘레길),성북,서울특별시 성북구 솔샘로25길 121-50,37.62095698,127.0068831,유료,02-3676-7330,https://images.unsplash.com/photo-1487956382158-bb926046304a?auto=format&fit=crop&q=80&w=1171&ixlib=rb-4.0.3&ixid=M3wxMjA3fDB8MHxwaG90by1wYWdlfHx8fGVufDB8fHx8fA%3D%3D,정확한 가격은 지자체에 문의,30명,,수 10:00~11:50
1,걷기운동(성북동성곽길),성북,서울특별시 성북구,37.58935882,127.0167029,유료,,https://images.unsplash.com/photo-1487956382158-bb926046304a?auto=format&fit=crop&q=80&w=1171&ixlib=rb-4.0.3&ixid=M3wxMjA3fDB8MHxwaG90by1wYWdlfHx8fGVufDB8fHx8fA%3D%3D,정확한 가격은 지자체에 문의,30명,,월 10:00~11:50
1,걷기운동(북서울꿈의숲),성북,서울특별시 강북구 월계로 173,37.62025446,127.0443247,유료,02-3676-7330,https://images.unsplash.com/photo-1487956382158-bb926046304a?auto=format&fit=crop&q=80&w=1171&ixlib=rb-4.0.3&ixid=M3wxMjA3fDB8MHxwaG90by1wYWdlfHx8fGVufDB8fHx8fA%3D%3D,정확한 가격은 지자체에 문의,30명,,금 10:00~11:50
1,생활체조(성북구보건소),성북,서울특별시 성북구 화랑로 63,37.60271066,127.0395333,유료,,https://img.freepik.com/free-photo/men-and-women-warm-up-before-and-after-exercising_1150-23003.jpg?w=1060&t=st=1698655137~exp=1698655737~hmac=fbcb731e03e38413e76c25c99f1c393cde5bbd5247d2dd3ec385c04c355d58fe,정확한 가격은 지자체에 문의,50명,http://www.sb.go.kr/bogunso/main.do,"화, 목 15:50~17:10"
1,생활체조(정릉 e편한세상아파트),성북,서울특별시 성북구 북악산로 851,37.60025102,127.0183154,유료,02-914-1871,https://img.freepik.com/free-photo/men-and-women-warm-up-before-and-after-exercising_1150-23003.jpg?w=1060&t=st=1698655137~exp=1698655737~hmac=fbcb731e03e38413e76c25c99f1c393cde5bbd5247d2dd3ec385c04c355d58fe,정확한 가격은 지자체에 문의,20명,,금 10:00~10:50
1,생활체조(성북구보건소),성북,서울특별시 성북구 화랑로63,37.60271066,127.0395333,유료,02-2241-1749,https://img.freepik.com/free-photo/men-and-women-warm-up-before-and-after-exercising_1150-23003.jpg?w=1060&t=st=1698655137~exp=1698655737~hmac=fbcb731e03e38413e76c25c99f1c393cde5bbd5247d2dd3ec385c04c355d58fe,정확한 가격은 지자체에 문의,30명,www.sb.go.kr/bogunso/main.do,"월, 수 15:50~16:30 / 월, 수 16:30~17:10"
1,걷기(성북동 성곽길),성북,서울특별시 종로구 창경궁로307 성북동 성곽길 혜화문,37.58796215,127.003505,유료,,https://images.unsplash.com/photo-1487956382158-bb926046304a?auto=format&fit=crop&q=80&w=1171&ixlib=rb-4.0.3&ixid=M3wxMjA3fDB8MHxwaG90by1wYWdlfHx8fGVufDB8fHx8fA%3D%3D,정확한 가격은 지자체에 문의,30명,,월 10:00~11:00 / 월 11:00~12:00
1,걷기(북서울꿈의숲),성북,서울특별시 강북구 월계로 173,37.62025446,127.0443247,유료,02-3676-7330,https://images.unsplash.com/photo-1487956382158-bb926046304a?auto=format&fit=crop&q=80&w=1171&ixlib=rb-4.0.3&ixid=M3wxMjA3fDB8MHxwaG90by1wYWdlfHx8fGVufDB8fHx8fA%3D%3D,정확한 가격은 지자체에 문의,30명,,금 10:00~11:20
1,생활체조(돈암코오롱아파트),성북,서울특별시 성북구 아리랑로 75,37.59883026,127.0136255,유료,010-8331-9352,https://img.freepik.com/free-photo/men-and-women-warm-up-before-and-after-exercising_1150-23003.jpg?w=1060&t=st=1698655137~exp=1698655737~hmac=fbcb731e03e38413e76c25c99f1c393cde5bbd5247d2dd3ec385c04c355d58fe,정확한 가격은 지자체에 문의,20명,,목 10:00~10:40
1,근력운동(석관두산아파트),성북,서울특별시 성북구 화랑로48길16,37.61376289,127.0689946,유료,,https://images.unsplash.com/photo-1517963879433-6ad2b056d712?auto=format&fit=crop&q=80&w=1170&ixlib=rb-4.0.3&ixid=M3wxMjA3fDB8MHxwaG90by1wYWdlfHx8fGVufDB8fHx8fA%3D%3D,정확한 가격은 지자체에 문의,20명,,목 10:00~10:45
1,걷기(북한산둘레길),성북,서울특별시 성북구 삼선교로 30-1,37.58795905,127.009126,유료,02-3676-7330,https://images.unsplash.com/photo-1487956382158-bb926046304a?auto=format&fit=crop&q=80&w=1171&ixlib=rb-4.0.3&ixid=M3wxMjA3fDB8MHxwaG90by1wYWdlfHx8fGVufDB8fHx8fA%3D%3D,정확한 가격은 지자체에 문의,30명,,수 10:00~11:30
1,걷기(북서울꿈의숲),성북,서울특별시 성북구 삼선교로 30-1,37.58795905,127.009126,유료,02-36767-7330,https://images.unsplash.com/photo-1487956382158-bb926046304a?auto=format&fit=crop&q=80&w=1171&ixlib=rb-4.0.3&ixid=M3wxMjA3fDB8MHxwaG90by1wYWdlfHx8fGVufDB8fHx8fA%3D%3D,정확한 가격은 지자체에 문의,30명,http://www.sportssb.or.kr/,금 10:00~11:30
1,밴드운동(꿈의숲코오롱하늘채아파트),성북,서울특별시 성북구 돌곶이로 220,37.61901822,127.0464327,유료,010-3499-7854,https://images.unsplash.com/photo-1517130038641-a774d04afb3c?auto=format&fit=crop&q=80&w=1170&ixlib=rb-4.0.3&ixid=M3wxMjA3fDB8MHxwaG90by1wYWdlfHx8fGVufDB8fHx8fA%3D%3D,정확한 가격은 지자체에 문의,30명,,수 10:00~10:45
1,걷기(성북동성곽길),성북,서울특별시 성북구 삼선교로 30-1,37.58795905,127.009126,유료,02-36767-7330,https://images.unsplash.com/photo-1487956382158-bb926046304a?auto=format&fit=crop&q=80&w=1171&ixlib=rb-4.0.3&ixid=M3wxMjA3fDB8MHxwaG90by1wYWdlfHx8fGVufDB8fHx8fA%3D%3D,정확한 가격은 지자체에 문의,30명,http://www.sportssb.or.kr/,월 10:00~11:30
1,생활체조(돈암2동주민센터 다목적홀),성북,서울특별시 성북구 흥천사길 7,37.59801698,127.010539,유료,010-9897-5422,https://img.freepik.com/free-photo/men-and-women-warm-up-before-and-after-exercising_1150-23003.jpg?w=1060&t=st=1698655137~exp=1698655737~hmac=fbcb731e03e38413e76c25c99f1c393cde5bbd5247d2dd3ec385c04c355d58fe,정확한 가격은 지자체에 문의,30명,,목 15:00~16:20
1,생활체조(안암동주민센터 다목적홀),성북,서울특별시 성북구 고려대로16,37.58582076,127.0213756,유료,010-4266-8991,https://img.freepik.com/free-photo/men-and-women-warm-up-before-and-after-exercising_1150-23003.jpg?w=1060&t=st=1698655137~exp=1698655737~hmac=fbcb731e03e38413e76c25c99f1c393cde5bbd5247d2dd3ec385c04c355d58fe,정확한 가격은 지자체에 문의,30명,,수 13:30~14:50
1,배드민턴(용두문화복지센터 (체육관)),동대문,서울특별시 동대문구 고산자로28길 13,37.57532359,127.0391728,유료,02-6929-2647,https://images.unsplash.com/photo-1521537634581-0dced2fee2ef?auto=format&fit=crop&q=80&w=1170&ixlib=rb-4.0.3&ixid=M3wxMjA3fDB8MHxwaG90by1wYWdlfHx8fGVufDB8fHx8fA%3D%3D,정확한 가격은 지자체에 문의,15명,,"화, 목 10:00~11:30"
1,배드민턴(광장동실내배드민턴장),광진,서울 광진구 천호대로140길 40,37.54442528,127.1001957,유료,02-458-9062,https://images.unsplash.com/photo-1521537634581-0dced2fee2ef?auto=format&fit=crop&q=80&w=1170&ixlib=rb-4.0.3&ixid=M3wxMjA3fDB8MHxwaG90by1wYWdlfHx8fGVufDB8fHx8fA%3D%3D,정확한 가격은 지자체에 문의,15명,,"화,목 13:00~14:00 / 화, 목 14:00~15:00"
1,헬스(광진구보건소운동교육실),광진,서울특별시 광진구 자양로117,37.53853161,127.0819098,유료,02-450-1300,https://images.unsplash.com/photo-1517963879433-6ad2b056d712?auto=format&fit=crop&q=80&w=1170&ixlib=rb-4.0.3&ixid=M3wxMjA3fDB8MHxwaG90by1wYWdlfHx8fGVufDB8fHx8fA%3D%3D,정확한 가격은 지자체에 문의,20명,,"화, 수 09:30~10:10 / 화, 수 10:30~11:10"
1,헬스(광진구청 보건소체력단련실),광진,서울특별시 자양로117 보건소2층,37.53853161,127.0819098,유료,02-450-1586,https://images.unsplash.com/photo-1517963879433-6ad2b056d712?auto=format&fit=crop&q=80&w=1170&ixlib=rb-4.0.3&ixid=M3wxMjA3fDB8MHxwaG90by1wYWdlfHx8fGVufDB8fHx8fA%3D%3D,정확한 가격은 지자체에 문의,10명,,목 09:30~10:30 / 목 10:30~11:30
1,라인댄스(주민센터3층체육관),광진,서울특별시 광진구 광나루로36길56,37.54241324,127.0856773,유료,02-450-1506,https://plus.unsplash.com/premium_photo-1681492508069-d558d8fa0ad7?auto=format&fit=crop&q=80&w=1171&ixlib=rb-4.0.3&ixid=M3wxMjA3fDB8MHxwaG90by1wYWdlfHx8fGVufDB8fHx8fA%3D%3D,정확한 가격은 지자체에 문의,20명,,금 10:20~11:00
1,리듬댄스(주민센터3층체육관),광진,서울특별시 광진구 광나루로36길56,37.54241324,127.0856773,유료,02-450-1506,https://plus.unsplash.com/premium_photo-1681492508069-d558d8fa0ad7?auto=format&fit=crop&q=80&w=1171&ixlib=rb-4.0.3&ixid=M3wxMjA3fDB8MHxwaG90by1wYWdlfHx8fGVufDB8fHx8fA%3D%3D,정확한 가격은 지자체에 문의,20명,,금 09:40~10:20
1,라인댄스(주민센터3층체육관),광진,서울특별시 광진구 능동로 17길39,37.54652678,127.0712676,유료,02-450-1515,https://plus.unsplash.com/premium_photo-1681492508069-d558d8fa0ad7?auto=format&fit=crop&q=80&w=1171&ixlib=rb-4.0.3&ixid=M3wxMjA3fDB8MHxwaG90by1wYWdlfHx8fGVufDB8fHx8fA%3D%3D,정확한 가격은 지자체에 문의,15명,,목 11:50~12:30
1,리듬댄스(주민센터3층체육관),광진,서울특별시 광진구 능동로 17길39,37.54652678,127.0712676,유료,02-450-1515,https://plus.unsplash.com/premium_photo-1681492508069-d558d8fa0ad7?auto=format&fit=crop&q=80&w=1171&ixlib=rb-4.0.3&ixid=M3wxMjA3fDB8MHxwaG90by1wYWdlfHx8fGVufDB8fHx8fA%3D%3D,정확한 가격은 지자체에 문의,15며,,목 11:00~11:40
1,라인댄스(주민센터3층체육관),광진,서울특별시 광진구 자양로3가길,37.52896132,127.0847812,유료,02-450-1511,https://plus.unsplash.com/premium_photo-1681492508069-d558d8fa0ad7?auto=format&fit=crop&q=80&w=1171&ixlib=rb-4.0.3&ixid=M3wxMjA3fDB8MHxwaG90by1wYWdlfHx8fGVufDB8fHx8fA%3D%3D,정확한 가격은 지자체에 문의,15명,,화 14:50~15:30
1,리듬댄스(주민센터3층체육관),광진,서울특별시 광진구 자양로3가길,37.52896132,127.0847812,유료,02-450-1511,https://plus.unsplash.com/premium_photo-1681492508069-d558d8fa0ad7?auto=format&fit=crop&q=80&w=1171&ixlib=rb-4.0.3&ixid=M3wxMjA3fDB8MHxwaG90by1wYWdlfHx8fGVufDB8fHx8fA%3D%3D,정확한 가격은 지자체에 문의,15명,,화 14:00~14:40
1,헬스(보건소 체력단련장),광진,서울특별시 광진구 자양로117,37.53853161,127.0819098,유료,02-450-1422,https://images.unsplash.com/photo-1517963879433-6ad2b056d712?auto=format&fit=crop&q=80&w=1170&ixlib=rb-4.0.3&ixid=M3wxMjA3fDB8MHxwaG90by1wYWdlfHx8fGVufDB8fHx8fA%3D%3D,정확한 가격은 지자체에 문의,20명,www.gwangjin.go.kr/health/main/main.do,수 09:20~10:00
1,배드민턴(광장복지관),광진,서울특별시 광진구 아차산로66길 8,37.54103356,127.0970671,유료,02-2201-1333,https://images.unsplash.com/photo-1521537634581-0dced2fee2ef?auto=format&fit=crop&q=80&w=1170&ixlib=rb-4.0.3&ixid=M3wxMjA3fDB8MHxwaG90by1wYWdlfHx8fGVufDB8fHx8fA%3D%3D,정확한 가격은 지자체에 문의,20명,,화 16:10~17:00
1,요가(광장복지관),광진,서울특별시 광진구 아차산로66길 8,37.54103356,127.0970671,유료,02-2201-1333,https://images.unsplash.com/photo-1544367567-0f2fcb009e0b?auto=format&fit=crop&q=80&w=1220&ixlib=rb-4.0.3&ixid=M3wxMjA3fDB8MHxwaG90by1wYWdlfHx8fGVufDB8fHx8fA%3D%3D,정확한 가격은 지자체에 문의,20명,,화 15:30~16:10
1,축구(성동구민종합체육센터),성동,서울특별시 성동구 왕십리로 89,37.54584153,127.044028,유료,02-2204-7617,https://images.unsplash.com/photo-1551958219-acbc608c6377?auto=format&fit=crop&q=80&w=1170&ixlib=rb-4.0.3&ixid=M3wxMjA3fDB8MHxwaG90by1wYWdlfHx8fGVufDB8fHx8fA%3D%3D,정확한 가격은 지자체에 문의,20명,https://www.happysd.or.kr/index.do,"화, 목 16:00~17:00"
1,요가(구립장애인주간보호센터),용산,서울특별시 용산구 한강대로 331 3층,37.54790166,126.9714991,유료,02-701-4282,https://images.unsplash.com/photo-1544367567-0f2fcb009e0b?auto=format&fit=crop&q=80&w=1220&ixlib=rb-4.0.3&ixid=M3wxMjA3fDB8MHxwaG90by1wYWdlfHx8fGVufDB8fHx8fA%3D%3D,정확한 가격은 지자체에 문의,20명,https://happylog.naver.com/hlog/yongsan4282/home,목 14:30~15:10 / 금 14:30~15:10
1,요가(구립용산장애인복지관),용산,서울특별시 용산구 효창원로 93길 49,37.54730707,126.961569,유료,070-4657-2018,https://images.unsplash.com/photo-1544367567-0f2fcb009e0b?auto=format&fit=crop&q=80&w=1220&ixlib=rb-4.0.3&ixid=M3wxMjA3fDB8MHxwaG90by1wYWdlfHx8fGVufDB8fHx8fA%3D%3D,정확한 가격은 지자체에 문의,20명,http://www.ysrehab.or.kr/,월 12:50~14:20 / 목 13:00~13:40
1,요가(효창주민센터),용산,서울특별시 용산구 효창원로 161 효창주민센터 5층 대강당,37.54250834,126.9618379,유료,010-4164-4170,https://images.unsplash.com/photo-1544367567-0f2fcb009e0b?auto=format&fit=crop&q=80&w=1220&ixlib=rb-4.0.3&ixid=M3wxMjA3fDB8MHxwaG90by1wYWdlfHx8fGVufDB8fHx8fA%3D%3D,정확한 가격은 지자체에 문의,20명,,월 11:00~11:50 / 수 11:00~11:50
1,스트레칭(효창종합사회복지관),용산,서울특별시 용산구 효창동 5-65,37.54118506,126.9630008,유료,,https://images.unsplash.com/photo-1552196563-55cd4e45efb3?auto=format&fit=crop&q=80&w=1326&ixlib=rb-4.0.3&ixid=M3wxMjA3fDB8MHxwaG90by1wYWdlfHx8fGVufDB8fHx8fA%3D%3D,정확한 가격은 지자체에 문의,30명,https://www.hyochang.or.kr:6017/,"월, 수, 금 09:30~12:00"
1,테라밴드(효창종합사회복지관),용산,서울특별시 용산구 효창동 5-65,37.54118506,126.9630008,유료,,https://images.unsplash.com/photo-1517130038641-a774d04afb3c?auto=format&fit=crop&q=80&w=1170&ixlib=rb-4.0.3&ixid=M3wxMjA3fDB8MHxwaG90by1wYWdlfHx8fGVufDB8fHx8fA%3D%3D,정확한 가격은 지자체에 문의,30명,https://www.hyochang.or.kr:6017/,목 09:30~12:00
1,덤벨체조(효창종합사회복지관),용산,서울특별시 용산구 효창동 5-65,37.54118506,126.9630008,유료,,https://images.pexels.com/photos/39671/physiotherapy-weight-training-dumbbell-exercise-balls-39671.jpeg?auto=compress&cs=tinysrgb&w=1260&h=750&dpr=1,정확한 가격은 지자체에 문의,30명,https://www.hyochang.or.kr:6017/,화 09:30~12:00
1,스트레칭(세라밴드)(필동주민센터),중구,서울특별시 중구 퇴계로36길 42,37.56015769,126.9955974,유료,02-3396-6594,https://images.unsplash.com/photo-1517130038641-a774d04afb3c?auto=format&fit=crop&q=80&w=1170&ixlib=rb-4.0.3&ixid=M3wxMjA3fDB8MHxwaG90by1wYWdlfHx8fGVufDB8fHx8fA%3D%3D,정확한 가격은 지자체에 문의,20명,https://www.junggu.seoul.kr/dong/pil/main.do,목 14:00~14:40
1,스트레칭(세라밴드)(필동주민센터 2층),중구,서울특별시 중구 퇴계로36길 42,37.56015769,126.9955974,유료,02-3396-6594,https://images.unsplash.com/photo-1517130038641-a774d04afb3c?auto=format&fit=crop&q=80&w=1170&ixlib=rb-4.0.3&ixid=M3wxMjA3fDB8MHxwaG90by1wYWdlfHx8fGVufDB8fHx8fA%3D%3D,정확한 가격은 지자체에 문의,20명,https://www.junggu.seoul.kr/dong/pil/main.do,화 14:00~14:40
1,스트레칭(세라밴드)(장충체육관),중구,서울특별시 중구 동호로 241,37.55864066,127.0066775,유료,02-2128-2814,https://images.unsplash.com/photo-1517130038641-a774d04afb3c?auto=format&fit=crop&q=80&w=1170&ixlib=rb-4.0.3&ixid=M3wxMjA3fDB8MHxwaG90by1wYWdlfHx8fGVufDB8fHx8fA%3D%3D,정확한 가격은 지자체에 문의,15명,https://www.sisul.or.kr/open_content/jangchung/,화 10:00~10:50
1,스트레칭(세라밴드)(황학동주민센터),중구,서울특별시 중구 난계로11길 52,37.56742273,127.0213823,유료,02-3396-6893,https://images.unsplash.com/photo-1517130038641-a774d04afb3c?auto=format&fit=crop&q=80&w=1170&ixlib=rb-4.0.3&ixid=M3wxMjA3fDB8MHxwaG90by1wYWdlfHx8fGVufDB8fHx8fA%3D%3D,정확한 가격은 지자체에 문의,15명,https://www.junggu.seoul.kr/dong/hwanghak/main.do,월 10:30~11:30
1,"헬스, 근력운동(황학동주민센터)",중구,서울특별시 중구 난계로11길 52,37.56742273,127.0213823,유료,02-3396-6907,https://images.unsplash.com/photo-1517963879433-6ad2b056d712?auto=format&fit=crop&q=80&w=1170&ixlib=rb-4.0.3&ixid=M3wxMjA3fDB8MHxwaG90by1wYWdlfHx8fGVufDB8fHx8fA%3D%3D,정확한 가격은 지자체에 문의,20명,,"수, 금 10:30~11:30"
1,헬스(다산동주민센터),중구,서울특별시 중구 동호로 15길50,37.55433289,127.0082945,유료,02-3396-6740,https://images.unsplash.com/photo-1517963879433-6ad2b056d712?auto=format&fit=crop&q=80&w=1170&ixlib=rb-4.0.3&ixid=M3wxMjA3fDB8MHxwaG90by1wYWdlfHx8fGVufDB8fHx8fA%3D%3D,정확한 가격은 지자체에 문의,15명,http://www.junggu.seoul.kr/dong/dasan/main.do,"화, 목 14:00~14:40"
1,헬스(청구동주민센터),중구,서울특별시 중구 청구로 3길 55,37.55706761,127.0146854,유료,02-3396-6800,https://images.unsplash.com/photo-1517963879433-6ad2b056d712?auto=format&fit=crop&q=80&w=1170&ixlib=rb-4.0.3&ixid=M3wxMjA3fDB8MHxwaG90by1wYWdlfHx8fGVufDB8fHx8fA%3D%3D,정확한 가격은 지자체에 문의,15명,http://www.junggu.seoul.kr/dong/cheonggu/main.do,"화, 목 10:00~10:40"
1,에어로빅(훈련원공원종합체육관),중구,서울특별시 중구 을지로227 훈련원공원 내,37.56692913,127.0043893,유료,02-2280-8394,https://as2.ftcdn.net/v2/jpg/03/40/51/65/1000_F_340516560_gKJSjmXXjDHu28s4JUkIGxRi3u9FhTjD.jpg,정확한 가격은 지자체에 문의,14명,http://www.e-junggu.or.kr/,"월, 수, 금 10:10~11:00"
1,탁구(대청종합복지관),강남,서울 강남구 양재대로55길 10,37.49315404,127.0909914,유료,02-469-6882,https://images.unsplash.com/photo-1564518440696-ef272968778e?auto=format&fit=crop&q=80&w=1170&ixlib=rb-4.0.3&ixid=M3wxMjA3fDB8MHxwaG90by1wYWdlfHx8fGVufDB8fHx8fA%3D%3D,정확한 가격은 지자체에 문의,20명,http://www.daechung.or.kr/main/main.php,월 16:00~16:40 / 월 16:40~17:20
1,생활체육(강당),서초,서울 서초구 강남대로65길 19,37.49983877,127.0239978,유료,02-540-6500,https://images.unsplash.com/photo-1487956382158-bb926046304a?auto=format&fit=crop&q=80&w=1171&ixlib=rb-4.0.3&ixid=M3wxMjA3fDB8MHxwaG90by1wYWdlfHx8fGVufDB8fHx8fA%3D%3D,정확한 가격은 지자체에 문의,15명,http://www.esarang.org/,월 14:30~15:30
1,특수체육(강당),서초,서울시 서초구 강남대로65길 19,37.49983877,127.0239978,유료,02-540-6500,https://img.freepik.com/free-photo/full-shot-friends-playing-basketball-together_23-2149392042.jpg?w=1060&t=st=1698657763~exp=1698658363~hmac=489643b18a892a3e188b897428724d75c9e941d121e9fea9916c53af9bb537d4,정확한 가격은 지자체에 문의,10명,http://www.esarang.org,화 11:00~11:50
1,특수체육(강당),서초,서초구 남부순환로 340길 15,37.48205213,127.0250125,유료,02-2055-0909,https://img.freepik.com/free-photo/full-shot-friends-playing-basketball-together_23-2149392042.jpg?w=1060&t=st=1698657763~exp=1698658363~hmac=489643b18a892a3e188b897428724d75c9e941d121e9fea9916c53af9bb537d4,정확한 가격은 지자체에 문의,15명,,금 10:00~12:00
1,특수체육(강당),서초,서초구 헌릉로8길 42 ,37.45411333,127.0614366,유료,02-455-4892,https://img.freepik.com/free-photo/full-shot-friends-playing-basketball-together_23-2149392042.jpg?w=1060&t=st=1698657763~exp=1698658363~hmac=489643b18a892a3e188b897428724d75c9e941d121e9fea9916c53af9bb537d4,정확한 가격은 지자체에 문의,15명,,화 13:10~15:10
1,헬스(내곡열린문화센터),서초,서울 서초구 청계산로 15길 77,37.44935828,127.0583143,유료,02-2155-7951,https://images.unsplash.com/photo-1517963879433-6ad2b056d712?auto=format&fit=crop&q=80&w=1170&ixlib=rb-4.0.3&ixid=M3wxMjA3fDB8MHxwaG90by1wYWdlfHx8fGVufDB8fHx8fA%3D%3D,정확한 가격은 지자체에 문의,20명,,"월,수 10:00~12:00"
1,각 종 뉴스포츠(비상청소년사회복귀시설),관악,관악구 남부순환로 2054,37.47633698,126.9769252,유료,070-4200-4401,https://img.freepik.com/free-photo/sports-tools_53876-138077.jpg?w=1060&t=st=1698657803~exp=1698658403~hmac=00859a66d1826f1d0158cc6967a418d2f3d17963e36f9a4ae3ce9aad1d510e73,정확한 가격은 지자체에 문의,20명,http://www.visang.or.kr/,화 13:30~14:10 / 화 14:10~14:50
1,"스트레칭,생활체조(영인구립경로당)",영등포,서울특별시 영등포구 도림로58길 11,37.49607398,126.9027391,유료,,https://images.unsplash.com/photo-1552196563-55cd4e45efb3?auto=format&fit=crop&q=80&w=1326&ixlib=rb-4.0.3&ixid=M3wxMjA3fDB8MHxwaG90by1wYWdlfHx8fGVufDB8fHx8fA%3D%3D,정확한 가격은 지자체에 문의,20명,,"목, 14:00~14:40"
1,헬스(대림1동 주민자치센터),영등포,영등포구 디지털로 441 대림제1동 사무소 체육관3층,37.49545723,126.905842,유료,02-2670-1379,https://images.unsplash.com/photo-1517963879433-6ad2b056d712?auto=format&fit=crop&q=80&w=1170&ixlib=rb-4.0.3&ixid=M3wxMjA3fDB8MHxwaG90by1wYWdlfHx8fGVufDB8fHx8fA%3D%3D,정확한 가격은 지자체에 문의,20명,,"수, 09:50~11:10"
1,헬스(양평동주민복지회관),영등포,서울 영등포구 선유서로 34길 10 4층,37.5268695,126.8874353,유료,,https://images.unsplash.com/photo-1517963879433-6ad2b056d712?auto=format&fit=crop&q=80&w=1170&ixlib=rb-4.0.3&ixid=M3wxMjA3fDB8MHxwaG90by1wYWdlfHx8fGVufDB8fHx8fA%3D%3D,정확한 가격은 지자체에 문의,20명,,"월, 09:50~11:10 수 10:00~11:20"
1,축구(금천구청 환경미화원),금천,서울시 금천구 독산동 1086,37.46367414,126.8841434,유료,02-2627-2375,https://images.unsplash.com/photo-1551958219-acbc608c6377?auto=format&fit=crop&q=80&w=1170&ixlib=rb-4.0.3&ixid=M3wxMjA3fDB8MHxwaG90by1wYWdlfHx8fGVufDB8fHx8fA%3D%3D,정확한 가격은 지자체에 문의,25명,https://www.geumcheon.go.kr/,수 16:00~18:00
1,뉴스포츠(구로종합사회복지관),구로,구로구 디지털로31길 93,37.48682339,126.8908274,유료,02-852-0525,https://img.freepik.com/free-photo/sports-tools_53876-138077.jpg?w=1060&t=st=1698657803~exp=1698658403~hmac=00859a66d1826f1d0158cc6967a418d2f3d17963e36f9a4ae3ce9aad1d510e73,정확한 가격은 지자체에 문의,20명,https://9ro.or.kr/,금 16:00~16:40
1,체육(화원종합사회복지관방과후교실),구로,구로구 벚꽃로 484,37.49733165,126.8801354,유료,02-837-0761,https://images.unsplash.com/photo-1487956382158-bb926046304a?auto=format&fit=crop&q=80&w=1171&ixlib=rb-4.0.3&ixid=M3wxMjA3fDB8MHxwaG90by1wYWdlfHx8fGVufDB8fHx8fA%3D%3D,정확한 가격은 지자체에 문의,40명,http://www.hwawon.org/,목 14:40~16:10
1,헬스(공항동주민센터),강서,서울 강서구 송정로45,37.55878281,126.8100743,유료,,https://images.unsplash.com/photo-1517963879433-6ad2b056d712?auto=format&fit=crop&q=80&w=1170&ixlib=rb-4.0.3&ixid=M3wxMjA3fDB8MHxwaG90by1wYWdlfHx8fGVufDB8fHx8fA%3D%3D,정확한 가격은 지자체에 문의,25명,,"목, 금 10:00~11:00"
1,헬스(염창동주민센터),강서,서울 강서구 양천로67가길 63,37.55377136,126.8709657,유료,02-2600-7306,https://images.unsplash.com/photo-1517963879433-6ad2b056d712?auto=format&fit=crop&q=80&w=1170&ixlib=rb-4.0.3&ixid=M3wxMjA3fDB8MHxwaG90by1wYWdlfHx8fGVufDB8fHx8fA%3D%3D,정확한 가격은 지자체에 문의,16명,,월요일 10:00~11:00 / 수 10:00~10:40 / 수 10:40~11:20 / 금요일 14:00~15:00
1,보디빌딩(우장산동주민센터),강서,서울 강서구 우현로 34,37.54828859,126.8418363,유료,02-2600-7732,https://images.unsplash.com/photo-1526506118085-60ce8714f8c5?auto=format&fit=crop&q=80&w=1287&ixlib=rb-4.0.3&ixid=M3wxMjA3fDB8MHxwaG90by1wYWdlfHx8fGVufDB8fHx8fA%3D%3D,정확한 가격은 지자체에 문의,10명,,"화, 금 14:40~15:20"
1,헬스(우장산동주민센터),강서,서울 강서구 우현로 34,37.54828859,126.8418363,유료,02-2600-7732,https://images.unsplash.com/photo-1517963879433-6ad2b056d712?auto=format&fit=crop&q=80&w=1170&ixlib=rb-4.0.3&ixid=M3wxMjA3fDB8MHxwaG90by1wYWdlfHx8fGVufDB8fHx8fA%3D%3D,정확한 가격은 지자체에 문의,10명,,"화, 금 14:00~14:40"
1,특수체육(늘푸른나무복지관),강서,서울 강서구 허준로5길 37,37.56853632,126.8511172,유료,02-3661-3401,https://img.freepik.com/free-photo/full-shot-friends-playing-basketball-together_23-2149392042.jpg?w=1060&t=st=1698657763~exp=1698658363~hmac=489643b18a892a3e188b897428724d75c9e941d121e9fea9916c53af9bb537d4,정확한 가격은 지자체에 문의,10명,http://www.egreen.or.kr/index.htm,목 10:20~11:00
1,특수체육(그라나다보호작업센터),강서,서울 강서구 허준로5길 37,37.56853632,126.8511172,유료,02-3661-3402,https://img.freepik.com/free-photo/full-shot-friends-playing-basketball-together_23-2149392042.jpg?w=1060&t=st=1698657763~exp=1698658363~hmac=489643b18a892a3e188b897428724d75c9e941d121e9fea9916c53af9bb537d4,정확한 가격은 지자체에 문의,30명,http://www.granada.or.kr/,화 09:50~10:30
1,헬스(등촌2동주민센터),강서,서울 강서구 등촌로 143,37.54265827,126.8625035,유료,02-2600-7386,https://images.unsplash.com/photo-1517963879433-6ad2b056d712?auto=format&fit=crop&q=80&w=1170&ixlib=rb-4.0.3&ixid=M3wxMjA3fDB8MHxwaG90by1wYWdlfHx8fGVufDB8fHx8fA%3D%3D,정확한 가격은 지자체에 문의,10명,http://www.gangseo.seoul.kr/new_portal/dong/index.jsp?dnum=3&dcode=DC2,수 10:40~11:20
1,스트레칭(등촌2동주민센터),강서,서울 강서구 등촌로 143,37.54265827,126.8625035,유료,02-2600-7386,https://images.unsplash.com/photo-1552196563-55cd4e45efb3?auto=format&fit=crop&q=80&w=1326&ixlib=rb-4.0.3&ixid=M3wxMjA3fDB8MHxwaG90by1wYWdlfHx8fGVufDB8fHx8fA%3D%3D,정확한 가격은 지자체에 문의,10명,http://www.gangseo.seoul.kr/new_portal/dong/index.jsp?dnum=3&dcode=DC2,"월, 수 10:00~10:40"
1,헬스(가양3동 주민센터),강서,서울 강서구 허준로 202,37.56108697,126.8605577,유료,02-2600-7865,https://images.unsplash.com/photo-1517963879433-6ad2b056d712?auto=format&fit=crop&q=80&w=1170&ixlib=rb-4.0.3&ixid=M3wxMjA3fDB8MHxwaG90by1wYWdlfHx8fGVufDB8fHx8fA%3D%3D,정확한 가격은 지자체에 문의,15명,,목요일 14:00~15:00
1,헬스(등촌3동주민센터),강서,서울 강서구 화곡로63길 96,37.55888771,126.8479185,유료,02-2600-7445,https://images.unsplash.com/photo-1517963879433-6ad2b056d712?auto=format&fit=crop&q=80&w=1170&ixlib=rb-4.0.3&ixid=M3wxMjA3fDB8MHxwaG90by1wYWdlfHx8fGVufDB8fHx8fA%3D%3D,정확한 가격은 지자체에 문의,20명,,월요일 14:00~15:20
1,헬스(공항동주민센터),강서,서울 강서구 송정로 45,37.55878281,126.8100743,유료,02-2600-7935,https://images.unsplash.com/photo-1517963879433-6ad2b056d712?auto=format&fit=crop&q=80&w=1170&ixlib=rb-4.0.3&ixid=M3wxMjA3fDB8MHxwaG90by1wYWdlfHx8fGVufDB8fHx8fA%3D%3D,정확한 가격은 지자체에 문의,15명,,수요일 14:00~15:00
1,배드민턴(우장산 배드민턴장),강서,서울 강서구 화곡동,37.5362848,126.8489523,유료,,https://images.unsplash.com/photo-1521537634581-0dced2fee2ef?auto=format&fit=crop&q=80&w=1170&ixlib=rb-4.0.3&ixid=M3wxMjA3fDB8MHxwaG90by1wYWdlfHx8fGVufDB8fHx8fA%3D%3D,정확한 가격은 지자체에 문의,20명,,"수,금 10:00~11:20"
1,헬스(가양2동 주민센터),강서,서울 강서구 허준로 93 ,37.56739892,126.8512712,유료,02-2600-7825,https://images.unsplash.com/photo-1517963879433-6ad2b056d712?auto=format&fit=crop&q=80&w=1170&ixlib=rb-4.0.3&ixid=M3wxMjA3fDB8MHxwaG90by1wYWdlfHx8fGVufDB8fHx8fA%3D%3D,정확한 가격은 지자체에 문의,15명,,화요일 14:00~15:00
1,뉴스포츠(기쁜우리복지관 강당),강서,서울 강서구 허준로65,37.56927822,126.8488644,유료,02-3665-3831,https://img.freepik.com/free-photo/sports-tools_53876-138077.jpg?w=1060&t=st=1698657803~exp=1698658403~hmac=00859a66d1826f1d0158cc6967a418d2f3d17963e36f9a4ae3ce9aad1d510e73,정확한 가격은 지자체에 문의,18명,http://www.gibbun.or.kr,목 10:20~11:40
1,탁구(공항동주민센터 강당),강서,서울 강서구 송정로 45,37.55878281,126.8100743,유료,,https://images.unsplash.com/photo-1564518440696-ef272968778e?auto=format&fit=crop&q=80&w=1170&ixlib=rb-4.0.3&ixid=M3wxMjA3fDB8MHxwaG90by1wYWdlfHx8fGVufDB8fHx8fA%3D%3D,정확한 가격은 지자체에 문의,10명,,수 13:00~14:20
1,헬스&근력운동(G.X)(목4동주민센터),양천,양천구 목동중앙로25(목동),37.53243314,126.8683948,유료,2620-4000,https://images.unsplash.com/photo-1517963879433-6ad2b056d712?auto=format&fit=crop&q=80&w=1170&ixlib=rb-4.0.3&ixid=M3wxMjA3fDB8MHxwaG90by1wYWdlfHx8fGVufDB8fHx8fA%3D%3D,정확한 가격은 지자체에 문의,20명,https://www.yangcheon.go.kr/dong/mok04/main.do,"수,금 10:00~11;30"
1,헬스&근력운동(G.X)(신월4동주민센터),양천,양천구 오목로5길 34(신월동),37.52469581,126.8400811,유료,2620-4110,https://images.unsplash.com/photo-1517963879433-6ad2b056d712?auto=format&fit=crop&q=80&w=1170&ixlib=rb-4.0.3&ixid=M3wxMjA3fDB8MHxwaG90by1wYWdlfHx8fGVufDB8fHx8fA%3D%3D,정확한 가격은 지자체에 문의,20명,https://www.yangcheon.go.kr/dong/sinwol04/main.do,화 09:30~11:30 / 금 14:30~15:15
1,근력운동(양천보건소),양천,양천구 목동서로 339(신정동) ,37.51770616,126.8657394,유료,2620-3114,https://images.unsplash.com/photo-1517963879433-6ad2b056d712?auto=format&fit=crop&q=80&w=1170&ixlib=rb-4.0.3&ixid=M3wxMjA3fDB8MHxwaG90by1wYWdlfHx8fGVufDB8fHx8fA%3D%3D,정확한 가격은 지자체에 문의,42명,http://www.yangcheon.go.kr/health/health/main.do,"월, 목 10:00~10:50"
1,탁구(목동종합사회복지관),양천,서울양천구 목동중앙북로8길104,37.54424009,126.8663764,유료,02-2651-2333,https://images.unsplash.com/photo-1564518440696-ef272968778e?auto=format&fit=crop&q=80&w=1170&ixlib=rb-4.0.3&ixid=M3wxMjA3fDB8MHxwaG90by1wYWdlfHx8fGVufDB8fHx8fA%3D%3D,정확한 가격은 지자체에 문의,15명,http://sseoul.or.kr/,금 15:00~16:40 / 금 16:40~18:00
1,탁구(신정종합사회복지관),양천,서울 양천구 신정중앙로 36,37.52730285,126.8555308,유료,02-2651-2333,https://images.unsplash.com/photo-1564518440696-ef272968778e?auto=format&fit=crop&q=80&w=1170&ixlib=rb-4.0.3&ixid=M3wxMjA3fDB8MHxwaG90by1wYWdlfHx8fGVufDB8fHx8fA%3D%3D,정확한 가격은 지자체에 문의,15명,http://sseoul.or.kr/,화 16:50~17:30
1,탁구(신정종합사회복지관),양천,서울양천구 목동중앙북로8길104,37.54424009,126.8663764,유료,02-2651-2332,https://images.unsplash.com/photo-1564518440696-ef272968778e?auto=format&fit=crop&q=80&w=1170&ixlib=rb-4.0.3&ixid=M3wxMjA3fDB8MHxwaG90by1wYWdlfHx8fGVufDB8fHx8fA%3D%3D,정확한 가격은 지자체에 문의,15명,http://sseoul.or.kr/,화 16:00~16:40
1,헬스(홍제천 인근),서대문,서울 서대문구 연희동 170-181,37.5798169,126.9356641,유료,02-330-1126,https://images.unsplash.com/photo-1517963879433-6ad2b056d712?auto=format&fit=crop&q=80&w=1170&ixlib=rb-4.0.3&ixid=M3wxMjA3fDB8MHxwaG90by1wYWdlfHx8fGVufDB8fHx8fA%3D%3D,정확한 가격은 지자체에 문의,30명,,월 10:00~12:00 / 수 10:00~12:00
1,"스트레칭, 헬스(도림동자치센터 헬스장)",영등포,서울특별시 영등포구 도영로7길 10,37.5094934,126.8959996,유료,02-832-1780,https://images.unsplash.com/photo-1517963879433-6ad2b056d712?auto=format&fit=crop&q=80&w=1170&ixlib=rb-4.0.3&ixid=M3wxMjA3fDB8MHxwaG90by1wYWdlfHx8fGVufDB8fHx8fA%3D%3D,정확한 가격은 지자체에 문의,20명,,수 09:20~10:40
1,"스트레칭, 헬스(신길3동주민센터 헬스장)",영등포,서울특별시 영등포구 신길로41라길 13-8,37.50729867,126.9077496,유료,02-846-9697,https://images.unsplash.com/photo-1517963879433-6ad2b056d712?auto=format&fit=crop&q=80&w=1170&ixlib=rb-4.0.3&ixid=M3wxMjA3fDB8MHxwaG90by1wYWdlfHx8fGVufDB8fHx8fA%3D%3D,정확한 가격은 지자체에 문의,20명,,화 09:50~11:10
1,"스트레칭,헬스(영등포구자치회관헬스장)",영등포,영등포구 국회대로44길4 ,37.52538799,126.9036383,유료,02-2068-8810,https://images.unsplash.com/photo-1517963879433-6ad2b056d712?auto=format&fit=crop&q=80&w=1170&ixlib=rb-4.0.3&ixid=M3wxMjA3fDB8MHxwaG90by1wYWdlfHx8fGVufDB8fHx8fA%3D%3D,정확한 가격은 지자체에 문의,20명,,화 09:30~10:40
1,걷기(경춘선 숲길),노원,서울 노원구 공릉동 320-2,37.6213792,127.0782522,유료,,https://images.unsplash.com/photo-1487956382158-bb926046304a?auto=format&fit=crop&q=80&w=1171&ixlib=rb-4.0.3&ixid=M3wxMjA3fDB8MHxwaG90by1wYWdlfHx8fGVufDB8fHx8fA%3D%3D,정확한 가격은 지자체에 문의,10명,,"월,수 10:00~11:20 / 화,목 10:00~11:20 / 목, 금 10:00~11:20 / 월, 금 10:00~11:20"
1,테라밴드(수유1동주민센터),강북,강북구 삼양로 299,37.6300516,127.0175594,유료,,https://images.unsplash.com/photo-1517130038641-a774d04afb3c?auto=format&fit=crop&q=80&w=1170&ixlib=rb-4.0.3&ixid=M3wxMjA3fDB8MHxwaG90by1wYWdlfHx8fGVufDB8fHx8fA%3D%3D,정확한 가격은 지자체에 문의,15명,,월 16:00~16:45
1,웨이트트레이닝(오동생활체육관),강북,강북구 오패산로52라길,37.62191458,127.0335235,유료,02-989-3422,https://images.unsplash.com/photo-1517963879433-6ad2b056d712?auto=format&fit=crop&q=80&w=1170&ixlib=rb-4.0.3&ixid=M3wxMjA3fDB8MHxwaG90by1wYWdlfHx8fGVufDB8fHx8fA%3D%3D,정확한 가격은 지자체에 문의,15명,,"화, 목, 금 14:00~16:00"
1,농구(강북웰빙스포츠센터 3층),강북,강북구 오현로31길 51,37.63045275,127.0377894,유료,02-944-2900,https://images.pexels.com/photos/1752757/pexels-photo-1752757.jpeg?auto=compress&cs=tinysrgb&w=1260&h=750&dpr=1,정확한 가격은 지자체에 문의,20명,wellbeing.gangbukcmc.seoul.kr,"월, 수 16:00~17:30"
1,생활체조(정릉e편한세상아파트),성북,서울 성북구 북악산로 851,37.60025102,127.0183154,유료,02-914-1871,https://img.freepik.com/free-photo/men-and-women-warm-up-before-and-after-exercising_1150-23003.jpg?w=1060&t=st=1698655137~exp=1698655737~hmac=fbcb731e03e38413e76c25c99f1c393cde5bbd5247d2dd3ec385c04c355d58fe,정확한 가격은 지자체에 문의,20명,,금 10:00~10:50
1,보디빌딩(용마문화복지센터),중랑,서울 중랑구 용마산로 393,37.587003,127.0951883,유료,,https://images.unsplash.com/photo-1526506118085-60ce8714f8c5?auto=format&fit=crop&q=80&w=1287&ixlib=rb-4.0.3&ixid=M3wxMjA3fDB8MHxwaG90by1wYWdlfHx8fGVufDB8fHx8fA%3D%3D,정확한 가격은 지자체에 문의,10명,,"화, 목 10:00~11:00"
1,뮤직복싱(유린원광사회복지관),중랑,서울 중랑구 신내로 56,37.60447047,127.0959157,유료,0507-1349-4011,https://images.pexels.com/photos/4753923/pexels-photo-4753923.jpeg?auto=compress&cs=tinysrgb&w=1260&h=750&dpr=1,정확한 가격은 지자체에 문의,50명,http://www.yurin.or.kr/,화 09:30~10:20
1,생활체조(기원주간보호센터),은평,서울 은평구 통일로87길 6-19,37.62387621,126.9188258,유료,,https://img.freepik.com/free-photo/men-and-women-warm-up-before-and-after-exercising_1150-23003.jpg?w=1060&t=st=1698655137~exp=1698655737~hmac=fbcb731e03e38413e76c25c99f1c393cde5bbd5247d2dd3ec385c04c355d58fe,정확한 가격은 지자체에 문의,11명,http://www.kiwon.org/ ,목 14:00~14:50
1,요가(두근두근도서관),은평,서울 은평구 진관2로 90,37.63380608,126.9256884,유료,,https://images.unsplash.com/photo-1544367567-0f2fcb009e0b?auto=format&fit=crop&q=80&w=1220&ixlib=rb-4.0.3&ixid=M3wxMjA3fDB8MHxwaG90by1wYWdlfHx8fGVufDB8fHx8fA%3D%3D,정확한 가격은 지자체에 문의,15명,,"수, 금 10:00~10:50 "
1,요가(산책마을 작은도서관),은평,서울 은평구 연서로 46길 7 ,37.63396525,126.9326829,유료,02-351-3677,https://images.unsplash.com/photo-1544367567-0f2fcb009e0b?auto=format&fit=crop&q=80&w=1220&ixlib=rb-4.0.3&ixid=M3wxMjA3fDB8MHxwaG90by1wYWdlfHx8fGVufDB8fHx8fA%3D%3D,정확한 가격은 지자체에 문의,15명,,"월, 목 10:00~10:50"
1,배드민턴( 용두문화복지센터 (체육관)),동대문,서울 동대문구 고산자로28길 13,37.57532359,127.0391728,유료,02-6929-2647,https://images.unsplash.com/photo-1521537634581-0dced2fee2ef?auto=format&fit=crop&q=80&w=1170&ixlib=rb-4.0.3&ixid=M3wxMjA3fDB8MHxwaG90by1wYWdlfHx8fGVufDB8fHx8fA%3D%3D,정확한 가격은 지자체에 문의,15명,,"화, 수 10:00~11:30"
1,라인댄스(광장종합사회복지관),광진,서울 광진구 아차산로66길 8 2층,37.54103356,127.0970671,유료,,https://plus.unsplash.com/premium_photo-1681492508069-d558d8fa0ad7?auto=format&fit=crop&q=80&w=1171&ixlib=rb-4.0.3&ixid=M3wxMjA3fDB8MHxwaG90by1wYWdlfHx8fGVufDB8fHx8fA%3D%3D,정확한 가격은 지자체에 문의,,http://www.gj.or.kr/xe/,금 14:00~14:50
1,댄스스포츠(자양종합사회복지관),광진,서울 광진구 자양번영로 35,37.53289841,127.0752337,유료,02-458-1665,https://plus.unsplash.com/premium_photo-1681492508069-d558d8fa0ad7?auto=format&fit=crop&q=80&w=1171&ixlib=rb-4.0.3&ixid=M3wxMjA3fDB8MHxwaG90by1wYWdlfHx8fGVufDB8fHx8fA%3D%3D,정확한 가격은 지자체에 문의,,http://www.jayang.or.kr/,수 15:00~16:00
1,배드민턴(광장종합사회복지관),광진,서울 광진구 아차산로66길 8 2층,37.54103356,127.0970671,유료,,https://images.unsplash.com/photo-1521537634581-0dced2fee2ef?auto=format&fit=crop&q=80&w=1170&ixlib=rb-4.0.3&ixid=M3wxMjA3fDB8MHxwaG90by1wYWdlfHx8fGVufDB8fHx8fA%3D%3D,정확한 가격은 지자체에 문의,,http://www.gj.or.kr/xe/,화 16:10~17:00
1,요가(광장종합사회복지관),광진,서울 광진구 아차산로66길 8 2층,37.54103356,127.0970671,유료,,https://images.unsplash.com/photo-1544367567-0f2fcb009e0b?auto=format&fit=crop&q=80&w=1220&ixlib=rb-4.0.3&ixid=M3wxMjA3fDB8MHxwaG90by1wYWdlfHx8fGVufDB8fHx8fA%3D%3D,정확한 가격은 지자체에 문의,,http://www.gj.or.kr/xe/,화 15:30~16:10
1,헬스(광진구청보건소 체력단련실),광진,서울 광진구 자양로 117,37.53853161,127.0819098,유료,,https://images.unsplash.com/photo-1517963879433-6ad2b056d712?auto=format&fit=crop&q=80&w=1170&ixlib=rb-4.0.3&ixid=M3wxMjA3fDB8MHxwaG90by1wYWdlfHx8fGVufDB8fHx8fA%3D%3D,정확한 가격은 지자체에 문의,10명,https://www.gwangjin.go.kr/health/main/main.do,금 09:30~10:30
1,헬스(보건소 보건교육실),광진,서울 광진구 자양로 117,37.53853161,127.0819098,유료,02-450-1422,https://images.unsplash.com/photo-1517963879433-6ad2b056d712?auto=format&fit=crop&q=80&w=1170&ixlib=rb-4.0.3&ixid=M3wxMjA3fDB8MHxwaG90by1wYWdlfHx8fGVufDB8fHx8fA%3D%3D,정확한 가격은 지자체에 문의,30명,www.gwangjin.go.kr/health/main/main.do ,목 13:30~14:10 / 목 14:10~14:50
1,헬스(보건소 체력단련장),광진,서울 광진구 자양로 117,37.53853161,127.0819098,유료,02-450-1422,https://images.unsplash.com/photo-1517963879433-6ad2b056d712?auto=format&fit=crop&q=80&w=1170&ixlib=rb-4.0.3&ixid=M3wxMjA3fDB8MHxwaG90by1wYWdlfHx8fGVufDB8fHx8fA%3D%3D,정확한 가격은 지자체에 문의,20명,www.gwangjin.go.kr/health/main/main.do ,화 9:20~10:00 / 화 10:00~10:40 / 수 9:20~10:00
1,라인댄스(구의1동주민센터),광진,구의1동주민센터,37.55528505,127.1023537,유료,02-450-1210,https://plus.unsplash.com/premium_photo-1681492508069-d558d8fa0ad7?auto=format&fit=crop&q=80&w=1171&ixlib=rb-4.0.3&ixid=M3wxMjA3fDB8MHxwaG90by1wYWdlfHx8fGVufDB8fHx8fA%3D%3D,정확한 가격은 지자체에 문의,,https://www.gwangjin.go.kr/dong/main/main.do?dongCd=10,금 10:40~11:20
1,리듬댄스(구의1동주민센터),광진,구의1동주민센터,37.55528505,127.1023537,유료,02-450-1210,https://plus.unsplash.com/premium_photo-1681492508069-d558d8fa0ad7?auto=format&fit=crop&q=80&w=1171&ixlib=rb-4.0.3&ixid=M3wxMjA3fDB8MHxwaG90by1wYWdlfHx8fGVufDB8fHx8fA%3D%3D,정확한 가격은 지자체에 문의,,https://www.gwangjin.go.kr/dong/main/main.do?dongCd=10,금 10:00~10:40
1,라인댄스(화양동 주민센터),광진,서울 광진구 능동로17길 39,37.54652678,127.0712676,유료,02-450-1515,https://plus.unsplash.com/premium_photo-1681492508069-d558d8fa0ad7?auto=format&fit=crop&q=80&w=1171&ixlib=rb-4.0.3&ixid=M3wxMjA3fDB8MHxwaG90by1wYWdlfHx8fGVufDB8fHx8fA%3D%3D,정확한 가격은 지자체에 문의,,https://www.gwangjin.go.kr/dong/main/main.do?dongCd=10,목 11:50~12:30
1,리듬댄스(화양동 주민센터),광진,서울 광진구 능동로17길 39,37.54652678,127.0712676,유료,02-450-1515,https://plus.unsplash.com/premium_photo-1681492508069-d558d8fa0ad7?auto=format&fit=crop&q=80&w=1171&ixlib=rb-4.0.3&ixid=M3wxMjA3fDB8MHxwaG90by1wYWdlfHx8fGVufDB8fHx8fA%3D%3D,정확한 가격은 지자체에 문의,,https://www.gwangjin.go.kr/dong/main/main.do?dongCd=10,목 11:00~11:40
1,라인댄스(자양2동주민센터),광진,자양2동주민센터,36.34358218,127.4539153,유료,02-450-1603,https://plus.unsplash.com/premium_photo-1681492508069-d558d8fa0ad7?auto=format&fit=crop&q=80&w=1171&ixlib=rb-4.0.3&ixid=M3wxMjA3fDB8MHxwaG90by1wYWdlfHx8fGVufDB8fHx8fA%3D%3D,정확한 가격은 지자체에 문의,,https://www.gwangjin.go.kr/dong/main/main.do?dongCd=10,화 14:50~16:30
1,근력운동(자양2동주민센터),광진,자양2동주민센터,36.34358218,127.4539153,유료,02-450-1603,https://images.unsplash.com/photo-1517963879433-6ad2b056d712?auto=format&fit=crop&q=80&w=1170&ixlib=rb-4.0.3&ixid=M3wxMjA3fDB8MHxwaG90by1wYWdlfHx8fGVufDB8fHx8fA%3D%3D,정확한 가격은 지자체에 문의,,https://www.gwangjin.go.kr/dong/main/main.do?dongCd=10,화 14:00 ~14:40
1,라인댄스(자양1동주민센터),광진,자양1동주민센터,36.06973351,129.0656911,유료,02-450-1285,https://plus.unsplash.com/premium_photo-1681492508069-d558d8fa0ad7?auto=format&fit=crop&q=80&w=1171&ixlib=rb-4.0.3&ixid=M3wxMjA3fDB8MHxwaG90by1wYWdlfHx8fGVufDB8fHx8fA%3D%3D,정확한 가격은 지자체에 문의,,https://www.gwangjin.go.kr/dong/main/main.do?dongCd=10,화 11:50 ~ 12:30
1,줌바댄스(자양1동주민센터),광진,자양1동주민센터,36.06973351,129.0656911,유료,02-450-1285,https://plus.unsplash.com/premium_photo-1681492508069-d558d8fa0ad7?auto=format&fit=crop&q=80&w=1171&ixlib=rb-4.0.3&ixid=M3wxMjA3fDB8MHxwaG90by1wYWdlfHx8fGVufDB8fHx8fA%3D%3D,정확한 가격은 지자체에 문의,,https://www.gwangjin.go.kr/dong/main/main.do?dongCd=10,화 11:00 ~ 11:40
1,요가(구립장애인주간보호센터),용산,용산구 한강대로 331 3층,37.54790166,126.9714991,유료,02-701-4282,https://images.unsplash.com/photo-1544367567-0f2fcb009e0b?auto=format&fit=crop&q=80&w=1220&ixlib=rb-4.0.3&ixid=M3wxMjA3fDB8MHxwaG90by1wYWdlfHx8fGVufDB8fHx8fA%3D%3D,정확한 가격은 지자체에 문의,20명,https://happylog.naver.com/hlog/yongsan4282/home,목 14:30 ~15:10 / 금 14:30 ~15:10
1,요가(구립용산장애인복지관),용산,효창원로 93길 49,37.54730707,126.961569,유료,070-4657-2018,https://images.unsplash.com/photo-1544367567-0f2fcb009e0b?auto=format&fit=crop&q=80&w=1220&ixlib=rb-4.0.3&ixid=M3wxMjA3fDB8MHxwaG90by1wYWdlfHx8fGVufDB8fHx8fA%3D%3D,정확한 가격은 지자체에 문의,20명,http://www.ysrehab.or.kr/,월 13:40 ~14:20 / 목 13:00 ~13:40 
1,요가(효창주민센터),용산,효창원로 161 효창주민센터 5층 대강당,37.54250834,126.9618379,유료,,https://images.unsplash.com/photo-1544367567-0f2fcb009e0b?auto=format&fit=crop&q=80&w=1220&ixlib=rb-4.0.3&ixid=M3wxMjA3fDB8MHxwaG90by1wYWdlfHx8fGVufDB8fHx8fA%3D%3D,정확한 가격은 지자체에 문의,20명,,월 11:00 ~11:50 / 수 11:00 ~11:50
1,스트레칭(효창종합사회복지관),용산,효창동 5-65,37.54118506,126.9630008,유료,,https://images.unsplash.com/photo-1552196563-55cd4e45efb3?auto=format&fit=crop&q=80&w=1326&ixlib=rb-4.0.3&ixid=M3wxMjA3fDB8MHxwaG90by1wYWdlfHx8fGVufDB8fHx8fA%3D%3D,정확한 가격은 지자체에 문의,30명,https://www.hyochang.or.kr:6017/,월 09:30 ~ 12:00 / 수 09:30 ~ 12:00 / 금 09:30 ~ 12:00
1,테라밴드(효창종합사회복지관),용산,효창동 5-65,37.54118506,126.9630008,유료,,https://images.unsplash.com/photo-1517130038641-a774d04afb3c?auto=format&fit=crop&q=80&w=1170&ixlib=rb-4.0.3&ixid=M3wxMjA3fDB8MHxwaG90by1wYWdlfHx8fGVufDB8fHx8fA%3D%3D,정확한 가격은 지자체에 문의,30명,https://www.hyochang.or.kr:6017/,목 09:30 ~ 12:00
1,덤벨체조(효창종합사회복지관),용산,효창동 5-65,37.54118506,126.9630008,유료,,https://images.pexels.com/photos/39671/physiotherapy-weight-training-dumbbell-exercise-balls-39671.jpeg?auto=compress&cs=tinysrgb&w=1260&h=750&dpr=1,정확한 가격은 지자체에 문의,30명,https://www.hyochang.or.kr:6017/,화 09:30 ~ 12:00
1,헬스(신당종합사회복지관),중구,중구 동호로11길 22 신당종합사회복지관,37.55436136,127.0095231,유료,02-2231-1876,https://images.unsplash.com/photo-1517963879433-6ad2b056d712?auto=format&fit=crop&q=80&w=1170&ixlib=rb-4.0.3&ixid=M3wxMjA3fDB8MHxwaG90by1wYWdlfHx8fGVufDB8fHx8fA%3D%3D,정확한 가격은 지자체에 문의,20명,http://www.shindang.or.kr/,수 15:00 ~ 15:40
1,기타체육(종로1234가동주민센터),종로,"서울특별시 종로구 삼일대로30길 47 종로1,2,3,4가동 주민센터",37.57449203,126.9902334,유료,02-2148-5253,https://images.unsplash.com/photo-1487956382158-bb926046304a?auto=format&fit=crop&q=80&w=1171&ixlib=rb-4.0.3&ixid=M3wxMjA3fDB8MHxwaG90by1wYWdlfHx8fGVufDB8fHx8fA%3D%3D,정확한 가격은 지자체에 문의,20명,,월 16:00 ~ 16:40
