category_id,name,district,address,latitude,longitude,work_time,price,phone_number,image_url,page_url,description,장소,참가규모(명),수혜기관명,기관 홈페이지
,축구(송파여성축구장),송파,서울특별시 송파구 방이동88,37.52103148,127.1161651,"월, 금 10:00~12:00",지자체에 문의,,,,축구,송파여성축구장,30명,송파구여성동호인,
,특수체육(하상장애인복지관),강남,서울특별시 강남구 개포로613,37.49255359,127.0751317,화 15:30~16:20/16:20~17:00,지자체에 문의,02-451-6000,,,특수체육,하상장애인복지관,8,하상장애인복지관,http://www.hasang.org/main/main.php
,각 종 뉴스포츠(비상청소년사회복귀시설),관악,서울특별시 관악구 남부순환로 2054,37.47633698,126.9769252,"화 13:30~14:10, 화 14:10~14:50",지자체에 문의,070-4200-4401,,,각 종 뉴스포츠,비상청소년사회복귀시설,20명,비상청소년사회복귀시설,http://www.visang.or.kr/
,기초체력(노들나루공원),동작,서울특별시 동작구 노량진로 247,37.51453063,126.9524302,화 10:00~11:00,지자체에 문의,02-820-9435,,,기초체력,노들나루공원,30명,노들나루공원,www.dongjak.go.kr/healthcare/main/main.do
,생활체조(사당분소),동작,서울특별시 동작구 사당로 253-3,37.4836744,126.9758707,금 13:40~14:20,지자체에 문의,02-820-9644,,,생활체조,사당분소,20명,동작구보건소 사당분소,
,생활체조(사당분소),동작,서울특별시 동작구 사당로 253-3,37.4836744,126.9758707,금 13:00~13:40,지자체에 문의,02-820-9644,,,생활체조,사당분소,20명,동작구보건소 사당분소,
,"스트레칭, 근력운동(상도어울마당)",동작,서울특별시 동작구 성대로 180,37.49925547,126.9403722,"화, 목 15:00~15:40",지자체에 문의,,,,"스트레칭, 근력운동",상도어울마당,20명,동작구보건소,www.dongjak.go.kr/healthcare/main/main.do
,"스트레칭, 근력운동(상도어울마당)",동작,서울특별시 동작구 성대로 180,37.49925547,126.9403722,"화, 목 14:00~14:45",지자체에 문의,,,,"스트레칭, 근력운동",상도어울마당,20명,동작구보건소,www.dongjak.go.kr/healthcare/main/main.do
,요가(사당롯데캐슬 아파트),동작,"서울특별시 동작구 사당로27길 190, 106동 지하2층",37.49095711,126.9715874,"수, 금 11:00~11:45",지자체에 문의,,,,요가,사당롯데캐슬 아파트,15명,사당롯데캐슬 주민,
,축구(노들나루공원잔디구장),동작,서울특별시 동작구 노량진로 247,37.51453063,126.9524302,"목, 금 10:00~12:00",지자체에 문의,,,,축구,노들나루공원잔디구장,20명,동작구여성축구단,
,"헬스,필라테스(대림1동 주민자치센터)",영등포,서울특별시 영등포구 디지털로 441 대림제1동 사무소 체육관3층,37.49545723,126.905842,월 10:30~11:10,지자체에 문의,02-2670-1379,,,"헬스,필라테스",대림1동 주민자치센터,15명,대림1동 주민자치센터,
,헬스(신길7동주민센터),영등포,서울특별시 영등포구 여의대방로43길 10,37.50639203,126.9215141,수 10;40~11:20,지자체에 문의,02-2670-1365,,,헬스,신길7동주민센터,20명,신길7동주민센터,
,헬스(신길7동주민센터),영등포,서울특별시 영등포구 여의대방로43길 10,37.50639203,126.9215141,수 10;00~10:40,지자체에 문의,02-2670-1365,,,헬스,신길7동주민센터,20명,신길7동주민센터,
,"스트레칭,헬스(영등포구자치회관헬스장)",영등포,서울특별시 영등포구 국회대로44길4,37.52538799,126.9036383,화 10:10~10:40,지자체에 문의,02-2068-8810,,,"스트레칭,헬스",영등포구자치회관헬스장,20명,영등포구자치회관헬스장,
,"스트레칭,헬스(영등포구자치회관헬스장)",영등포,서울특별시 영등포구 국회대로44길4,37.52538799,126.9036383,화 09:30~10:10,지자체에 문의,02-2068-8810,,,"스트레칭,헬스",영등포구자치회관헬스장,20명,영등포구자치회관헬스장,
,"스트레칭,헬스(대림3동헬스장)",영등포,서울특별시 영등포구 대림로 197,37.49831352,126.8980344,목 09:00~09:40,지자체에 문의,02-843-5536,,,"스트레칭,헬스",대림3동헬스장,10명,대림3동주민센터,
,"스트레칭,헬스(대림3동헬스장)",영등포,서울특별시 영등포구 대림로 197,37.49831352,126.8980344,월 09:00~09:40,지자체에 문의,02-843-5536,,,"스트레칭,헬스",대림3동헬스장,10명,대림3동주민센터,
,생활체육(모랫말꿈터),영등포,서울특별시 영등포구 도영로11길 11,37.51062509,126.8969571,수 13:30~14:10,지자체에 문의,,,,생활체육,모랫말꿈터,15명,모랫말꿈터,
,생활체육(모랫말꿈터),영등포,서울특별시 영등포구 도영로11길 11,37.51062509,126.8969571,수 12:50~13:30,지자체에 문의,,,,생활체육,모랫말꿈터,15명,모랫말꿈터,
,"스트레칭,헬스(도림동자치센터 헬스장)",영등포,서울특별시 영등포구 도영로7길 10,37.5094934,126.8959996,수 10:10~10:40,지자체에 문의,02-832-1780,,,"스트레칭, 헬스",도림동자치센터 헬스장,20명,도림동자치센터 헬스장,
,"스트레칭,헬스(도림동자치센터 헬스장)",영등포,서울특별시 영등포구 도영로7길 10,37.5094934,126.8959996,수 09:20~10:10,지자체에 문의,02-832-1780,,,"스트레칭, 헬스",도림동자치센터 헬스장,20명,도림동자치센터 헬스장,
,"스트레칭,헬스(신길3동주민센터 헬스장)",영등포,서울특별시 영등포구 신길로41라길 13-8,37.50729867,126.9077496,화 10:30~11:10,지자체에 문의,02-846-9697,,,"스트레칭, 헬스",신길3동주민센터 헬스장,20명,신길주민센터 헬스장,
,"스트레칭,헬스(신길3동주민센터 헬스장)",영등포,서울특별시 영등포구 신길로41라길 13-8,37.50729867,126.9077496,화 09:50~10:30,지자체에 문의,02-846-9697,,,"스트레칭, 헬스",신길3동주민센터 헬스장,20명,신길주민센터 헬스장,
,"스트레칭,생활체조(양평동헬스장)",영등포,서울특별시 영등포구 선유서로 34길 10 4층,37.5268695,126.8874353,월 10:30~11:10,지자체에 문의,,,,"스트레칭,생활체조",양평동헬스장,20명,양평동주민복지회관,
,"스트레칭,생활체조(양평동헬스장)",영등포,서울특별시 영등포구 선유서로 34길 10 4층,37.5268695,126.8874353,월 09:50~10:30,지자체에 문의,,,,"스트레칭,생활체조",양평동헬스장,20명,양평동주민복지회관,
,헬스(대림1동 주민자치센터),영등포,서울특별시 영등포구 디지털로 441 대림제1동 사무소 체육관3층,37.49545723,126.905842,수 10:30~11:10,지자체에 문의,02-2670-1379,,,헬스,대림1동 주민자치센터,20명,대림1동 주민자치센터,
,헬스(대림1동 주민자치센터),영등포,서울특별시 영등포구 디지털로 441 대림제1동 사무소 체육관3층,37.49545723,126.905842,수 09:50~10:30,지자체에 문의,02-2670-1379,,,헬스,대림1동 주민자치센터,20명,대림1동 주민자치센터,
,"헬스,필라테스(대림1동 주민자치센터)",영등포,서울특별시 영등포구 디지털로 441 대림제1동 사무소 체육관3층,37.49545723,126.905842,월 09:50~10:30,지자체에 문의,02-2670-1379,,,"헬스,필라테스",대림1동 주민자치센터,15명,대림1동 주민자치센터,
,배구(구로구민체육센터),구로,서울특별시 구로구 고척로45길 39,37.50658124,126.8532759,"월,수,금 10:00~12:00",지자체에 문의,02-2681-9595,,,배구,구로구민체육센터,20명,구로구민체육센터,https://www.gurosisul.or.kr/mod.asp?m=business&s=b01
,배구(구로구민체육센터),구로,서울특별시 구로구 고척로45길 39,37.50658124,126.8532759,"월,수,금 10:00~12:00",지자체에 문의,02-2681-9595,,,배구,구로구민체육센터,20명,구로구민체육센터,https://www.gurosisul.or.kr/mod.asp?m=business&s=b01
,헬스(G밸리보건지소),구로,"서울특별시 구로구 디지털로 243, 213호(구로동, 지하이시티)",37.48199214,126.8923489,"화,목 10:00~11:30",지자체에 문의,02)860-8174,,,헬스,G밸리보건지소,120명,G밸리보건지소,https://pf.kakao.com/_XJaxdK
,특수체육(기쁜우리복지관),강서,서울특별시 강서구 허준로65,37.56927822,126.8488644,화 10:30~11:20,지자체에 문의,02-3665-3831,,,특수체육,기쁜우리복지관,20,기쁜우리복지관,
,스트레칭(우장산동주민센터),강서,서울특별시 강서구 우현로 34,37.54828859,126.8418363,금 14:00~14:50,지자체에 문의,02-2600-7745,,,스트레칭,우장산동주민센터,15,우장산동주민센터,
,스트레칭(가양2동주민센터),강서,서울특별시 강서구 허준로 93,37.56739892,126.8512712,금 10:00~10:50,지자체에 문의,02-2600-7808,,,스트레칭,가양2동주민센터,15,가양2동주민센터,
,스트레칭(등촌9복지관),강서,서울특별시 강서구 화곡로63가길 92-(등촌3동 704) 주공9단지,37.5619516,126.8502091,목 15:10~16:40,지자체에 문의,02-2658-4129,,,스트레칭,등촌9복지관,15명,등촌9복지관,
,헬스(공항동주민센터),강서,서울특별시 강서구 송정로 45,37.55878281,126.8100743,"목,금 10:00~11:20",지자체에 문의,02-2600-7935,,,헬스,공항동주민센터,25명,공항동주민센터,
,헬스(염창동주민센터),강서,서울특별시 강서구 양천로67가길 63,37.55377136,126.8709657,수 10:00~11:20,지자체에 문의,02-2600-7306,,,헬스,염창동주민센터,16명,염창동주민센터,
,헬스(우장산동주민센터),강서,서울특별시 강서구 우현로 34,37.54828859,126.8418363,"화,금 15:00~16:00",지자체에 문의,02-2600-7732,,,헬스,우장산동주민센터,10명,우장산동주민센터,
,헬스(등촌2동주민센터),강서,서울특별시 강서구 등촌로143,37.54265827,126.8625035,화 10:00~11:00,지자체에 문의,02-2600-7386,,,헬스,등촌2동주민센터,10명,등촌2동주민센터,
,특수체육(늘푸른나무복지관),강서,서울특별시 강서구 허준로5길 37,37.56853632,126.8511172,목 09:50~11:30,지자체에 문의,02-3661-3401,,,특수체육,늘푸른나무복지관,10명,늘푸른나무복지관,www.egreedn.or.kr
,특수체육(그라나다보호작업센터),강서,서울특별시 강서구 허준로5길 37 늘푸른나무 복지관,37.56853632,126.8511172,화 09:20~11:00,지자체에 문의,02-3661-3402,,,특수체육,그라나다보호작업센터,30명,그라나다보호작업센터,www.granada.or.kr
,헬스(등촌2동주민센터헬스장),강서,서울특별시 강서구 등촌로 143,37.54265827,126.8625035,월 10:00~10:40/수 09:30~10:40/10:40~11:50,지자체에 문의,02-2600-7395,,,헬스,등촌2동주민센터헬스장,10명,등촌2동주민센터,
,헬스(가양3동주민센터),강서,서울특별시 강서구 허준로 202,37.56108697,126.8605577,목 14:00~15:00,지자체에 문의,02-2600-7865,,,헬스,가양3동주민센터,20명,가양3동주민센터,
,헬스(공항동주민센터),강서,서울특별시 강서구 송정로 45,37.55878281,126.8100743,수14:00~15:00,지자체에 문의,02-2600-7935,,,헬스,공항동주민센터,20명,공항동주민센터,
,헬스(우장산주민센터),강서,서울특별시 강서구 우현로 34?,37.54828859,126.8418363,수10:00~11:20금10;00~11:20,지자체에 문의,02-2600-7745,,,헬스,우장산주민센터,20명,우장산주민센터,
,헬스(가양2동주민센터),강서,서울특별시 강서구 허준로 93,37.56739892,126.8512712,화 14:00~15:00,지자체에 문의,02-2600-7825,,,헬스,가양2동주민센터,20명,가양2동주민센터,
,헬스(등촌3동주민센터),강서,서울특별시?강서구 화곡로63길 96 등,37.55888771,126.8479185,월 14:00~15:20/목 10:00~11:20,지자체에 문의,02-2600-7445,,,헬스,등촌3동주민센터,20명,등촌3동주민센터,
,헬스(염창동주민센터),강서,서울특별시 강서구 양천로67가길 63,37.55377136,126.8709657,월10:00~11:00/금14:00~15:00,지자체에 문의,02-2600-7335,,,헬스,염창동주민센터,20명,염창동주민센터,
,보디빌딩(화곡6동주민센터),강서,서울특별시 강서구 화곡로312,37.55181666,126.8500765,금 10:00~11:20,지자체에 문의,02-26007646,,,보디빌딩,화곡6동주민센터,20명,화곡6동주민센터,
,보디빌딩(화곡3동주민센터),강서,서울특별시 강서구 강서로33가길 17,37.54252631,126.8384139,수 15:00~16:30,지자체에 문의,02-2600-7565,,,보디빌딩,화곡3동주민센터,20명,화곡3동주민센터,
,보디빌딩(화곡4동주민센터),강서,서울특별시 강서구 곰달래로57가길26,37.53480238,126.8607489,수 10:00~11:20,지자체에 문의,02-2600-7604,,,보디빌딩,화곡4동주민센터,20명,화곡4동주민센터,
,"요가,헬스(화곡6동주민센터)",강서,서울특별시 강서구 화곡로312,37.55181666,126.8500765,화 09:40~11:10,지자체에 문의,02-2600-7665,,,"요가,헬스",화곡6동주민센터,20명,화곡6동주민센터,
,"요가,헬스(우장산동주민센터)",강서,서울특별시 강서구 우현로 34,37.54828859,126.8418363,"월,금 09:40~11:20",지자체에 문의,02-2600-7745,,,"요가,헬스",우장산동주민센터,20명,우장산동주민센터,
,뉴스포츠(기쁜우리복지관 지하1층),강서,서울특별시 강서구 허준로65,37.56927822,126.8488644,목 10:30~11:30,지자체에 문의,02-3665-3831,,,뉴스포츠,기쁜우리복지관 지하1층,10명,기쁜우리복지관,http://www.gibbun.or.kr
,족구(해누리족구장),양천,서울 양천구 안양천로 711,37.5115265,126.872374,"화, 목 10:30~11:30",지자체에 문의,,,,족구,해누리족구장,15명,양천구족구협회,
,헬스&근력운동(G.X)(신월4동주민센터),양천,서울특별시 양천구 오목로5길 34,37.52469581,126.8400811,"화10:00~11:30, 목 10:00~11:30",지자체에 문의,2620-4115,,,헬스&근력운동(G.X),신월4동주민센터,20명,신월4동주민센터,https://www.yangcheon.go.kr/dong/sinwol04/main.do
,헬스&근력운동(G.X)(목4동주민센터),양천,서울특별시 양천구 목동중앙로25(목동),37.53243314,126.8683948,"수 10:00~11:30, 금 10:00~11:30",지자체에 문의,2620-4000,,,헬스&근력운동(G.X),목4동주민센터,20명,목4동주민센터,https://www.yangcheon.go.kr/dong/mok04/main.do
,탁구(한빛종합사회복지관),양천,서울특별시 양천구 신월로11길 16,37.51907402,126.8402256,금 14:50~15:30,지자체에 문의,02-2690-8762,,,탁구,한빛종합사회복지관,15명,한빛종합사회복지관,http://www.han-bit.or.kr/
,탁구(한빛종합사회복지관),양천,서울특별시 양천구 신월로11길 16,37.51907402,126.8402256,금 14:00~14:40,지자체에 문의,02-2690-8762,,,탁구,한빛종합사회복지관,15명,한빛종합사회복지관,http://www.han-bit.or.kr/
,탁구(목동종합사회복지관),양천,서울특별시 양천구 목동중앙북로8길104,37.54424009,126.8663764,금 16:50~17:30,지자체에 문의,02-2651-2333,,,탁구,목동종합사회복지관,15명,목동종합사회복지관,http://sseoul.or.kr/
,탁구(목동종합사회복지관),양천,서울특별시 양천구 목동중앙북로8길104,37.54424009,126.8663764,금 16:00~16:40,지자체에 문의,02-2651-2332,,,탁구,목동종합사회복지관,15명,목동종합사회복지관,http://sseoul.or.kr/
,탁구(신정종합사회복지관),양천,서울특별시 양천구 신정중앙로 36,37.52730285,126.8555308,수 16:50~17:30,지자체에 문의,02-2651-2332,,,탁구,신정종합사회복지관,15명,신정종합사회복지관,http://sseoul.or.kr/
,탁구(신정종합사회복지관),양천,서울특별시 양천구 신정중앙로 36,37.52730285,126.8555308,수 16:00~16:40,지자체에 문의,02-2651-2332,,,탁구,신정종합사회복지관,15명,신정종합사회복지관,http://sseoul.or.kr/
,탁구(한빛종합사회복지관),양천,서울특별시 양천구 신월로11길 16,37.51907402,126.8402256,수 14:00~14:40,지자체에 문의,02-2690-8762,,,탁구,한빛종합사회복지관,15명,한빛종합사회복지관,http://www.han-bit.or.kr/
,탁구(신정종합사회복지관),양천,서울특별시 양천구 신정중앙로 36,37.52730285,126.8555308,월 16:50~17:30,지자체에 문의,02-2651-2332,,,탁구,신정종합사회복지관,15명,신정종합사회복지관,http://sseoul.or.kr/
,탁구(신정종합사회복지관),양천,서울특별시 양천구 신정중앙로 36,37.52730285,126.8555308,월 16:00~16:40,지자체에 문의,02-2651-2332,,,탁구,신정종합사회복지관,15명,신정종합사회복지관,http://sseoul.or.kr/
,탁구(목동종합사회복지관),양천,서울특별시 양천구 목동중앙북로8길 104,37.54424009,126.8663764,월 14:50~15:30,지자체에 문의,02-2651-2333,,,탁구,목동종합사회복지관,15명,목동종합사회복지관,http://sseoul.or.kr/
,탁구(목동종합사회복지관),양천,서울특별시 양천구 목동중앙북로8길 104,37.54424009,126.8663764,월 14:00~14:40,지자체에 문의,02-2651-2333,,,탁구,목동종합사회복지관,15명,목동종합사회복지관,http://sseoul.or.kr/
,생활체조(아현건강증진센터),마포,서울특별시 마포구 마포대로11길 44-81,37.55212686,126.9512971,수 13:30~14:30,지자체에 문의,02-3153-9882,,,생활체조,아현건강증진센터,15명,아현건강증진센터,
,생활체조(아현건강증진센터),마포,서울특별시 마포구 마포대로11길 44-81,37.55212686,126.9512971,월 13:30~14:30,지자체에 문의,02-3153-9882,,,생활체조,아현건강증진센터,15명,아현건강증진센터,
,뉴스포츠(북아현방과후교실),서대문,서울특별시 서대문구 충정로 52,37.56335057,126.9658861,금 15:00~16:20,지자체에 문의,02-364-3462,,,뉴스포츠,북아현방과후교실,25,북아현방과후교실,
,헬스(홍제천 일대),서대문,서울 서대문구 연희동 170-181,37.5798169,126.9356641,목 09:00~10:30,지자체에 문의,02-335-7330,,,헬스,홍제천 일대,20,서대문구,
,헬스(홍제천 일대),서대문,서울 서대문구 연희동 170-181,37.5798169,126.9356641,"월, 목 09:00~10:30",지자체에 문의,02-335-7330,,,헬스,홍제천 일대,20,서대문구,
,헬스(홍제천 일대),서대문,서울 서대문구 연희동 170-181,37.5798169,126.9356641,"월, 목 09:00~10:30",지자체에 문의,02-335-7330,,,헬스,홍제천 일대,20,서대문구,
,헬스(홍제천 일대),서대문,서울 서대문구 연희동 170-181,37.5798169,126.9356641,"월, 수 14:00~15:30",지자체에 문의,02-335-7330,,,헬스,홍제천 일대,20,서대문구,
,헬스(홍제천 일대),서대문,서울 서대문구 연희동 170-181,37.5798169,126.9356641,"화, 수 09:00~10:30",지자체에 문의,02-335-7330,,,헬스,홍제천 일대,20,서대문구,
,헬스(홍제천 일대),서대문,서울 서대문구 연희동 170-181,37.5798169,126.9356641,"월, 수 14:00~15:30",지자체에 문의,02-335-7330,,,헬스,홍제천 일대,20,서대문구,
,헬스(홍제천 일대),서대문,서울 서대문구 연희동 170-181,37.5798169,126.9356641,금 14:00~15:30,지자체에 문의,02-335-7330,,,헬스,홍제천 일대,20,서대문구,
,헬스(홍제천 일대),서대문,서울 서대문구 연희동 170-181,37.5798169,126.9356641,"화, 수, 목 09:00~10:30",지자체에 문의,02-335-7330,,,헬스,홍제천 일대,20,서대문구,
,뉴스포츠(북아현방과후교실),서대문,서울특별시 서대문구 충정로 52,37.56335057,126.9658861,"월, 수 15:00~16:20",지자체에 문의,02-364-3462,,,뉴스포츠,북아현방과후교실,25,북아현방과후교실,
,경춘선 숲길 걷기 수업(경춘선숲길),노원,서울특별시 노원구 동일로198가길 149,37.63039111,127.0670364,수 10:45~11:30,지자체에 문의,,,,경춘선 숲길 걷기 수업,경춘선숲길,15,노원구민,
,경춘선 숲길 걷기 수업(경춘선숲길),노원,서울특별시 노원구 동일로198가길 149,37.63039111,127.0670364,수 10:00~10:45,지자체에 문의,,,,경춘선 숲길 걷기 수업,경춘선숲길,15,노원구민,
,경춘선 숲길 걷기 수업(경춘선숲길),노원,서울특별시 노원구 동일로198가길 149,37.63039111,127.0670364,월 10:45~11:30,지자체에 문의,,,,경춘선 숲길 걷기 수업,경춘선숲길,15,노원구민,
,경춘선 숲길 걷기 수업(경춘선숲길),노원,서울특별시 노원구 동일로198가길 149,37.63039111,127.0670364,월 10:00~10:45,지자체에 문의,,,,경춘선 숲길 걷기 수업,경춘선숲길,15,노원구민,
,경춘선 숲길 걷기 수업(경춘선 숲길),노원,서울특별시 노원구 동일로198가길 149,37.63039111,127.0670364,금 10:40~11:20,지자체에 문의,,,,경춘선 숲길 걷기 수업,경춘선 숲길,20,노원구민,
,경춘선 숲길 걷기 수업(경춘선 숲길),노원,서울특별시 노원구 동일로198가길 149,37.63039111,127.0670364,금 10:00~10:40,지자체에 문의,,,,경춘선 숲길 걷기 수업,경춘선 숲길,20,노원구민,
,경춘선 숲길 걷기 수업(경춘선 숲길),노원,서울특별시 노원구 동일로198가길 149,37.63039111,127.0670364,월 10:40~11:20,지자체에 문의,,,,경춘선 숲길 걷기 수업,경춘선 숲길,20,노원구민,
,경춘선 숲길 걷기 수업(경춘선 숲길),노원,서울특별시 노원구 동일로198가길 149,37.63039111,127.0670364,월 10:00~10:40,지자체에 문의,,,,경춘선 숲길 걷기 수업,경춘선 숲길,20,노원구민,
,경춘선 숲길 걷기 수업(경춘선숲길),노원,서울특별시 노원구 동일로198가길 149,37.63039111,127.0670364,금 10:40~11:20,지자체에 문의,,,,경춘선 숲길 걷기 수업,경춘선숲길,10,노원구민,
,경춘선 숲길 걷기 수업(경춘선숲길),노원,서울특별시 노원구 동일로198가길 149,37.63039111,127.0670364,금 10:00~10:40,지자체에 문의,,,,경춘선 숲길 걷기 수업,경춘선숲길,10,노원구민,
,경춘선 숲길 걷기 수업(경춘선숲길),노원,서울특별시 노원구 동일로198가길 149,37.63039111,127.0670364,목 10:40~11:20,지자체에 문의,,,,경춘선 숲길 걷기 수업,경춘선숲길,10,노원구민,
,경춘선 숲길 걷기 수업(경춘선숲길),노원,서울특별시 노원구 동일로198가길 149,37.63039111,127.0670364,목 10:00~10:40,지자체에 문의,,,,경춘선 숲길 걷기 수업,경춘선숲길,10,노원구민,
,학교체육(월계복지관),노원,서울특별시 노원구 초안산로 1길 51,37.62724445,127.0527656,목 16:50~17:30,지자체에 문의,,,,학교체육,월계복지관,8,월계복지관,
,헬스(오동생활체육공원),강북,서울특별시 강북구 오패산로52라길 149,37.62080086,127.0344901,월수금 15:00~16:30,지자체에 문의,02-989-3422,,,헬스,오동생활체육공원,15,오동생활체육관,
,축구(강북구민운동장),강북,서울특별시 강북구 오현로 187-25,37.62942638,127.0379894,수 13:40~16:00,지자체에 문의,,,,축구,강북구민운동장,35명,수유시장상인회축구동아리,
,생활체조(래미안라센트아파트),성북,서울특별시 성북구 종암로24가길 80,37.59931367,127.0392269,목 10:00~10:45,지자체에 문의,02-917-1426,,,생활체조,래미안라센트아파트,20명,래미안라센트아파트,
,걷기운동(북한산둘레길),성북,서울특별시 성북구 솔샘로25길 121-50,37.62095698,127.0068831,수 10:00~11:50,지자체에 문의,02-3676-7330,,,걷기운동,북한산둘레길,30명,북한산둘레길,
,걷기운동(성북동성곽길),성북,서울특별시 성북구,37.58935882,127.0167029,월 10:00~11:50,지자체에 문의,,,,걷기운동,성북동성곽길,30명,성북동성곽길,
,걷기운동(북서울꿈의숲),성북,서울특별시 강북구 월계로 173,37.62025446,127.0443247,금 10:00~11:50,지자체에 문의,02-3676-7330,,,걷기운동,북서울꿈의숲,30명,북서울꿈의숲,
,생활체조(래미안라센트아파트),성북,서울특별시 성북구 종암로24가길 80,37.59931367,127.0392269,목 10:00~10:45,지자체에 문의,02-917-1426,,,생활체조,래미안라센트아파트,20명,래미안라센트아파트,
,걷기운동(북한산둘레길),성북,서울특별시 성북구 솔샘로25길 121-50,37.62095698,127.0068831,수 10:00~11:50,지자체에 문의,02-3676-7330,,,걷기운동,북한산둘레길,30명,북한산둘레길,
,생활체조(성북구보건소),성북,서울특별시 성북구 화랑로 63,37.60271066,127.0395333,"화, 목 15:50~17:10",지자체에 문의,,,,생활체조,성북구보건소,50명,성북구보건소,http://www.sb.go.kr/bogunso/main.do
,생활체조(정릉 e편한세상아파트),성북,서울특별시 성북구 북악산로 851,37.60025102,127.0183154,금 10:00~10:50,지자체에 문의,02-914-1871,,,생활체조,정릉 e편한세상아파트,20명,정릉e편한세상아파트,
,생활체조(성북구보건소),성북,서울특별시 성북구 화랑로63,37.60271066,127.0395333,"월,수 16:30~17:10",지자체에 문의,02-2241-1749,,,생활체조,성북구보건소,30명,성북구보건소,www.sb.go.kr/bogunso/main.do
,생활체조(성북구보건소),성북,서울특별시 성북구 화랑로63,37.60271066,127.0395333,"월,수 15:50~16:30",지자체에 문의,02-2241-1749,,,생활체조,성북구보건소,30명,성북구보건소,www.sb.go.kr/bogunso/main.do
,걷기(성북동 성곽길),성북,서울특별시 종로구 창경궁로307 성북동 성곽길 혜화문,37.58796215,127.003505,월 11:00~12:00,지자체에 문의,,,,걷기,성북동 성곽길,30명,성북구체육회,
,걷기(성북동 성곽길),성북,서울특별시 종로구 창경궁로307 성북동 성곽길 혜화문,37.58796215,127.003505,월 10:00~11:00,지자체에 문의,,,,걷기,성북동 성곽길,30명,성북구체육회,
,걷기(북서울꿈의숲),성북,서울특별시 강북구 월계로 173,37.62025446,127.0443247,금 10:00~11:20,지자체에 문의,02-3676-7330,,,걷기,북서울꿈의숲,30명,북서울꿈의숲,
,생활체조(돈암코오롱아파트),성북,서울특별시 성북구 아리랑로 75,37.59883026,127.0136255,목 10:00~10:40,지자체에 문의,010-8331-9352,,,생활체조,돈암코오롱아파트,20명,돈암코오롱아파트,
,근력운동(석관두산아파트),성북,서울특별시 성북구 화랑로48길16,37.61376289,127.0689946,목 10:00~10:45,지자체에 문의,,,,근력운동,석관두산아파트,20명,성북구보건소,
,걷기(북한산둘레길),성북,서울특별시 성북구 삼선교로 30-1,37.58795905,127.009126,수 10:00~11:30,지자체에 문의,02-3676-7330,,,걷기,북한산둘레길,30명,성북구체육회,
,걷기(북서울꿈의숲),성북,서울특별시 성북구 삼선교로 30-1,37.58795905,127.009126,금 10:00~11:30,지자체에 문의,02-36767-7330,,,걷기,북서울꿈의숲,30명,성북구체육회,http://www.sportssb.or.kr/
,밴드운동(꿈의숲코오롱하늘채아파트),성북,서울특별시 성북구 돌곶이로 220,37.61901822,127.0464327,수 10:00~10:45,지자체에 문의,010-3499-7854,,,밴드운동,꿈의숲코오롱하늘채아파트,30명,꿈의숲코오롱하늘채아파트,
,걷기(성북동성곽길),성북,서울특별시 성북구 삼선교로 30-1,37.58795905,127.009126,월 10:00~11:30,지자체에 문의,02-36767-7330,,,걷기,성북동성곽길,30명,성북구체육회,http://www.sportssb.or.kr/
,생활체조(돈암2동주민센터 다목적홀),성북,서울특별시 성북구 흥천사길 7,37.59801698,127.010539,목 15:00~16:20,지자체에 문의,010-9897-5422,,,생활체조,돈암2동주민센터 다목적홀,30명,돈암2동주민센터 다목적홀,
,생활체조(안암동주민센터 다목적홀),성북,서울특별시 성북구 고려대로16,37.58582076,127.0213756,수 13:30~14:50,지자체에 문의,010-4266-8991,,,생활체조,안암동주민센터 다목적홀,30명,안암동주민센터 다목적홀,
,배드민턴(용두문화복지센터 (체육관)),동대문,서울특별시 동대문구 고산자로28길 13,37.57532359,127.0391728,"화,목 10:00~11:30",지자체에 문의,02-6929-2647,,,배드민턴,용두문화복지센터 (체육관),15명,용두문화복지센터,
,배드민턴(광장동실내배드민턴장),광진,서울 광진구 천호대로140길 40,37.54442528,127.1001957,"화,목 14:00~15:00",지자체에 문의,02-458-9062,,,배드민턴,광장동실내배드민턴장,15명,광장동실내배드민턴장,
,배드민턴(광장동실내배드민턴장),광진,서울 광진구 천호대로140길 40,37.54442528,127.1001957,"화,목 13:00~14:00",지자체에 문의,02-458-9062,,,배드민턴,광장동실내배드민턴장,15명,광장동실내배드민턴장,
,헬스(광진구보건소운동교육실),광진,서울특별시 광진구 자양로117,37.53853161,127.0819098,"화,수 10:30~11:10",지자체에 문의,02-450-1300,,,헬스,광진구보건소운동교육실,20명,광진구보건소,
,헬스(광진구보건소운동교육실),광진,서울특별시 광진구 자양로117,37.53853161,127.0819098,"화,수 09:30~10:10",지자체에 문의,02-450-1300,,,헬스,광진구보건소운동교육실,20명,광진구보건소,
,헬스(광진구청 보건소체력단련실),광진,서울특별시 자양로117 보건소2층,37.53853161,127.0819098,목 10:30~11:30,지자체에 문의,02-450-1586,,,헬스,광진구청 보건소체력단련실,10명,광진구청 보건소체력단련실,
,헬스(광진구청 보건소체력단련실),광진,서울특별시 자양로117 보건소2층,37.53853161,127.0819098,목 09:30~10:30,지자체에 문의,02-450-1586,,,헬스,광진구청 보건소체력단련실,10명,광진구청 보건소체력단련실,
,라인댄스(주민센터3층체육관),광진,서울특별시 광진구 광나루로36길56,37.54241324,127.0856773,금 10:20~11:00,지자체에 문의,02-450-1506,,,라인댄스,주민센터3층체육관,20명,구의1동주민센터,
,리듬댄스(주민센터3층체육관),광진,서울특별시 광진구 광나루로36길56,37.54241324,127.0856773,금 09:40~10:20,지자체에 문의,02-450-1506,,,리듬댄스,주민센터3층체육관,20명,구의1동주민센터,
,라인댄스(주민센터3층체육관),광진,서울특별시 광진구 능동로 17길39,37.54652678,127.0712676,목 11:50~12:30,지자체에 문의,02-450-1515,,,라인댄스,주민센터3층체육관,15명,화양동주민센터,
,리듬댄스(주민센터3층체육관),광진,서울특별시 광진구 능동로 17길39,37.54652678,127.0712676,목 11:00~11:40,지자체에 문의,02-450-1515,,,리듬댄스,주민센터3층체육관,15며,화양동주민센터,
,라인댄스(주민센터3층체육관),광진,서울특별시 광진구 자양로3가길,37.52896132,127.0847812,화 14:50~15:30,지자체에 문의,02-450-1511,,,라인댄스,주민센터3층체육관,15명,자양2동주민센터,
,리듬댄스(주민센터3층체육관),광진,서울특별시 광진구 자양로3가길,37.52896132,127.0847812,화 14:00~14:40,지자체에 문의,02-450-1511,,,리듬댄스,주민센터3층체육관,15명,자양2동주민센터,
,헬스(보건소 체력단련장),광진,서울특별시 광진구 자양로117,37.53853161,127.0819098,수 09:20~10:00,지자체에 문의,02-450-1422,,,헬스,보건소 체력단련장,20명,광진구보건소,www.gwangjin.go.kr/health/main/main.do
,배드민턴(광장복지관),광진,서울특별시 광진구 아차산로66길 8,37.54103356,127.0970671,화 16:10~17:00,지자체에 문의,02-2201-1333,,,배드민턴,광장복지관,20명,광장복지관,
,요가(광장복지관),광진,서울특별시 광진구 아차산로66길 8,37.54103356,127.0970671,화 15:30~16:10,지자체에 문의,02-2201-1333,,,요가,광장복지관,20명,광장복지관,
,축구(성동구민종합체육센터),성동,서울특별시 성동구 왕십리로 89,37.54584153,127.044028,"화, 목 16:00~17:00",지자체에 문의,02-2204-7617,,,축구,성동구민종합체육센터,20명,성동구민종합체육센터,https://www.happysd.or.kr/index.do
,요가(구립장애인주간보호센터),용산,서울특별시 용산구 한강대로 331 3층,37.54790166,126.9714991,목 14:30~15:10/금 14:30~15:10,지자체에 문의,02-701-4282,,,요가,구립장애인주간보호센터,20명,구립장애인주간보호센터,https://happylog.naver.com/hlog/yongsan4282/home
,요가(구립용산장애인복지관),용산,서울특별시 용산구 효창원로 93길 49,37.54730707,126.961569,월 12:50~14:20/목 13:00~13:40,지자체에 문의,070-4657-2018,,,요가,구립용산장애인복지관,20명,구립용산장애인복지관,http://www.ysrehab.or.kr/
,요가(효창주민센터),용산,서울특별시 용산구 효창원로 161 효창주민센터 5층 대강당,37.54250834,126.9618379,월 11:00~11:50/수 11:00~11:50,지자체에 문의,010-4164-4170,,,요가,효창주민센터,20명,햇빛자리주간보호시설,없음
,스트레칭(효창종합사회복지관),용산,서울특별시 용산구 효창동 5-65,37.54118506,126.9630008,금 09:30~12:00,지자체에 문의,,,,스트레칭,효창종합사회복지관,30명,효창종합사회복지관,https://www.hyochang.or.kr:6017/
,테라밴드(효창종합사회복지관),용산,서울특별시 용산구 효창동 5-65,37.54118506,126.9630008,목 09:30~12:00,지자체에 문의,,,,테라밴드,효창종합사회복지관,30명,효창종합사회복지관,https://www.hyochang.or.kr:6017/
,스트레칭(효창종합사회복지관),용산,서울특별시 용산구 효창동 5-65,37.54118506,126.9630008,수 09:30~12:00,지자체에 문의,,,,스트레칭,효창종합사회복지관,30명,효창종합사회복지관,https://www.hyochang.or.kr:6017/
,덤벨체조(효창종합사회복지관),용산,서울특별시 용산구 효창동 5-65,37.54118506,126.9630008,화 09:30~12:00,지자체에 문의,,,,덤벨체조,효창종합사회복지관,30명,효창종합사회복지관,https://www.hyochang.or.kr:6017/
,스트레칭(효창종합사회복지관),용산,서울특별시 용산구 효창동 5-65,37.54118506,126.9630008,월 09:30~12:00,지자체에 문의,,,,스트레칭,효창종합사회복지관,30명,효창종합사회복지관,https://www.hyochang.or.kr:6017/
,스트레칭(세라밴드)(필동주민센터),중구,서울특별시 중구 퇴계로36길 42,37.56015769,126.9955974,목 14:00~14:40,지자체에 문의,02-3396-6594,,,스트레칭(세라밴드),필동주민센터,20명,필동주민센터,https://www.junggu.seoul.kr/dong/pil/main.do
,스트레칭(세라밴드)(필동주민센터 2층),중구,서울특별시 중구 퇴계로36길 42,37.56015769,126.9955974,화 14:00~14:40,지자체에 문의,02-3396-6594,,,스트레칭(세라밴드),필동주민센터 2층,20명,필동주민센터,https://www.junggu.seoul.kr/dong/pil/main.do
,스트레칭(세라밴드)(장충체육관),중구,서울특별시 중구 동호로 241,37.55864066,127.0066775,화 10:00~10:50,지자체에 문의,02-2128-2814,,,스트레칭(세라밴드),장충체육관,15명,장충체육관,https://www.sisul.or.kr/open_content/jangchung/
,스트레칭(세라밴드)(황학동주민센터),중구,서울특별시 중구 난계로11길 52,37.56742273,127.0213823,월 10:30~11:30,지자체에 문의,02-3396-6893,,,스트레칭(세라밴드),황학동주민센터,15명,황학동주민센터,https://www.junggu.seoul.kr/dong/hwanghak/main.do
,"헬스, 근력운동(황학동주민센터)",중구,서울특별시 중구 난계로11길 52,37.56742273,127.0213823,"수,금 10:30~11:30",지자체에 문의,02-3396-6907,,,"헬스, 근력운동",황학동주민센터,20명,황학동주민센터,
,학교체육(중구모든아이손기정센터),중구,서울특별시 중구 손기정로 101,37.5554795,126.9648157,금 15:25~17:40,지자체에 문의,,,,학교체육,중구모든아이손기정센터,20명,중구모든아이손기정센터,
,학교체육(중구모든아이중림센터),중구,서울특별시 중구 서소문로6길 16,37.55943026,126.9662595,목 14:50~17:20,지자체에 문의,,,,학교체육,중구모든아이중림센터,20명,중구모든아이중림센터,
,헬스(다산동주민센터),중구,서울특별시 중구 동호로 15길50,37.55433289,127.0082945,목 14:00~14:40,지자체에 문의,02-3396-6740,,,헬스,다산동주민센터,15명,다산동주민센터,http://www.junggu.seoul.kr/dong/dasan/main.do
,헬스(청구동주민센터),중구,서울특별시 중구 청구로 3길 55,37.55706761,127.0146854,목 10:00~10:40,지자체에 문의,02-3396-6800,,,헬스,청구동주민센터,15명,청구동주민센터,http://www.junggu.seoul.kr/dong/cheonggu/main.do
,헬스(다산동주민센터),중구,서울특별시 중구 동호로 15길50,37.55433289,127.0082945,화 14:00~14:40,지자체에 문의,02-3396-6740,,,헬스,다산동주민센터,15명,다산동주민센터,http://www.junggu.seoul.kr/dong/dasan/main.do
,헬스(청구동주민센터),중구,서울특별시 중구 청구로 3길 55,37.55706761,127.0146854,화 10:00~10:40,지자체에 문의,02-3396-6800,,,헬스,청구동주민센터,15명,청구동주민센터,http://www.junggu.seoul.kr/dong/cheonggu/main.do
,에어로빅(훈련원공원종합체육관),중구,서울특별시 중구 을지로227 훈련원공원 내,37.56692913,127.0043893,"월, 수, 금 10:10~11:00",지자체에 문의,02-2280-8394,,,에어로빅,훈련원공원종합체육관,14명,중구시설관리공단,http://www.e-junggu.or.kr/
,축구(송파여성축구장),송파,송파구 방이동88,37.52103148,127.1161651,"월, 금 10:00~12:00",지자체에 문의,,,,축구,송파여성축구장,20명,송파구여성동호인,
,탁구(대청종합복지관),강남,서울 강남구 양재대로55길 10,37.49315404,127.0909914,월 16:00~16:40/16:40~17:20,지자체에 문의,02-469-6882,,,탁구,대청종합복지관,20명,대청종합복지관,http://www.daechung.or.kr/main/main.php
,특수체육(하상장애인복지관),강남,서울 강남구 개포로613,37.49255359,127.0751317,화 15:30~16:20/16:20~17:00,지자체에 문의,02-451-6000,,,특수체육,하상장애인복지관,8명,하상장애인복지관,http://www.hasang.org/main/main.php
,생활체육(강당),서초,서울 서초구 강남대로65길 19,37.49983877,127.0239978,월 14:30~15:30,지자체에 문의,02-540-6500,,,생활체육,강당,15명,사랑의복지관,http://www.esarang.org/
,특수체육(강당),서초,서울시 서초구 강남대로65길 19,37.49983877,127.0239978,화 11:00~11:50,지자체에 문의,02-540-6500,,,특수체육,강당,10명,사랑의 복지관,http://www.esarang.org
,특수체육(강당),서초,서초구 남부순환로 340길 15,37.48205213,127.0250125,금 10:00~12:00,지자체에 문의,02-2055-0909,,,특수체육,강당,15명,한우리정보문화센터,
,특수체육(강당),서초,서초구 헌릉로8길 42 ,37.45411333,127.0614366,화 13:10~15:10,지자체에 문의,02-455-4892,,,특수체육,강당,15명,다니엘복지원,
,헬스(내곡열린문화센터),서초,서울 서초구 청계산로 15길 77,37.44935828,127.0583143,"월,수 10:00~12:00",지자체에 문의,02-2155-7951,,,헬스,내곡열린문화센터,20명,내곡동주민센터,
,각 종 뉴스포츠(비상청소년사회복귀시설),관악,관악구 남부순환로 2054,37.47633698,126.9769252,화 14:10~14:50,지자체에 문의,070-4200-4401,,,각 종 뉴스포츠,비상청소년사회복귀시설,20명,비상청소년사회복귀시설,http://www.visang.or.kr/
,각 종 뉴스포츠(비상청소년사회복귀시설),관악,관악구 남부순환로 2054,37.47633698,126.9769252,화 13:30~14:10,지자체에 문의,070-4200-4401,,,각 종 뉴스포츠,비상청소년사회복귀시설,20명,비상청소년사회복귀시설,http://www.visang.or.kr/
,기초체력(노들나루공원),동작,서울 동작구 노량진로 247 본동시민공원,37.51453063,126.9524302,화 10:00~11:00,지자체에 문의,02-820-9435,,,기초체력,노들나루공원,30명,동작구보건소,www.dongjak.go.kr/healthcare/main/main.do 
,"스트레칭,헬스(대림3동헬스장)",영등포,서울특별시 영등포구 대림로 197,37.49831352,126.8980344,"목, 09:00~09:40",지자체에 문의,02-843-5536,,,"스트레칭,헬스",대림3동헬스장,50세,대림3동주민센터,
,"스트레칭,헬스(대림3동헬스장)",영등포,서울특별시 영등포구 대림로 197,37.49831352,126.8980344,"월, 09:00~09:40",지자체에 문의,02-843-5536,,,"스트레칭,헬스",대림3동헬스장,50세,대림3동주민센터,
,"스트레칭,생활체조(영인구립경로당)",영등포,서울특별시 영등포구 도림로58길 11,37.49607398,126.9027391,"목, 14:00~14:40",지자체에 문의,,,,"스트레칭,생활체조",영인구립경로당,20명,영인구립경로당,
,헬스(대림1동 주민자치센터),영등포,영등포구 디지털로 441 대림제1동 사무소 체육관3층,37.49545723,126.905842,"수, 09:50~11:10",지자체에 문의,02-2670-1379,,,헬스,대림1동 주민자치센터,20명,대림1동 주민자치센터,
,헬스(양평동주민복지회관),영등포,서울 영등포구 선유서로 34길 10 4층,37.5268695,126.8874353,"월, 09:50~11:10 수 10:00~11:20",지자체에 문의,,,,헬스,양평동주민복지회관,20명,양평동주민복지회관,
,축구(금천구청 환경미화원),금천,서울시 금천구 독산동 1086,37.46367414,126.8841434,수 16:00~18:00,지자체에 문의,02-2627-2375,,,축구,금천구청 환경미화원,25,금천구청 환경미화원,https://www.geumcheon.go.kr/
,뉴스포츠(구로종합사회복지관),구로,구로구 디지털로31길 93,37.48682339,126.8908274,금 16:00~16:40,지자체에 문의,02-852-0525,,,뉴스포츠,구로종합사회복지관,20명,구로종합사회복지관,https://9ro.or.kr/
,체육(화원종합사회복지관방과후교실),구로,구로구 벚꽃로 484,37.49733165,126.8801354,목 14:40~16:10(2),지자체에 문의,02-837-0761,,,체육,화원종합사회복지관방과후교실,40명,화원종합사회복지관방과후교실,http://www.hwawon.org/
,헬스(공항동주민센터),강서,서울 강서구 송정로45,37.55878281,126.8100743,금 10:40~11:20,지자체에 문의,,,,헬스,공항동주민센터,25명,공항동주민센터,
,헬스(공항동주민센터),강서,서울 강서구 송정로45,37.55878281,126.8100743,금 10:00~10:40,지자체에 문의,,,,헬스,공항동주민센터,25명,공항동주민센터,
,헬스(공항동주민센터),강서,서울 강서구 송정로45,37.55878281,126.8100743,목 10:00~11:00,지자체에 문의,,,,헬스,공항동주민센터,25명,공항동주민센터,
,헬스(염창동주민센터),강서,서울 강서구 양천로67가길 63,37.55377136,126.8709657,수 10:40~11:20,지자체에 문의,02-2600-7306,,,헬스,염창동주민센터,16명,염창동주민센터,
,헬스(염창동주민센터),강서,서울 강서구 양천로67가길 63,37.55377136,126.8709657,수 10:00~10:40,지자체에 문의,02-2600-7306,,,헬스,염창동주민센터,16명,염창동주민센터,
,보디빌딩(우장산동주민센터),강서,서울 강서구 우현로 34,37.54828859,126.8418363,"화,금 14:40~15:20",지자체에 문의,02-2600-7732,,,보디빌딩,우장산동주민센터,10명,우장산동주민센터,
,헬스(우장산동주민센터),강서,서울 강서구 우현로 34,37.54828859,126.8418363,"화,금 14:00~14:40",지자체에 문의,02-2600-7732,,,헬스,우장산동주민센터,10명,우장산동주민센터,
,헬스(등촌2동주민센터),강서,서울 강서구 등촌로 143,37.54265827,126.8625035,화 10:00~11:00,지자체에 문의,02-2600-7386,,,헬스,등촌2동주민센터,10명,등촌2동주민센터,http://www.gangseo.seoul.kr/new_portal/dong/index.jsp?dnum=3&dcode=DC2
,특수체육(늘푸른나무복지관),강서,서울 강서구 허준로5길 37,37.56853632,126.8511172,목 10:20~11:00,지자체에 문의,02-3661-3401,,,특수체육,늘푸른나무복지관,10명,성요한복지회,http://www.egreen.or.kr/index.htm
,특수체육(그라나다보호작업센터),강서,서울 강서구 허준로5길 37,37.56853632,126.8511172,화 09:50~10:30,지자체에 문의,02-3661-3402,,,특수체육,그라나다보호작업센터,30명,성요한복지회,http://www.granada.or.kr/
,헬스(등촌2동주민센터),강서,서울 강서구 등촌로 143,37.54265827,126.8625035,수 10:40~11:20,지자체에 문의,02-2600-7386,,,헬스,등촌2동주민센터,10명,등촌2동주민센터,http://www.gangseo.seoul.kr/new_portal/dong/index.jsp?dnum=3&dcode=DC2
,스트레칭(등촌2동주민센터),강서,서울 강서구 등촌로 143,37.54265827,126.8625035,"월,수 10:00~10:40",지자체에 문의,02-2600-7386,,,스트레칭,등촌2동주민센터,10명,등촌2동주민센터,http://www.gangseo.seoul.kr/new_portal/dong/index.jsp?dnum=3&dcode=DC2
,헬스(염창동주민센터),강서,서울 강서구 양천로67가길 63,37.55377136,126.8709657,금요일 14:00~15:00,지자체에 문의,02-2600-7335,,,헬스,염창동주민센터,15명,염창동주민센터,
,헬스(가양3동 주민센터),강서,서울 강서구 허준로 202,37.56108697,126.8605577,목요일 14:00~15:00,지자체에 문의,02-2600-7865,,,헬스,가양3동 주민센터,15명,가양3동 주민센터,
,헬스(등촌3동주민센터),강서,서울 강서구 화곡로63길 96,37.55888771,126.8479185,목요일 10:00~11:20,지자체에 문의,02-2600-7445,,,헬스,등촌3동주민센터,20명,등촌3동 주민센터,
,헬스(공항동주민센터),강서,서울 강서구 송정로 45,37.55878281,126.8100743,수요일 14:00~15:00,지자체에 문의,02-2600-7935,,,헬스,공항동주민센터,15명,공항동주민센터,
,배드민턴(우장산 배드민턴장),강서,서울 강서구 화곡동,37.5362848,126.8489523,"수,금 10:00~11:20",지자체에 문의,,,,배드민턴,우장산 배드민턴장,20명,강서구 주민,
,헬스(가양2동 주민센터),강서,서울 강서구 허준로 93 ,37.56739892,126.8512712,화요일 14:00~15:00,지자체에 문의,02-2600-7825,,,헬스,가양2동 주민센터,15명,가양2동 주민센터,
,헬스(등촌3동주민센터),강서,서울 강서구 화곡로63길 96,37.55888771,126.8479185,월요일 14:00~15:20,지자체에 문의,02-2600-7445,,,헬스,등촌3동주민센터,20명,등촌3동 주민센터,
,헬스(염창동주민센터),강서,서울 강서구 양천로67가길 63,37.55377136,126.8709657,월요일 10:00~11:00,지자체에 문의,02-2600-7335,,,헬스,염창동주민센터,15명,염창동 주민센터,
,뉴스포츠(기쁜우리복지관 강당),강서,서울 강서구 허준로65,37.56927822,126.8488644,목 10:20~11:40,지자체에 문의,02-3665-3831,,,뉴스포츠,기쁜우리복지관 강당,18명,기쁜우리복지관,http://www.gibbun.or.kr
,탁구(공항동주민센터 강당),강서,서울 강서구 송정로 45,37.55878281,126.8100743,수 13:00~14:20,지자체에 문의,,,,탁구,공항동주민센터 강당,10명,공항동 주민센터,
,족구(해누리족구장),양천,서울 양천구 안양천로 711,37.5115265,126.872374,"화, 목 10:30~11:30",지자체에 문의,,,,족구,해누리족구장,15명,양천구족구협회,
,헬스&근력운동(G.X)(목4동주민센터),양천,양천구 목동중앙로25(목동),37.53243314,126.8683948,"수,금 10:00~11;30",지자체에 문의,2620-4000,,,헬스&근력운동(G.X),목4동주민센터,20명,목4동주민센터,https://www.yangcheon.go.kr/dong/mok04/main.do
,헬스&근력운동(G.X)(신월4동주민센터),양천,양천구 오목로5길 34(신월동),37.52469581,126.8400811,화 09:30~11:30 / 금 14:30~15:15,지자체에 문의,2620-4110,,,헬스&근력운동(G.X),신월4동주민센터,20명,신월4동주민센터,https://www.yangcheon.go.kr/dong/sinwol04/main.do
,근력운동(양천보건소),양천,양천구 목동서로 339(신정동) ,37.51770616,126.8657394,"월,목 10:00~10:50",지자체에 문의,2620-3114,,,근력운동,양천보건소,42명,양천보건소,http://www.yangcheon.go.kr/health/health/main.do
,탁구(목동종합사회복지관),양천,서울양천구 목동중앙북로8길104,37.54424009,126.8663764,금 16:40~18:00,지자체에 문의,02-2651-2333,,,탁구,목동종합사회복지관,15명,목동종합사회복지관,http://sseoul.or.kr/
,탁구(목동종합사회복지관),양천,서울양천구 목동중앙북로8길104,37.54424009,126.8663764,금 15:00~16:40,지자체에 문의,02-2651-2332,,,탁구,목동종합사회복지관,15명,목동종합사회복지관,http://sseoul.or.kr/
,탁구(신정종합사회복지관),양천,서울 양천구 신정중앙로 36,37.52730285,126.8555308,화 16:50~17:30,지자체에 문의,02-2651-2333,,,탁구,신정종합사회복지관,15명,신정종합사회복지관,http://sseoul.or.kr/
,탁구(신정종합사회복지관),양천,서울양천구 목동중앙북로8길104,37.54424009,126.8663764,화 16:00~16:40,지자체에 문의,02-2651-2332,,,탁구,신정종합사회복지관,15명,신정종합사회복지관,http://sseoul.or.kr/
,생활체조(아현건강증진센터),마포,서울 마포구 마포대로11길 44-81,37.55212686,126.9512971,월 13:30~14:30,지자체에 문의,02-3153-9882,,,생활체조,아현건강증진센터,15명,아현건강증진센터,
,생활체조(아현건강증진센터),마포,서울 마포구 마포대로11길 44-81,37.55212686,126.9512971,수 13:30~14:30,지자체에 문의,02-3153-9882,,,생활체조,아현건강증진센터,15명,아현건강증진센터,
,헬스(홍제천 인근),서대문,서울 서대문구 연희동 170-181,37.5798169,126.9356641,월 10:00~12:00,지자체에 문의,02-330-1126,,,헬스,홍제천 인근,30,,
,생활체조(사당분소),동작,서울 동작구 사당로 253-3,37.4836744,126.9758707,금 13:40~14:20,지자체에 문의,02-820-9644,,,생활체조,사당분소,20명,동작구보건소 사당분소,
,생활체조(사당분소),동작,서울 동작구 사당로 253-3,37.4836744,126.9758707,금 13:00~13:40,지자체에 문의,02-820-9644,,,생활체조,사당분소,20명,동작구보건소 사당분소,
,"스트레칭, 근력운동(상도어울마당)",동작,서울 동작구 성대로 180,37.49925547,126.9403722,"화, 목 15:00~15:40",지자체에 문의,,,,"스트레칭, 근력운동",상도어울마당,20명,동작구보건소,www.dongjak.go.kr/healthcare/main/main.do 
,"스트레칭, 근력운동(상도어울마당)",동작,서울 동작구 성대로 180,37.49925547,126.9403722,"화, 목 14:00~14:45",지자체에 문의,,,,"스트레칭, 근력운동",상도어울마당,20명,동작구보건소,www.dongjak.go.kr/healthcare/main/main.do 
,요가(사당롯데캐슬 아파트),동작,"서울 동작구 사당로27길 190, 106동 지하2층",37.49095711,126.9715874,"수, 금 11:00~11:45",지자체에 문의,,,,요가,사당롯데캐슬 아파트,15명,사당롯데캐슬 주민,
,축구(노들나루공원잔디구장),동작,서울 동작구 노량진로 247,37.51453063,126.9524302,"목, 금 10:00~12:00",지자체에 문의,,,,축구,노들나루공원잔디구장,20명,동작구여성축구단,
,생활체육(모랫말꿈터),영등포,서울특별시 영등포구 도영로11길 11,37.51062509,126.8969571,수 12:50~14:10,지자체에 문의,,,,생활체육,모랫말꿈터,15명,모랫말꿈터,
,"스트레칭, 헬스(도림동자치센터 헬스장)",영등포,서울특별시 영등포구 도영로7길 10,37.5094934,126.8959996,수 09:20~10:40,지자체에 문의,02-832-1780,,,"스트레칭, 헬스",도림동자치센터 헬스장,20명,도림동자치센터 헬스장,
,"스트레칭, 헬스(신길3동주민센터 헬스장)",영등포,서울특별시 영등포구 신길로41라길 13-8,37.50729867,126.9077496,화 09:50~11:10,지자체에 문의,02-846-9697,,,"스트레칭, 헬스",신길3동주민센터 헬스장,20명,신길주민센터 헬스장,
,"스트레칭,헬스(영등포구자치회관헬스장)",영등포,영등포구 국회대로44길4 ,37.52538799,126.9036383,화 09:30~10:40,지자체에 문의,02-2068-8810,,,"스트레칭,헬스",영등포구자치회관헬스장,20명,영등포구자치회관헬스장,
,학교체육(월계문화복지센터),노원,서울 노원구 월계로42길 9,37.62426476,127.0507921,목 17:00~17:40,지자체에 문의,,,,학교체육,월계문화복지센터,8명,노원구민,
,걷기(경춘선 숲길),노원,서울 노원구 공릉동 320-2,37.6213792,127.0782522,"월,수 10:00~11:20",지자체에 문의,,,,걷기,경춘선 숲길,10명,노원구민,
,걷기(경춘선 숲길),노원,서울 노원구 공릉동 320-2,37.6213792,127.0782522,"화,목 10:00~11:20",지자체에 문의,,,,걷기,경춘선 숲길,10명,노원구민,
,걷기(경춘선 숲길),노원,서울 노원구 공릉동 320-2,37.6213792,127.0782522,"목, 금 10:00~11:20",지자체에 문의,,,,걷기,경춘선 숲길,10명,노원구민,
,걷기(경춘선 숲길),노원,서울 노원구 공릉동 320-2,37.6213792,127.0782522,"월, 금 10:00~11:20",지자체에 문의,,,,걷기,경춘선 숲길,10명,노원구민,
,축구(강북구민운동장),강북,강북구 오현로 187-25,37.62942638,127.0379894,수 13:40~16:00,지자체에 문의,,,,축구,강북구민운동장,35명,수유시장상인회축구동아리,
,테라밴드(수유1동주민센터),강북,강북구 삼양로 299,37.6300516,127.0175594,월 16:00~16:45,지자체에 문의,,,,테라밴드,수유1동주민센터,15명,수유1동주민센터,
,웨이트트레이닝(오동생활체육관),강북,강북구 오패산로52라길,37.62191458,127.0335235,"화,목,금 14:00~16:00",지자체에 문의,02-989-3422,,,웨이트트레이닝,오동생활체육관,15명,오동생활체육관,
,농구(강북웰빙스포츠센터 3층),강북,강북구 오현로31길 51,37.63045275,127.0377894,"월,수 16:00~17:30",지자체에 문의,02-944-2900,,,농구,강북웰빙스포츠센터 3층,20명,강북웰빙스포츠센터,wellbeing.gangbukcmc.seoul.kr
,생활체조(래미안라센트아파트),성북,서울 성북구 종암로24가길 80,37.59931367,127.0392269,목 10:00~10:45,지자체에 문의,02-917-1426,,,생활체조,래미안라센트아파트,20명,래미안라센트아파트,
,걷기운동(북한산둘레길),성북,서울 성북구 솔샘로25길 121-50,37.62095698,127.0068831,수 10:00~11:50,지자체에 문의,02-3676-7330,,,걷기운동,북한산둘레길,30명,북한산둘레길,
,걷기운동(성북동성곽길),성북,서울 성북구 삼선동1가,37.58468174,127.0083962,월 10:00~11:50,지자체에 문의,,,,걷기운동,성북동성곽길,30명,성북동성곽길,
,걷기운동(북서울꿈의숲),성북,서울 강북구 월계로 173 북서울꿈의숲 동문,37.62025446,127.0443247,금 10:00~11:50,지자체에 문의,02-3676-7330,,,걷기운동,북서울꿈의숲,30명,북서울꿈의숲,
,생활체조(래미안라센트아파트),성북,서울 성북구 종암로24가길 80,37.59931367,127.0392269,목 10:00~10:45,지자체에 문의,02-917-1426,,,생활체조,래미안라센트아파트,20명,래미안라센트아파트,
,걷기운동(북한산둘레길),성북,서울 성북구 솔샘로25길 121-50,37.62095698,127.0068831,수 10:00~11:50,지자체에 문의,02-3676-7330,,,걷기운동,북한산둘레길,30명,북한산둘레길,
,생활체조(성북구보건소),성북,서울 성북구 화랑로 63,37.60271066,127.0395333,"화, 목 15:50~17:10",지자체에 문의,,,,생활체조,성북구보건소,50명,성북구보건소,http://www.sb.go.kr/bogunso/main.do
,생활체조(정릉e편한세상아파트),성북,서울 성북구 북악산로 851,37.60025102,127.0183154,금 10:00~10:50,지자체에 문의,02-914-1871,,,생활체조,정릉e편한세상아파트,20명,정릉e편한세상아파트,
,생활체조(성북구보건소),성북,서울 성북구 화랑로63,37.60271066,127.0395333,"월,수 16:30~17:10",지자체에 문의,02-2241-1749,,,생활체조,성북구보건소,30명,성북구보건소,www.sb.go.kr/bogunso/main.do 
,생활체조(성북구보건소),성북,서울 성북구 화랑로63,37.60271066,127.0395333,"월,수 15:50~16:30",지자체에 문의,02-2241-1749,,,생활체조,성북구보건소,30명,성북구보건소,www.sb.go.kr/bogunso/main.do 
,걷기(성북동 성곽길),성북,서울 종로구 창경궁로307 성북동 성곽길 혜화문,37.58796215,127.003505,월 11:00~12:00,지자체에 문의,,,,걷기,성북동 성곽길,30명,성북구체육회,
,걷기(성북동 성곽길),성북,서울 종로구 창경궁로307 성북동 성곽길 혜화문,37.58796215,127.003505,월 10:00~11:00,지자체에 문의,,,,걷기,성북동 성곽길,30명,성북구체육회,
,걷기(북서울꿈의숲),성북,강북구 월계로 173,37.62025446,127.0443247,금 10:00~11:20,지자체에 문의,02-3676-7330,,,걷기,북서울꿈의숲,30명,북서울꿈의숲,
,생활체조(돈암코오롱아파트),성북,성북구 아리랑로 75,37.59883026,127.0136255,목 10:00~10:40,지자체에 문의,,,,생활체조,돈암코오롱아파트,20명,돈암코오롱아파트,
,근력운동(석관두산아파트),성북,서울 성북구 화랑로48길16,37.61376289,127.0689946,목 10:00~10:45,지자체에 문의,,,,근력운동,석관두산아파트,20명,성북구보건소,
,걷기(북한산둘레길),성북,서울 성북구 삼선교로30-1,37.58795905,127.009126,수 10:00~11:30,지자체에 문의,02-3676-7330,,,걷기,북한산둘레길,30명,성북구체육회,
,걷기(북서울꿈의숲),성북,서울 성북구 삼선교로 30-1,37.58795905,127.009126,금 10:00~11:30,지자체에 문의,02-36767-7330,,,걷기,북서울꿈의숲,30명,성북구체육회,http://www.sportssb.or.kr/ 
,밴드운동(꿈의숲코오롱하늘채아파트),성북,서울특별시 성북구 돌곶이로 220,37.61901822,127.0464327,수 10:00~10:45,지자체에 문의,,,,밴드운동,꿈의숲코오롱하늘채아파트,30명,꿈의숲코오롱하늘채아파트,
,걷기(성북동성곽길),성북,서울 성북구 삼선교로 30-1,37.58795905,127.009126,월 10:00~11:30,지자체에 문의,02-36767-7330,,,걷기,성북동성곽길,30명 ,성북구체육회,http://www.sportssb.or.kr/ 
,생활체조(돈암2동주민센터 다목적홀),성북,서울 성북구 흥천사길 7,37.59801698,127.010539,목 15:00~16:20,지자체에 문의,,,,생활체조,돈암2동주민센터 다목적홀,30명,돈암2동주민센터 다목적홀,
,생활체조(안암동주민센터 다목적홀),성북,서울 성북구 고려대로16,37.58582076,127.0213756,수 13:30~14:50,지자체에 문의,,,,생활체조,안암동주민센터 다목적홀,30명,안암동주민센터 다목적홀,
,보디빌딩(용마문화복지센터),중랑,서울 중랑구 용마산로 393,37.587003,127.0951883,"화,목 10:00~11:00",지자체에 문의,,,,보디빌딩,용마문화복지센터,10명,용마문화복지센터,
,뮤직복싱(유린원광사회복지관),중랑,서울 중랑구 신내로 56,37.60447047,127.0959157,화 09:30~10:20,지자체에 문의,0507-1349-4011,,,뮤직복싱,유린원광사회복지관,50명,유린원광사회복지관,http://www.yurin.or.kr/
,헬스(홍제천 인근),서대문,서울 서대문구 연희동 170-181,37.5798169,126.9356641,수 10:00~12:00,지자체에 문의,02-330-1126,,,헬스,홍제천 인근,30,,
,헬스(홍제천 인근),서대문,서울 서대문구 연희동 170-181,37.5798169,126.9356641,월 10:00~12:00,지자체에 문의,02-330-1126,,,헬스,홍제천 인근,30,,
,생활체조(기원주간보호센터),은평,서울 은평구 통일로87길 6-19,37.62387621,126.9188258,목 14:00~14:50,지자체에 문의,,,,생활체조,기원주간보호센터,11명,기원주간보호센터,http://www.kiwon.org/ 
,요가(두근두근도서관),은평,서울 은평구 진관2로 90,37.63380608,126.9256884,"수,금 10:00~10:50 ",지자체에 문의,,,,요가,두근두근도서관,15명,두근두근도서관,
,요가(산책마을 작은도서관),은평,서울 은평구 연서로 46길 7 ,37.63396525,126.9326829,"월,목 10:00~10:50",지자체에 문의,02-351-3677,,,요가,산책마을 작은도서관,15명,산책마을 작은도서관,
,배드민턴( 용두문화복지센터 (체육관)),동대문,서울 동대문구 고산자로28길 13,37.57532359,127.0391728,"화,수 10:00~11:30",지자체에 문의,02-6929-2647,,,배드민턴, 용두문화복지센터 (체육관),15명,용두문화복지센터,
,라인댄스(광장종합사회복지관),광진,서울 광진구 아차산로66길 8 2층,37.54103356,127.0970671,금 14:00~14:50,지자체에 문의,,,,라인댄스,광장종합사회복지관,,,http://www.gj.or.kr/xe/
,댄스스포츠(자양종합사회복지관),광진,서울 광진구 자양번영로 35,37.53289841,127.0752337,수 15:00~16:00,지자체에 문의,02-458-1665,,,댄스스포츠,자양종합사회복지관,,,http://www.jayang.or.kr/
,배드민턴(광장종합사회복지관),광진,서울 광진구 아차산로66길 8 2층,37.54103356,127.0970671,화 16:10~17:00,지자체에 문의,,,,배드민턴,광장종합사회복지관,,,http://www.gj.or.kr/xe/
,요가(광장종합사회복지관),광진,서울 광진구 아차산로66길 8 2층,37.54103356,127.0970671,화 15:30~16:10,지자체에 문의,,,,요가,광장종합사회복지관,,,http://www.gj.or.kr/xe/
,헬스(광진구청보건소 체력단련실),광진,서울 광진구 자양로 117,37.53853161,127.0819098,금 09:30~10:30,지자체에 문의,,,,헬스,광진구청보건소 체력단련실,10명,광진구청보건소 체력단련실,https://www.gwangjin.go.kr/health/main/main.do
,헬스(보건소 보건교육실),광진,서울 광진구 자양로 117,37.53853161,127.0819098,목 14:10~14:50,지자체에 문의,02-450-1422,,,헬스,보건소 보건교육실,30명,광진구보건소,www.gwangjin.go.kr/health/main/main.do 
,헬스(보건소 보건교육실),광진,서울 광진구 자양로 117,37.53853161,127.0819098,목 13:30~14:10,지자체에 문의,02-450-1422,,,헬스,보건소 보건교육실,30명,광진구보건소,www.gwangjin.go.kr/health/main/main.do 
,헬스(보건소 체력단련장),광진,서울 광진구 자양로 117,37.53853161,127.0819098,수 9:20~10:00,지자체에 문의,02-450-1422,,,헬스,보건소 체력단련장,20명,광진구보건소,www.gwangjin.go.kr/health/main/main.do 
,헬스(보건소 체력단련장),광진,서울 광진구 자양로 117,37.53853161,127.0819098,화 10:00~10:40,지자체에 문의,02-450-1422,,,헬스,보건소 체력단련장,20명,광진구보건소,www.gwangjin.go.kr/health/main/main.do 
,헬스(보건소 체력단련장),광진,서울 광진구 자양로 117,37.53853161,127.0819098,화 9:20~10:00,지자체에 문의,02-450-1422,,,헬스,보건소 체력단련장,20명,광진구보건소,www.gwangjin.go.kr/health/main/main.do 
,라인댄스(구의1동주민센터),광진,구의1동주민센터,37.55528505,127.1023537,금 10:40~11:20,지자체에 문의,02-450-1210,,,라인댄스,구의1동주민센터,,,https://www.gwangjin.go.kr/dong/main/main.do?dongCd=10
,리듬댄스(구의1동주민센터),광진,구의1동주민센터,37.55528505,127.1023537,금 10:00~10:40,지자체에 문의,02-450-1210,,,리듬댄스,구의1동주민센터,,,https://www.gwangjin.go.kr/dong/main/main.do?dongCd=10
,라인댄스(화양동 주민센터),광진,서울 광진구 능동로17길 39,37.54652678,127.0712676,목 11:50~12:30,지자체에 문의,02-450-1515,,,라인댄스,화양동 주민센터,,,https://www.gwangjin.go.kr/dong/main/main.do?dongCd=10
,리듬댄스(화양동 주민센터),광진,서울 광진구 능동로17길 39,37.54652678,127.0712676,목 11:00~11:40,지자체에 문의,02-450-1515,,,리듬댄스,화양동 주민센터,,,https://www.gwangjin.go.kr/dong/main/main.do?dongCd=10
,라인댄스(자양2동주민센터),광진,자양2동주민센터,36.34358218,127.4539153,화 14:50~16:30,지자체에 문의,02-450-1603,,,라인댄스,자양2동주민센터,,,https://www.gwangjin.go.kr/dong/main/main.do?dongCd=10
,근력운동(자양2동주민센터),광진,자양2동주민센터,36.34358218,127.4539153,화 14;00~14:40,지자체에 문의,02-450-1603,,,근력운동,자양2동주민센터,,,https://www.gwangjin.go.kr/dong/main/main.do?dongCd=10
,라인댄스(자양1동주민센터),광진,자양1동주민센터,36.06973351,129.0656911,화 11:50~12:30,지자체에 문의,02-450-1285,,,라인댄스,자양1동주민센터,,,https://www.gwangjin.go.kr/dong/main/main.do?dongCd=10
,줌바댄스(자양1동주민센터),광진,자양1동주민센터,36.06973351,129.0656911,화 11:00~11:40,지자체에 문의,02-450-1285,,,줌바댄스,자양1동주민센터,,,https://www.gwangjin.go.kr/dong/main/main.do?dongCd=10
,축구(성동구민종합체육센터),성동,서울 성동구 왕십리로 89,37.54584153,127.044028,"화, 목 16:00~17:00",지자체에 문의,02-2204-7617,,,축구,성동구민종합체육센터,20명,성동구민종합체육센터,https://www.happysd.or.kr/index.do
,요가(구립장애인주간보호센터),용산,용산구 한강대로 331 3층,37.54790166,126.9714991,목 14:30~15:10 금 14:30~15:10,지자체에 문의,02-701-4282,,,요가,구립장애인주간보호센터,20명,구립장애인주간보호센터,https://happylog.naver.com/hlog/yongsan4282/home
,요가(구립용산장애인복지관),용산,효창원로 93길 49,37.54730707,126.961569,월 13:40~14:20 목 13:00~13:40 ,지자체에 문의,070-4657-2018,,,요가,구립용산장애인복지관,20명,구립용산장애인복지관,http://www.ysrehab.or.kr/
,요가(효창주민센터),용산,효창원로 161 효창주민센터 5층 대강당,37.54250834,126.9618379,월 11:00 ~11:50 수 11:00 ~11:50,지자체에 문의,,,,요가,효창주민센터,20명,햇빛자리주간보호시설,
,스트레칭(효창종합사회복지관),용산,효창동 5-65,37.54118506,126.9630008,금 09:30 ~ 12:00,지자체에 문의,,,,스트레칭,효창종합사회복지관,30명,효창종합사회복지관,https://www.hyochang.or.kr:6017/
,테라밴드(효창종합사회복지관),용산,효창동 5-65,37.54118506,126.9630008,목 09:30 ~ 12:00,지자체에 문의,,,,테라밴드,효창종합사회복지관,30명,효창종합사회복지관,https://www.hyochang.or.kr:6017/
,스트레칭(효창종합사회복지관),용산,효창동 5-65,37.54118506,126.9630008,수 09:30 ~ 12:00,지자체에 문의,,,,스트레칭,효창종합사회복지관,30명,효창종합사회복지관,https://www.hyochang.or.kr:6017/
,덤벨체조(효창종합사회복지관),용산,효창동 5-65,37.54118506,126.9630008,화 09:30 ~ 12:00,지자체에 문의,,,,덤벨체조,효창종합사회복지관,30명,효창종합사회복지관,https://www.hyochang.or.kr:6017/
,스트레칭(효창종합사회복지관),용산,효창동 5-65,37.54118506,126.9630008,월 09:30 ~ 12:00,지자체에 문의,,,,스트레칭,효창종합사회복지관,30명,효창종합사회복지관,https://www.hyochang.or.kr:6017/
,헬스(신당종합사회복지관),중구,중구 동호로11길 22 신당종합사회복지관,37.55436136,127.0095231,수 15:00~15:40,지자체에 문의,02-2231-1876,,,헬스,신당종합사회복지관,20명,신당종합사회복지관,http://www.shindang.or.kr/
,헬스(다산동주민센터),중구,서울 중구 동호로 15길50,37.55433289,127.0082945,목 14:00~14:40,지자체에 문의,02-3396-6740,,,헬스,다산동주민센터,15명,다산동주민센터,http://www.junggu.seoul.kr/dong/dasan/main.do
,헬스(청구동주민센터),중구,서울 중구 청구로 3길55,37.55706761,127.0146854,목 10:00~10:40,지자체에 문의,02-3396-6800,,,헬스,청구동주민센터,15명,청구동주민센터,http://www.junggu.seoul.kr/dong/cheonggu/main.do
,헬스(다산동주민센터),중구,서울 중구 동호로 15길50,37.55433289,127.0082945,화 14:00~14:40,지자체에 문의,02-3396-6740,,,헬스,다산동주민센터,15명,다산동주민센터,http://www.junggu.seoul.kr/dong/dasan/main.do
,헬스(청구동주민센터),중구,서울 중구 청구로 3길55,37.55706761,127.0146854,화 10:00~10:40,지자체에 문의,02-3396-6800,,,헬스,청구동주민센터,15명,청구동주민센터,http://www.junggu.seoul.kr/dong/cheonggu/main.do
,기타체육(종로1234가동주민센터),종로,"서울특별시 종로구 삼일대로30길 47 종로1,2,3,4가동 주민센터",37.57449203,126.9902334,월16:00~16:40,지자체에 문의,02-2148-5253,,,기타체육,종로1234가동주민센터,20명,종로1234가동주민센터,
,"헬스, 근력운동(황학동주민센터)",중구,서울특별시 중구 난계로11길 52,37.56742273,127.0213823,"수,금 10:30~11:30",지자체에 문의,02-3396-6907,,,"헬스, 근력운동",황학동주민센터,20명,황학동주민센터,
,에어로빅(훈련원공원종합체육관),중구,서울 중구 을지로227 훈련원공원 내,37.56692913,127.0043893,"월, 수, 금 10:10~11:00",지자체에 문의,02-2280-8394,,,에어로빅,훈련원공원종합체육관,14명,중구시설관리공단,http://www.e-junggu.or.kr/
