"체험코스 아이디","체험코스 썸네일 경로","체험코스 제목","좋아요 수","조회 수","등록일자","체험코스 시간","해당 미래유산의 체험순서","미래유산명","x 좌표","y 좌표","미래유산 소재지","미래유산 썸네일 경로"
"227","http://futureheritage.seoul.go.kr/HeritageImg/heritage/20150202163509_SNAG-0141.jpg","시장부터 식사까지 경험하는 서울시민의 일상","4","2054","2023-03-16 15:24:05.0","3시간","3","해창양복점","126.980015","126.980015","중구 남대문로7길 33","http://futureheritage.seoul.go.kr/HeritageImg/heritage/20140326161506_%25ED%2595%25B4%25EC%25B0%25BD%25EC%2596%2591%25EB%25B3%25B5%25EC%25A0%2590%25EC%2583%2581%25EC%259E%25A5%25EB%25B0%258F%25EC%25A6%259D%25EC%2584%259C.jpg"
"227","http://futureheritage.seoul.go.kr/HeritageImg/heritage/20150202163509_SNAG-0141.jpg","시장부터 식사까지 경험하는 서울시민의 일상","4","2054","2023-03-16 15:24:05.0","3시간","4","라 칸티나","126.979956","126.979956","중구 을지로 19","http://futureheritage.seoul.go.kr/HeritageImg/heritage/20140328132312_%25EB%259D%25BC%25EC%25B9%25B8%25ED%258B%25B0%25EB%2582%2598%25EB%2582%25B4%25EB%25B6%2580%25EB%25AA%25A8%25EC%258A%25B51.jpg"
"227","http://futureheritage.seoul.go.kr/HeritageImg/heritage/20150202163509_SNAG-0141.jpg","시장부터 식사까지 경험하는 서울시민의 일상","4","2054","2023-03-16 15:24:05.0","3시간","2","남대문시장","126.977284","126.977284","중구 남대문시장4길 21","http://futureheritage.seoul.go.kr/HeritageImg/heritage/20140326143805_%25EB%2582%25A8%25EB%258C%2580%25EB%25AC%25B8%25EC%258B%259C%25EC%259E%25A5%25EC%259E%2585%25EA%25B5%25AC1.jpg"
"227","http://futureheritage.seoul.go.kr/HeritageImg/heritage/20150202163509_SNAG-0141.jpg","시장부터 식사까지 경험하는 서울시민의 일상","4","2054","2023-03-16 15:24:05.0","3시간","1","상동교회(구 새로나백화점)","126.979047","126.979047","중구 남대문로 30","http://futureheritage.seoul.go.kr/HeritageImg/heritage/20140326134538_3.jpg"
"227","http://futureheritage.seoul.go.kr/HeritageImg/heritage/20150202163509_SNAG-0141.jpg","시장부터 식사까지 경험하는 서울시민의 일상","4","2054","2023-03-16 15:24:05.0","3시간","0","한영양복점","126.985436","126.985436","중구 퇴계로20길 2","http://futureheritage.seoul.go.kr/HeritageImg/heritage/20140326161403_%25ED%2595%259C%25EC%2598%2581%25EC%2596%2591%25EB%25B3%25B5%25EC%25A0%2590%25EB%2582%25B4%25EB%25B6%2580%25EB%25AA%25A8%25EC%258A%25B5.jpg"
"226","http://futureheritage.seoul.go.kr/HeritageImg/heritage/20150202163509_SNAG-0141.jpg","두 손 두 발 가볍게 경의선 나들이","0","1438","2023-03-16 15:16:56.0","3시간","0","경춘선 폐철도노선","127.068953727442","127.068953727442","노원구 공릉로55길 88 인근","http://futureheritage.seoul.go.kr/HeritageImg/heritage/2013012/jpg/2013012_001_thumb.jpg"
"226","http://futureheritage.seoul.go.kr/HeritageImg/heritage/20150202163509_SNAG-0141.jpg","두 손 두 발 가볍게 경의선 나들이","0","1438","2023-03-16 15:16:56.0","3시간","2","서울화력발전소(당인리발전소)","126.916417","126.916417","마포구 토정로 56","http://futureheritage.seoul.go.kr/HeritageImg/heritage/20140326151258_%25EC%259E%2590%25EC%259E%25AC%25EC%25B0%25BD%25EA%25B3%25A0.jpg"
"226","http://futureheritage.seoul.go.kr/HeritageImg/heritage/20150202163509_SNAG-0141.jpg","두 손 두 발 가볍게 경의선 나들이","0","1438","2023-03-16 15:16:56.0","3시간","3","홍대 앞 서교 365","126.922427","126.922427","마포구 홍익로3길 1","https://futureheritage.seoul.go.kr/HeritageImg/multimedia/20230918115424_%25EC%2584%259C%25EA%25B5%2590365%25EB%25A0%2588%25EB%2593%259C%25EB%25A1%259C%25EB%2593%259C_003.jpg"
"226","http://futureheritage.seoul.go.kr/HeritageImg/heritage/20150202163509_SNAG-0141.jpg","두 손 두 발 가볍게 경의선 나들이","0","1438","2023-03-16 15:16:56.0","3시간","1","연남동 기사식당 거리","126.924205","126.924205","연남파출소 기준 좌측 연남로 400m","https://futureheritage.seoul.go.kr/HeritageImg/multimedia/20230918181124_%25EC%2597%25B0%25EB%2582%25A8%25EA%25B8%25B0%25EC%2582%25AC%25EC%258B%259D%25EB%258B%25B9%25EA%25B1%25B0%25EB%25A6%25AC_001_%25EC%2597%25B0%25EB%2582%25A8%25ED%258C%258C%25EC%25B6%259C%25EC%2586%258C%25EA%25B1%25B0%25EB%25A6%25AC.jpg"
"225","http://futureheritage.seoul.go.kr/HeritageImg/heritage/20150202163509_SNAG-0141.jpg","서울의 야경명소","2","1428","2023-03-16 15:08:44.0","3시간","0","서울역광장","126.971584","126.971584","용산구 한강대로 405","http://futureheritage.seoul.go.kr/HeritageImg/heritage/20140327102750_P1010365.JPG"
"225","http://futureheritage.seoul.go.kr/HeritageImg/heritage/20150202163509_SNAG-0141.jpg","서울의 야경명소","2","1428","2023-03-16 15:08:44.0","3시간","3","남대문 지하보도","126.976240","126.976240","중구 세종대로 50","http://futureheritage.seoul.go.kr/HeritageImg/heritage/2014013/jpg/2014013_001_thumb.jpg"
"225","http://futureheritage.seoul.go.kr/HeritageImg/heritage/20150202163509_SNAG-0141.jpg","서울의 야경명소","2","1428","2023-03-16 15:08:44.0","3시간","2","남대문교회","126.974803","126.974803","중구 퇴계로 6","https://futureheritage.seoul.go.kr/HeritageImg/multimedia/20230918142959_%25EB%2582%25A8%25EB%258C%2580%25EB%25AC%25B8%25EA%25B5%2590%25ED%259A%258C_002_%25EC%25A0%2584%25EA%25B2%25BD.jpg"
"225","http://futureheritage.seoul.go.kr/HeritageImg/heritage/20150202163509_SNAG-0141.jpg","서울의 야경명소","2","1428","2023-03-16 15:08:44.0","3시간","1","서울역 고가도로","126.971671","126.971671","중구 통일로 1 일대","http://futureheritage.seoul.go.kr/HeritageImg/heritage/20171016154214_01_thumb.jpg"
"224","http://futureheritage.seoul.go.kr/HeritageImg/heritage/20150202163509_SNAG-0141.jpg","청계천을 따라 걸으며 느끼는 가을의 정취","1","600","2023-03-16 15:03:31.0","3시간","3","청계천 고가도로 존치 기념물","127.019417","127.019417","서울 동대문구 청계천로7길 2","http://futureheritage.seoul.go.kr/HeritageImg/heritage/2013248/jpg/2013248_001_thumb.jpg"
"224","http://futureheritage.seoul.go.kr/HeritageImg/heritage/20150202163509_SNAG-0141.jpg","청계천을 따라 걸으며 느끼는 가을의 정취","1","600","2023-03-16 15:03:31.0","3시간","4","서울풍물시장","127.025501","127.025501","동대문구 천호대로4길 21","http://futureheritage.seoul.go.kr/HeritageImg/multimedia/20220624161211_2013150_%25EC%2598%259B_001_%25EC%2584%259C%25EC%259A%25B8%25ED%2592%258D%25EB%25AC%25BC%25EC%258B%259C%25EC%259E%25A5_%25EC%2598%259B%25EC%2582%25AC%25EC%25A7%25843.jpg"
"224","http://futureheritage.seoul.go.kr/HeritageImg/heritage/20150202163509_SNAG-0141.jpg","청계천을 따라 걸으며 느끼는 가을의 정취","1","600","2023-03-16 15:03:31.0","3시간","0","청계천 헌책방거리","127.007719","127.007719","중구 청계천로 274 평화시장 내","http://futureheritage.seoul.go.kr/HeritageImg/heritage/20140326140559_%25EB%258F%2599%25EB%258C%2580%25EB%25AC%25B8%25ED%2597%258C%25EC%25B1%2585%25EB%25B0%25A9%25EA%25B1%25B0%25EB%25A6%25AC%25EC%25A0%2584%25EA%25B2%25BD1.jpg"
"224","http://futureheritage.seoul.go.kr/HeritageImg/heritage/20150202163509_SNAG-0141.jpg","청계천을 따라 걸으며 느끼는 가을의 정취","1","600","2023-03-16 15:03:31.0","3시간","2","신평화시장","127.011070","127.011070","중구 청계천로 298","https://futureheritage.seoul.go.kr/HeritageImg/multimedia/20230118103925_%25ED%2581%25AC%25EA%25B8%25B0%25EB%25B3%2580%25ED%2599%2598221013_007%25EC%258B%25A0%25ED%258F%2589%25ED%2599%2594%25EC%258B%259C%25EC%259E%25A5_%25EC%2597%2598%25EB%25A6%25AC%25EB%25B2%25A0%25EC%259D%25B4%25ED%2584%25B0.jpg"
"224","http://futureheritage.seoul.go.kr/HeritageImg/heritage/20150202163509_SNAG-0141.jpg","청계천을 따라 걸으며 느끼는 가을의 정취","1","600","2023-03-16 15:03:31.0","3시간","1","동대문패션타운","127.008686852884","127.008686852884","중구 장충단로 263","http://futureheritage.seoul.go.kr/HeritageImg/heritage/2013077/jpg/2013077_001_thumb.jpg"
"243","http://futureheritage.seoul.go.kr/HeritageImg/heritage/20150202163509_SNAG-0141.jpg","민주주의를 위한 함성 4.19 혁명","0","476","2023-03-16 14:58:42.0","3시간","0","국립 4.19민주묘지","127.008147","127.008147","강북구 4.19로8길 17","http://futureheritage.seoul.go.kr/HeritageImg/heritage/20140327103602_%25ED%2581%25AC%25EA%25B8%25B0%25EB%25B3%2580%25ED%2599%2598_%25EA%25B8%25B0%25EB%2585%2590%25ED%2583%2591%25EC%2595%259E%25EB%25B6%2584%25ED%2596%25A5%25EC%2586%258C.JPG"
"243","http://futureheritage.seoul.go.kr/HeritageImg/heritage/20150202163509_SNAG-0141.jpg","민주주의를 위한 함성 4.19 혁명","0","476","2023-03-16 14:58:42.0","3시간","1","윤극영 가옥","127.010900","127.010900","강북구 인수봉로84길 5","https://futureheritage.seoul.go.kr/HeritageImg/multimedia/20230918155908_%25EC%259C%25A4%25EA%25B7%25B9%25EC%2598%2581_006_%25EC%2582%25AC%25EC%25A7%2584.jpg"
"242","http://futureheritage.seoul.go.kr/HeritageImg/heritage/20150202163509_SNAG-0141.jpg","쌍문동 역사 문학투어","0","558","2023-03-16 14:53:52.0","3시간","1","남정현 가옥","127.031972","127.031972","도봉구 도봉로109길 19-4","http://futureheritage.seoul.go.kr/HeritageImg/heritage/20140326112600_%25EB%2582%25A8%25EC%25A0%2595%25ED%2598%2584%25EA%25B0%2580%25EC%2598%25A5%25EC%25A0%2584%25EA%25B2%25BD.jpg"
"242","http://futureheritage.seoul.go.kr/HeritageImg/heritage/20150202163509_SNAG-0141.jpg","쌍문동 역사 문학투어","0","558","2023-03-16 14:53:52.0","3시간","2","함석헌 가옥","127.034839","127.034839","도봉구 도봉로123길 33-6","http://futureheritage.seoul.go.kr/HeritageImg/multimedia/20220627173237_P_2013082_%25EC%2598%259B_002_%25ED%2595%25A8%25EC%2584%259D%25ED%2597%258C%25EA%25B8%25B0%25EB%2585%2590%25EA%25B4%2580_%25ED%2595%25A8%25EC%2584%259D%25ED%2597%258C%25EA%25B0%2580%25EC%2598%25A5%25EC%2599%25B8%25EB%25B6%2580%25EC%25A0%2584%25EA%25B2%25BD.jpg"
"242","http://futureheritage.seoul.go.kr/HeritageImg/heritage/20150202163509_SNAG-0141.jpg","쌍문동 역사 문학투어","0","558","2023-03-16 14:53:52.0","3시간","0","이마트 창동점","127.047326","127.047326","도봉구 노해로65길 4","http://futureheritage.seoul.go.kr/HeritageImg/heritage/2013211/jpg/2013211_001_thumb.jpg"
"223","http://futureheritage.seoul.go.kr/HeritageImg/heritage/20150202163509_SNAG-0141.jpg","책과 커피가 함께하는 신촌의 가을 감성","0","495","2023-03-16 14:37:53.0","3시간","3","홍익문고","126.937057","126.937057","서대문구 연세로 2","http://futureheritage.seoul.go.kr/HeritageImg/heritage/20140328113457_%25ED%2599%258D%25EC%259D%25B5%25EB%25AC%25B8%25EA%25B3%25A0%25EC%2599%25B8%25EB%25B6%2580%25EC%25A0%2584%25EA%25B2%25BD1.jpg"
"223","http://futureheritage.seoul.go.kr/HeritageImg/heritage/20150202163509_SNAG-0141.jpg","책과 커피가 함께하는 신촌의 가을 감성","0","495","2023-03-16 14:37:53.0","3시간","1","미네르바","126.937856","126.937856","서대문구 명물길 18","http://futureheritage.seoul.go.kr/HeritageImg/heritage/20151223151448_%25EB%25AF%25B8%25EB%2584%25A4%25EB%25A5%25B4%25EB%25B0%25947.jpg"
"223","http://futureheritage.seoul.go.kr/HeritageImg/heritage/20150202163509_SNAG-0141.jpg","책과 커피가 함께하는 신촌의 가을 감성","0","495","2023-03-16 14:37:53.0","3시간","0","독다방(구 독수리다방)","126.937240","126.937240","서대문구 연세로 36","http://futureheritage.seoul.go.kr/HeritageImg/heritage/20150206231244_SNAG-0000.jpg"
"223","http://futureheritage.seoul.go.kr/HeritageImg/heritage/20150202163509_SNAG-0141.jpg","책과 커피가 함께하는 신촌의 가을 감성","0","495","2023-03-16 14:37:53.0","3시간","2","공씨책방","126.932275","126.932275","서대문구 신촌로 51 / 성동구 성수동1가 671-6 서울숲IT캐슬 106호","http://futureheritage.seoul.go.kr/HeritageImg/heritage/20140326143031_%25EA%25B3%25B5%25EC%2594%25A8%25EC%25B1%2585%25EB%25B0%25A9%25EB%2582%25B4%25EB%25B6%25802.jpg"
"222","http://futureheritage.seoul.go.kr/HeritageImg/heritage/20150202163509_SNAG-0141.jpg","그 시절 서울, 추억을 파는 극장으로 초대합니다.","0","506","2023-03-16 14:33:31.0","3시간","0","정동극장","126.972849","126.972849","중구 정동길 43","http://futureheritage.seoul.go.kr/HeritageImg/heritage/20151224093409_%25EC%25A0%2595%25EB%258F%2599%25EA%25B7%25B9%25EC%259E%25A55.jpg"
"222","http://futureheritage.seoul.go.kr/HeritageImg/heritage/20150202163509_SNAG-0141.jpg","그 시절 서울, 추억을 파는 극장으로 초대합니다.","0","506","2023-03-16 14:33:31.0","3시간","3","허리우드극장","126.987901","126.987901","종로구 삼일대로 428","https://futureheritage.seoul.go.kr/HeritageImg/multimedia/20230918161224_%25ED%2597%2588%25EB%25A6%25AC%25EC%259A%25B0%25EB%2593%259C%25EA%25B7%25B9%25EC%259E%25A5_002_%25EC%2598%25A5%25EC%2583%2581%25EA%25B3%25B5%25EC%2597%25B0%25EC%259E%25A5.jpg"
"222","http://futureheritage.seoul.go.kr/HeritageImg/heritage/20150202163509_SNAG-0141.jpg","그 시절 서울, 추억을 파는 극장으로 초대합니다.","0","506","2023-03-16 14:33:31.0","3시간","2","삼일로 창고극장","126.987911","126.987911","중구 삼일대로9길 12","http://futureheritage.seoul.go.kr/HeritageImg/multimedia/20220621112342_S_2013122_%25EC%25B6%2594_010_%25EC%2582%25BC%25EC%259D%25BC%25EB%25A1%259C%25EC%25B0%25BD%25EA%25B3%25A0%25EA%25B7%25B9%25EC%259E%25A5%25EC%25A0%2584%25EA%25B2%25BD.jpg"
"222","http://futureheritage.seoul.go.kr/HeritageImg/heritage/20150202163509_SNAG-0141.jpg","그 시절 서울, 추억을 파는 극장으로 초대합니다.","0","506","2023-03-16 14:33:31.0","3시간","1","세실극장","126.976565","126.976565","중구 세종대로19길 16","http://futureheritage.seoul.go.kr/HeritageImg/heritage/20140326135910_P20130501_112457285_63D0D5AA-AC79-462B-A3FA-4279BFF8DE41.JPG"
"241","http://futureheritage.seoul.go.kr/HeritageImg/heritage/20150202163509_SNAG-0141.jpg","과거도 지금도 핫플장소! 용산 이태원 투어","0","533","2023-03-16 14:23:29.0","3시간","2","한신옹기","126.986503","126.986503","서울 용산구 신흥로 7","http://futureheritage.seoul.go.kr/HeritageImg/heritage/20171017170625_01_thumb.jpg"
"241","http://futureheritage.seoul.go.kr/HeritageImg/heritage/20150202163509_SNAG-0141.jpg","과거도 지금도 핫플장소! 용산 이태원 투어","0","533","2023-03-16 14:23:29.0","3시간","0","이태원 앤틱 가구거리","126.992166","126.992166","용산구 보광로 90~119, 녹사평대로26길 24~97","http://futureheritage.seoul.go.kr/HeritageImg/heritage/20151224091924_%25EC%259D%25B4%25ED%2583%259C%25EC%259B%2590%25EC%2595%25A4%25ED%258B%25B1%25EA%25B0%2580%25EA%25B5%25AC%25EA%25B1%25B0%25EB%25A6%25AC2.jpg"
"241","http://futureheritage.seoul.go.kr/HeritageImg/heritage/20150202163509_SNAG-0141.jpg","과거도 지금도 핫플장소! 용산 이태원 투어","0","533","2023-03-16 14:23:29.0","3시간","1","이태원북스(구 포린북스토어)","126.987213","126.987213","용산구 녹사평대로 208","http://futureheritage.seoul.go.kr/HeritageImg/heritage/20151224095713_%25ED%258F%25AC%25EB%25A6%25B0%25EB%25B6%2581%25EC%258A%25A4%25ED%2586%25A0%25EC%2596%25B42.jpg"
"241","http://futureheritage.seoul.go.kr/HeritageImg/heritage/20150202163509_SNAG-0141.jpg","과거도 지금도 핫플장소! 용산 이태원 투어","0","533","2023-03-16 14:23:29.0","3시간","3","해방촌","126.985470","126.985470","용산구 신흥로11나길 22 일대","http://futureheritage.seoul.go.kr/HeritageImg/heritage/20140326200635_%25ED%2595%25B4%25EB%25B0%25A9%25EC%25B4%258C_%25EC%2582%25AC%25EC%25A7%2584259.JPG"
"241","http://futureheritage.seoul.go.kr/HeritageImg/heritage/20150202163509_SNAG-0141.jpg","과거도 지금도 핫플장소! 용산 이태원 투어","0","533","2023-03-16 14:23:29.0","3시간","4","해방촌 108계단","126.982010","126.982010","용산구 신흥로36길 일대","https://futureheritage.seoul.go.kr/HeritageImg/multimedia/20230918163233_%25ED%2595%25B4%25EB%25B0%25A9%25EC%25B4%258C108_015.jpg"
"221","http://futureheritage.seoul.go.kr/HeritageImg/heritage/20150202163509_SNAG-0141.jpg","여의도 도심 산책","0","582","2023-03-16 14:02:34.0","3시간","5","국회의사당","126.914196","126.914196","영등포구 의사당대로 1","http://futureheritage.seoul.go.kr/HeritageImg/heritage/20140326131549_1.JPG"
"221","http://futureheritage.seoul.go.kr/HeritageImg/heritage/20150202163509_SNAG-0141.jpg","여의도 도심 산책","0","582","2023-03-16 14:02:34.0","3시간","0","윤중제","126.930423","126.930423","영등포구 여의동로 일대","http://futureheritage.seoul.go.kr/HeritageImg/heritage/20140326203226_%25EC%259C%25A4%25EC%25A4%2591%25EC%25A0%259C%25EC%25A0%2584%25EA%25B2%25BD3.jpg"
"221","http://futureheritage.seoul.go.kr/HeritageImg/heritage/20150202163509_SNAG-0141.jpg","여의도 도심 산책","0","582","2023-03-16 14:02:34.0","3시간","1","금성부동산","126.937204","126.937204","영등포구 63로 45","http://futureheritage.seoul.go.kr/HeritageImg/heritage/20150205143952_SNAG-0167.jpg"
"221","http://futureheritage.seoul.go.kr/HeritageImg/heritage/20150202163509_SNAG-0141.jpg","여의도 도심 산책","0","582","2023-03-16 14:02:34.0","3시간","2","한국거래소","126.928021","126.928021","영등포구 여의나루로 76","http://futureheritage.seoul.go.kr/HeritageImg/heritage/20140326153400_%25EC%2597%25AC%25EC%259D%2598%25EB%258F%2584%25ED%2595%259C%25EA%25B5%25AD%25EC%25A6%259D%25EA%25B6%258C%25EA%25B1%25B0%25EB%259E%2598%25EC%2586%258C%25EC%25A0%2584%25EA%25B2%25BD.jpg"
"221","http://futureheritage.seoul.go.kr/HeritageImg/heritage/20150202163509_SNAG-0141.jpg","여의도 도심 산책","0","582","2023-03-16 14:02:34.0","3시간","3","여의도 지하벙커","126.926646","126.926646","영등포구 국제금융로 (앞도로의 중앙화단)","http://futureheritage.seoul.go.kr/HeritageImg/heritage/20140327095058_5.JPG"
"221","http://futureheritage.seoul.go.kr/HeritageImg/heritage/20150202163509_SNAG-0141.jpg","여의도 도심 산책","0","582","2023-03-16 14:02:34.0","3시간","4","여의도공원","126.922484","126.922484","영등포구 여의공원로 일대","http://futureheritage.seoul.go.kr/HeritageImg/heritage/20140402181825_%25ED%2581%25AC%25EA%25B8%25B0%25EB%25B3%2580%25ED%2599%2598_SAM_0928.JPG"
"182","http://futureheritage.seoul.go.kr/HeritageImg/heritage/20150202163509_SNAG-0141.jpg","다리로 이어지는 시간 여행! 종로와 을지로의 물, 길, 그리고 삶","6","1880","2022-07-29 10:09:37.0","3시간","6","우래옥","126.998736","126.998736","중구 창경궁로 62-29","http://futureheritage.seoul.go.kr/HeritageImg/heritage/20140326112143_%25EC%259A%25B0%25EB%259E%2598%25EC%2598%25A52%25EC%25B8%25B5%25EB%2582%25B4%25EB%25B6%2580.jpg"
"182","http://futureheritage.seoul.go.kr/HeritageImg/heritage/20150202163509_SNAG-0141.jpg","다리로 이어지는 시간 여행! 종로와 을지로의 물, 길, 그리고 삶","6","1880","2022-07-29 10:09:37.0","3시간","5","문화옥","126.998474","126.998474","중구 창경궁로 62-5","http://futureheritage.seoul.go.kr/HeritageImg/heritage/20140326113013_%25EB%25AC%25B8%25ED%2599%2594%25EC%2598%25A5%25EB%25A9%2594%25EB%2589%25B4.jpg"
"182","http://futureheritage.seoul.go.kr/HeritageImg/heritage/20150202163509_SNAG-0141.jpg","다리로 이어지는 시간 여행! 종로와 을지로의 물, 길, 그리고 삶","6","1880","2022-07-29 10:09:37.0","3시간","4","관수동 명패골목","126.991211","126.991211","종로구 종로18길 22 일대","http://futureheritage.seoul.go.kr/HeritageImg/heritage/20140326150924_%25EA%25B4%2580%25EC%2588%2598%25EB%258F%2599%25EB%25AA%2585%25ED%258C%25A8%25EA%25B3%25A8%25EB%25AA%25A9%25EC%25A0%2584%25EA%25B2%25BD1.jpg"
"182","http://futureheritage.seoul.go.kr/HeritageImg/heritage/20150202163509_SNAG-0141.jpg","다리로 이어지는 시간 여행! 종로와 을지로의 물, 길, 그리고 삶","6","1880","2022-07-29 10:09:37.0","3시간","3","베를린 광장","126.986575","126.986575","중구 삼일대로 363","https://futureheritage.seoul.go.kr/HeritageImg/multimedia/20230918114816_%25EB%25B2%25A0%25EB%25A5%25BC%25EB%25A6%25B0%25EA%25B4%2591%25EC%259E%25A5_006_%25EA%25B3%25B0%25EC%259C%2584%25EC%259D%2598%25EA%25B7%25B8%25EB%25A6%25BC.jpg"
"182","http://futureheritage.seoul.go.kr/HeritageImg/heritage/20150202163509_SNAG-0141.jpg","다리로 이어지는 시간 여행! 종로와 을지로의 물, 길, 그리고 삶","6","1880","2022-07-29 10:09:37.0","3시간","2","31빌딩(구 삼일로빌딩)","126.987154","126.987154","종로구 청계천로 85","http://futureheritage.seoul.go.kr/HeritageImg/heritage/2013003/jpg/2013003_001_thumb.jpg"
"182","http://futureheritage.seoul.go.kr/HeritageImg/heritage/20150202163509_SNAG-0141.jpg","다리로 이어지는 시간 여행! 종로와 을지로의 물, 길, 그리고 삶","6","1880","2022-07-29 10:09:37.0","3시간","1","관철동의 도시조직","126.985583","126.985583","종로구 종로12길 14 일대","http://futureheritage.seoul.go.kr/HeritageImg/heritage/2013016/jpg/2013016_001_thumb.jpg"
"182","http://futureheritage.seoul.go.kr/HeritageImg/heritage/20150202163509_SNAG-0141.jpg","다리로 이어지는 시간 여행! 종로와 을지로의 물, 길, 그리고 삶","6","1880","2022-07-29 10:09:37.0","3시간","0","보신각타종","126.983714","126.983714","","http://futureheritage.seoul.go.kr/HeritageImg/heritage/20171013173345_01_thumb.jpg"
"202","http://futureheritage.seoul.go.kr/HeritageImg/heritage/20150202163509_SNAG-0141.jpg","전통의 향기 품은 인사동 골목길에서 색, 멋, 맛을 향유하다","3","2638","2022-07-29 09:48:36.0","4시간","1","우정총국 회화나무","126.982781","126.982781","중구 퇴계로37길 일대","http://futureheritage.seoul.go.kr/HeritageImg/heritage/20151223181125_%25EC%259A%25B0%25EC%25A0%2595%25EC%25B4%259D%25EA%25B5%25AD%25ED%259A%258C%25ED%2599%2594%25EB%2582%2598%25EB%25AC%25B43.jpg"
"202","http://futureheritage.seoul.go.kr/HeritageImg/heritage/20150202163509_SNAG-0141.jpg","전통의 향기 품은 인사동 골목길에서 색, 멋, 맛을 향유하다","3","2638","2022-07-29 09:48:36.0","4시간","6","수도약국","126.985147","126.985147","종로구 인사동길 40","http://futureheritage.seoul.go.kr/HeritageImg/heritage/20140326162352_%25EC%2588%2598%25EB%258F%2584%25EC%2595%25BD%25EA%25B5%25AD%25EC%2599%25B8%25EB%25B6%2580%25EC%25A0%2584%25EA%25B2%25BD.jpg"
"202","http://futureheritage.seoul.go.kr/HeritageImg/heritage/20150202163509_SNAG-0141.jpg","전통의 향기 품은 인사동 골목길에서 색, 멋, 맛을 향유하다","3","2638","2022-07-29 09:48:36.0","4시간","3","이문설농탕","126.983893","126.983893","종로구 우정국로 38-13","http://futureheritage.seoul.go.kr/HeritageImg/multimedia/20220712152338_2013214_%25EC%2598%259B_007_%25EC%259D%25B4%25EB%25AC%25B8%25EC%2584%25A4%25EB%25A0%2581%25ED%2583%2595_%25EC%259D%25B4%25EB%25AC%25B8%25EC%2584%25A4%25EB%25A0%2581%25ED%2583%2595%25EC%259D%258C%25EC%258B%259D1.jpg"
"202","http://futureheritage.seoul.go.kr/HeritageImg/heritage/20150202163509_SNAG-0141.jpg","전통의 향기 품은 인사동 골목길에서 색, 멋, 맛을 향유하다","3","2638","2022-07-29 09:48:36.0","4시간","4","구하산방","126.986148","126.986148","종로구 인사동5길 11","https://futureheritage.seoul.go.kr/HeritageImg/multimedia/20230918135716_%25EA%25B5%25AC%25ED%2595%2598%25EC%2582%25B0%25EB%25B0%25A9_015_%25EC%258B%25A0%25EA%25B7%259C%25EA%25B0%2584%25ED%258C%2590.jpg"
"202","http://futureheritage.seoul.go.kr/HeritageImg/heritage/20150202163509_SNAG-0141.jpg","전통의 향기 품은 인사동 골목길에서 색, 멋, 맛을 향유하다","3","2638","2022-07-29 09:48:36.0","4시간","0","통문관","126.983667","126.983667","종로구 인사동길 55-1","http://futureheritage.seoul.go.kr/HeritageImg/heritage/20140326163231_%25ED%2586%25B5%25EB%25AC%25B8%25EA%25B4%2580%25EC%259D%25B4%25EC%25A2%2585%25EC%259A%25B4%25EB%258C%2580%25ED%2591%259C.jpg"
"202","http://futureheritage.seoul.go.kr/HeritageImg/heritage/20150202163509_SNAG-0141.jpg","전통의 향기 품은 인사동 골목길에서 색, 멋, 맛을 향유하다","3","2638","2022-07-29 09:48:36.0","4시간","5","통인화랑","126.985923","126.985923","종로구 인사동길 32","http://futureheritage.seoul.go.kr/HeritageImg/multimedia/20200108174043_%25ED%2586%25B5%25EC%259D%25B8%25ED%2599%2594%25EB%259E%2591%25EC%25A0%2584%25EA%25B2%25BD.jpg"
"202","http://futureheritage.seoul.go.kr/HeritageImg/heritage/20150202163509_SNAG-0141.jpg","전통의 향기 품은 인사동 골목길에서 색, 멋, 맛을 향유하다","3","2638","2022-07-29 09:48:36.0","4시간","8","선천집","126.984425208481","126.984425208481","종로구 인사동길14길 5","http://futureheritage.seoul.go.kr/HeritageImg/heritage/20210928161140_2020009_001_%25EC%2584%25A0%25EC%25B2%259C%25EC%25A7%2591%25EC%2599%25B8%25EA%25B4%2580%25EC%25A0%2595%25EB%25A9%25B41_thumb.jpg"
"202","http://futureheritage.seoul.go.kr/HeritageImg/heritage/20150202163509_SNAG-0141.jpg","전통의 향기 품은 인사동 골목길에서 색, 멋, 맛을 향유하다","3","2638","2022-07-29 09:48:36.0","4시간","2","NH농협은행 종로금융센터(구 조선일보,조선중앙일보 사옥)","126.983463","126.983463","종로구 우정국로 38","http://futureheritage.seoul.go.kr/HeritageImg/heritage/20140326181108_NH%25EB%2586%258D%25ED%2598%2591%25EC%25A2%2585%25EB%25A1%259C%25EC%25A7%2580%25EC%25A0%2590%25EA%25B5%25AC%25EC%25A1%25B0%25EC%2584%25A0%25EC%25A4%2591%25EC%2595%2599%25EC%259D%25BC%25EB%25B3%25B4%25EC%2582%25AC%25EC%2598%25A5%25EB%2582%25B4%25EB%25B6%25801.jpg"
"202","http://futureheritage.seoul.go.kr/HeritageImg/heritage/20150202163509_SNAG-0141.jpg","전통의 향기 품은 인사동 골목길에서 색, 멋, 맛을 향유하다","3","2638","2022-07-29 09:48:36.0","4시간","9","인사동 한옥밀집지역","126.985564","126.985564","종로구 인사동14길 24-1 일대","http://futureheritage.seoul.go.kr/HeritageImg/heritage/20140326202150_2013-02-1418.09.38.jpg"
"202","http://futureheritage.seoul.go.kr/HeritageImg/heritage/20150202163509_SNAG-0141.jpg","전통의 향기 품은 인사동 골목길에서 색, 멋, 맛을 향유하다","3","2638","2022-07-29 09:48:36.0","4시간","7","카페 귀천","126.984894","126.984894","종로구 인사동14길 14","http://futureheritage.seoul.go.kr/HeritageImg/heritage/20140326114432_%25EC%25B9%25B4%25ED%258E%2598%25EA%25B7%2580%25EC%25B2%259C%25EB%2582%25B4%25EB%25B6%25802.jpg"
"201","http://futureheritage.seoul.go.kr/HeritageImg/heritage/20150202163509_SNAG-0141.jpg","성북동천에 흐르는 미래유산을 찾아서","1","1727","2022-07-28 18:01:07.0","3시간","1","쌍다리 식당","126.995784","126.995784","성북구 성북로23길 4  ","http://futureheritage.seoul.go.kr/HeritageImg/heritage/20171016170432_01_thumb.jpg"
"201","http://futureheritage.seoul.go.kr/HeritageImg/heritage/20150202163509_SNAG-0141.jpg","성북동천에 흐르는 미래유산을 찾아서","1","1727","2022-07-28 18:01:07.0","3시간","4","나폴레옹 과자점","127.005061","127.005061","서울시 성북구 성북로 7","http://futureheritage.seoul.go.kr/HeritageImg/multimedia/20200113103811_%25EB%2582%2598%25ED%258F%25B4%25EB%25A0%2588%25EC%2598%25B9%25EA%25B3%25BC%25EC%259E%2590%25EC%25A0%2590_%25EB%2582%25B4%25EB%25B6%2580%25EC%2582%25AC%25EC%25A7%25841.JPG"
"201","http://futureheritage.seoul.go.kr/HeritageImg/heritage/20150202163509_SNAG-0141.jpg","성북동천에 흐르는 미래유산을 찾아서","1","1727","2022-07-28 18:01:07.0","3시간","3","성북동 국시집","127.004369","127.004369","성북구 창경궁로43길 9","http://futureheritage.seoul.go.kr/HeritageImg/heritage/20171016164317_01_thumb.jpg"
"201","http://futureheritage.seoul.go.kr/HeritageImg/heritage/20150202163509_SNAG-0141.jpg","성북동천에 흐르는 미래유산을 찾아서","1","1727","2022-07-28 18:01:07.0","3시간","0","","","","",""
"201","http://futureheritage.seoul.go.kr/HeritageImg/heritage/20150202163509_SNAG-0141.jpg","성북동천에 흐르는 미래유산을 찾아서","1","1727","2022-07-28 18:01:07.0","3시간","2","선잠제향","126.999391","126.999391","성북구 성북동 64-1 (선잠단지)","http://futureheritage.seoul.go.kr/HeritageImg/heritage/20171016162113_01_thumb.jpg"
"181","http://futureheritage.seoul.go.kr/HeritageImg/heritage/20150202163509_SNAG-0141.jpg","겉모습은 바뀌지만 속의 추억은 전해지는 공간. 성수동 코스","1","698","2022-07-28 17:50:14.0","3시간","3","성수목욕탕","127.056496","127.056496","성동구 성덕정19길 11","http://futureheritage.seoul.go.kr/HeritageImg/heritage/20140326160506_%25EC%2584%25B1%25EC%2588%2598%25EB%25AA%25A9%25EC%259A%2595%25ED%2583%2595%25EC%25A0%2584%25EA%25B2%25BD.jpg"
"181","http://futureheritage.seoul.go.kr/HeritageImg/heritage/20150202163509_SNAG-0141.jpg","겉모습은 바뀌지만 속의 추억은 전해지는 공간. 성수동 코스","1","698","2022-07-28 17:50:14.0","3시간","1","구두제조업(성수동일대)","127.058650","127.058650","성동구 아차산로 113 일대","http://futureheritage.seoul.go.kr/HeritageImg/heritage/2013021/JPG/2013021_001_thumb.jpg"
"181","http://futureheritage.seoul.go.kr/HeritageImg/heritage/20150202163509_SNAG-0141.jpg","겉모습은 바뀌지만 속의 추억은 전해지는 공간. 성수동 코스","1","698","2022-07-28 17:50:14.0","3시간","2","서울경찰기마대","126.978652","126.978652","성동구 성수이로7길 17","http://futureheritage.seoul.go.kr/HeritageImg/heritage/20180112143259_01_thumb.jpg"
"181","http://futureheritage.seoul.go.kr/HeritageImg/heritage/20150202163509_SNAG-0141.jpg","겉모습은 바뀌지만 속의 추억은 전해지는 공간. 성수동 코스","1","698","2022-07-28 17:50:14.0","3시간","0","한양대학교 박물관","127.045628235663","127.045628235663","성동구 왕십리로 222-1","http://futureheritage.seoul.go.kr/HeritageImg/heritage/20210928165322_2020022_001_%25ED%2595%259C%25EC%2596%2591%25EB%258C%2580%25ED%2595%2599%25EA%25B5%2590%25EB%25B0%2595%25EB%25AC%25BC%25EA%25B4%2580%25EC%2599%25B8%25EA%25B4%2580%25EC%25B8%25A1%25EB%25A9%25B41_thumb.jpg"
"161","http://futureheritage.seoul.go.kr/HeritageImg/heritage/20150202163509_SNAG-0141.jpg","시대가 공존하는 길거리 갤러리","1","910","2022-04-15 20:09:43.0","2시간","3","1차 금속제조업 (문래동영단주택단지일대)","126.891888","126.891888","영등포구 도림로141길 일대","http://futureheritage.seoul.go.kr/HeritageImg/heritage/2013097/jpg/2013097_001_thumb.jpg"
"161","http://futureheritage.seoul.go.kr/HeritageImg/heritage/20150202163509_SNAG-0141.jpg","시대가 공존하는 길거리 갤러리","1","910","2022-04-15 20:09:43.0","2시간","2","수정여관","126.892489","126.892489","영등포구 경인로77가길 11","http://futureheritage.seoul.go.kr/HeritageImg/heritage/20140326161154_%25EC%2588%2598%25EC%25A0%2595%25EC%2597%25AC%25EA%25B4%2580%25EB%2582%25B4%25EB%25B6%2580%25EB%25B3%25B5%25EB%258F%2584.jpg"
"161","http://futureheritage.seoul.go.kr/HeritageImg/heritage/20150202163509_SNAG-0141.jpg","시대가 공존하는 길거리 갤러리","1","910","2022-04-15 20:09:43.0","2시간","1","도림동 성당","126.906806","126.906806","영등포구 도영로 22길 22","http://futureheritage.seoul.go.kr/HeritageImg/heritage/2013066/jpg/2013066_001_thumb.jpg"
"161","http://futureheritage.seoul.go.kr/HeritageImg/heritage/20150202163509_SNAG-0141.jpg","시대가 공존하는 길거리 갤러리","1","910","2022-04-15 20:09:43.0","2시간","0","OB맥주 담금솥","126.911251","126.911251","영등포구 신길로 275 (영등포공원 내)","http://futureheritage.seoul.go.kr/HeritageImg/heritage/2013005/jpg/2013005_001_thumb.jpg"
"142","http://futureheritage.seoul.go.kr/HeritageImg/heritage/20150202163509_SNAG-0141.jpg","서울 중심도로의 기억과 보전, 남대문로와 태평로 일대","4","4959","2017-01-18 13:45:46.0","약4시간","0","서울역광장","126.971584","126.971584","용산구 한강대로 405","http://futureheritage.seoul.go.kr/HeritageImg/heritage/20140327102750_P1010365.JPG"
"142","http://futureheritage.seoul.go.kr/HeritageImg/heritage/20150202163509_SNAG-0141.jpg","서울 중심도로의 기억과 보전, 남대문로와 태평로 일대","4","4959","2017-01-18 13:45:46.0","약4시간","4","도로원표(칭경기념비전 내)","126.97759067134","126.97759067134","종로구 세종로 142-3","http://futureheritage.seoul.go.kr/HeritageImg/heritage/20140414135241_%25EB%258F%2584%25EB%25A1%259C%25EC%259B%2590%25ED%2591%259C%25EC%25A0%2584%25EA%25B2%25BD3.jpg"
"142","http://futureheritage.seoul.go.kr/HeritageImg/heritage/20150202163509_SNAG-0141.jpg","서울 중심도로의 기억과 보전, 남대문로와 태평로 일대","4","4959","2017-01-18 13:45:46.0","약4시간","6","세종문화회관","126.976074","126.976074","종로구 세종대로 175","https://futureheritage.seoul.go.kr/HeritageImg/multimedia/20230918154844_%25EC%2584%25B8%25EC%25A2%2585%25EB%25AC%25B8%25ED%2599%2594%25ED%259A%258C%25EA%25B4%2580_005_%25EC%2584%259C%25EB%25B9%2584%25EC%258A%25A4%25ED%2594%258C%25EB%259D%25BC%25EC%259E%2590%25EC%25A0%2584%25EA%25B2%25BD2.jpg"
"142","http://futureheritage.seoul.go.kr/HeritageImg/heritage/20150202163509_SNAG-0141.jpg","서울 중심도로의 기억과 보전, 남대문로와 태평로 일대","4","4959","2017-01-18 13:45:46.0","약4시간","3","","","","","2b0acf87ddd2010b6c2c51ca4939871c_thumb.jpg"
"142","http://futureheritage.seoul.go.kr/HeritageImg/heritage/20150202163509_SNAG-0141.jpg","서울 중심도로의 기억과 보전, 남대문로와 태평로 일대","4","4959","2017-01-18 13:45:46.0","약4시간","2","세실극장","126.976565","126.976565","중구 세종대로19길 16","http://futureheritage.seoul.go.kr/HeritageImg/heritage/20140326135910_P20130501_112457285_63D0D5AA-AC79-462B-A3FA-4279BFF8DE41.JPG"
"142","http://futureheritage.seoul.go.kr/HeritageImg/heritage/20150202163509_SNAG-0141.jpg","서울 중심도로의 기억과 보전, 남대문로와 태평로 일대","4","4959","2017-01-18 13:45:46.0","약4시간","1","서울광장","126.978204","126.978204","중구 태평로1가 54-3","https://futureheritage.seoul.go.kr/HeritageImg/multimedia/20230918151513_%25EC%2584%259C%25EC%259A%25B8%25EA%25B4%2591%25EC%259E%25A5_013.jpg"
"142","http://futureheritage.seoul.go.kr/HeritageImg/heritage/20150202163509_SNAG-0141.jpg","서울 중심도로의 기억과 보전, 남대문로와 태평로 일대","4","4959","2017-01-18 13:45:46.0","약4시간","5","세종로 이순신 동상","126.976975","126.976975","종로구 세종로","http://futureheritage.seoul.go.kr/HeritageImg/heritage/20140327165053_%25EA%25B4%2591%25ED%2599%2594%25EB%25AC%25B8%25EA%25B4%2591%25EC%259E%25A5%25EA%25B3%25BC%25EC%259D%25B4%25EC%2588%259C%25EC%258B%25A0%25EC%259E%25A5%25EA%25B5%25B0%25EB%258F%2599%25EC%2583%2581.jpg"
"125","http://futureheritage.seoul.go.kr/HeritageImg/heritage/20150202163509_SNAG-0141.jpg","한옥과 예인의 동네 상촌","7","4032","2017-01-18 13:19:00.0","약4시간","5","","","","","45583cee8d4ecbd1d3e7282b35fbfed6_thumb.jpg"
"125","http://futureheritage.seoul.go.kr/HeritageImg/heritage/20150202163509_SNAG-0141.jpg","한옥과 예인의 동네 상촌","7","4032","2017-01-18 13:19:00.0","약4시간","2","서촌 한옥밀집지역","126.970873","126.970873","종로구 자하문로7길 13 일대","http://futureheritage.seoul.go.kr/HeritageImg/heritage/20140326201329_%25EC%2584%259C%25EC%25B4%258C28.jpg"
"125","http://futureheritage.seoul.go.kr/HeritageImg/heritage/20150202163509_SNAG-0141.jpg","한옥과 예인의 동네 상촌","7","4032","2017-01-18 13:19:00.0","약4시간","1","통의동 보안여관","126.973676","126.973676","종로구 효자로 33","http://futureheritage.seoul.go.kr/HeritageImg/heritage/20141017180549_1_thumb.jpg"
"125","http://futureheritage.seoul.go.kr/HeritageImg/heritage/20150202163509_SNAG-0141.jpg","한옥과 예인의 동네 상촌","7","4032","2017-01-18 13:19:00.0","약4시간","0","","","","","a4856ae0498ab3cfd23964dd1eb39696_thumb.jpg"
"125","http://futureheritage.seoul.go.kr/HeritageImg/heritage/20150202163509_SNAG-0141.jpg","한옥과 예인의 동네 상촌","7","4032","2017-01-18 13:19:00.0","약4시간","6","통인시장","126.968964","126.968964","종로구 필운대로6길 6","http://futureheritage.seoul.go.kr/HeritageImg/heritage/20171017164802_01_thumb.jpg"
"125","http://futureheritage.seoul.go.kr/HeritageImg/heritage/20150202163509_SNAG-0141.jpg","한옥과 예인의 동네 상촌","7","4032","2017-01-18 13:19:00.0","약4시간","3","이상의 집","126.970864","126.970864","종로구 자하문로7길 18","http://futureheritage.seoul.go.kr/HeritageImg/heritage/20140326113701_%25ED%2581%25AC%25EA%25B8%25B0%25EB%25B3%2580%25ED%2599%2598_SAM_0526.JPG"
"125","http://futureheritage.seoul.go.kr/HeritageImg/heritage/20150202163509_SNAG-0141.jpg","한옥과 예인의 동네 상촌","7","4032","2017-01-18 13:19:00.0","약4시간","4","배화여고 캠벨 기념관","126.967346","126.967346","종로구 필운대로1길 34","http://futureheritage.seoul.go.kr/HeritageImg/heritage/2013108/jpg/2013108_001_thumb.jpg"
"141","http://futureheritage.seoul.go.kr/HeritageImg/heritage/20150202163509_SNAG-0141.jpg","성북동에 숨어 있는 문화유산과 역사인물의 흔적","1","3956","2017-01-18 11:42:56.0","약4시간","2","","","","","13dc40ccca6f1e36634e21bd165a932c_thumb.jpg"
"141","http://futureheritage.seoul.go.kr/HeritageImg/heritage/20150202163509_SNAG-0141.jpg","성북동에 숨어 있는 문화유산과 역사인물의 흔적","1","3956","2017-01-18 11:42:56.0","약4시간","3","","","","","5605cee957b9c995838501f5da0df457_thumb.jpg"
"141","http://futureheritage.seoul.go.kr/HeritageImg/heritage/20150202163509_SNAG-0141.jpg","성북동에 숨어 있는 문화유산과 역사인물의 흔적","1","3956","2017-01-18 11:42:56.0","약4시간","6","길상사(구 대원각)","126.993848","126.993848","성북구 선잠로5길 68","http://futureheritage.seoul.go.kr/HeritageImg/heritage/20140326134351_1.JPG"
"141","http://futureheritage.seoul.go.kr/HeritageImg/heritage/20150202163509_SNAG-0141.jpg","성북동에 숨어 있는 문화유산과 역사인물의 흔적","1","3956","2017-01-18 11:42:56.0","약4시간","4","","","","","c1afbd97272fa9011e5868880d958618_thumb.jpg"
"141","http://futureheritage.seoul.go.kr/HeritageImg/heritage/20150202163509_SNAG-0141.jpg","성북동에 숨어 있는 문화유산과 역사인물의 흔적","1","3956","2017-01-18 11:42:56.0","약4시간","5","삼청각","126.984323","126.984323","성북구 대사관로 3","https://futureheritage.seoul.go.kr/HeritageImg/multimedia/20230113134403_%25ED%2581%25AC%25EA%25B8%25B0%25EB%25B3%2580%25ED%2599%2598221010_008%25EC%2582%25BC%25EC%25B2%25AD%25EA%25B0%2581_%25EC%25B2%259C%25EC%25B6%2594%25EB%258B%25B9.jpg"
"141","http://futureheritage.seoul.go.kr/HeritageImg/heritage/20150202163509_SNAG-0141.jpg","성북동에 숨어 있는 문화유산과 역사인물의 흔적","1","3956","2017-01-18 11:42:56.0","약4시간","0","","","","","9043a2bdf170c40dfe9efedfe2638082_thumb.jpg"
"141","http://futureheritage.seoul.go.kr/HeritageImg/heritage/20150202163509_SNAG-0141.jpg","성북동에 숨어 있는 문화유산과 역사인물의 흔적","1","3956","2017-01-18 11:42:56.0","약4시간","1","","","","","d50a845cad300c00c4393cbe88dfdcfb_thumb.jpg"
"124","http://futureheritage.seoul.go.kr/HeritageImg/heritage/20150202163509_SNAG-0141.jpg","예술과 문화의 용광로 대학로","1","3562","2017-01-18 11:31:48.0","약3시간","5","이화동 벽화마을","127.005858","127.005858","종로구 이화장2길 33일대","http://futureheritage.seoul.go.kr/HeritageImg/heritage/20140416103619_%25EC%259D%25B4%25ED%2599%2594%25EB%258F%2599%25EC%25B6%2594%25EA%25B0%2580%25EC%2598%2588%25EC%2588%25A01.JPG"
"124","http://futureheritage.seoul.go.kr/HeritageImg/heritage/20150202163509_SNAG-0141.jpg","예술과 문화의 용광로 대학로","1","3562","2017-01-18 11:31:48.0","약3시간","1","학림다방","127.001652","127.001652","종로구 대학로 119","http://futureheritage.seoul.go.kr/HeritageImg/heritage/20140326113157_P1010496.JPG"
"124","http://futureheritage.seoul.go.kr/HeritageImg/heritage/20150202163509_SNAG-0141.jpg","예술과 문화의 용광로 대학로","1","3562","2017-01-18 11:31:48.0","약3시간","2","","","","","0ff66250aff378dbd86ecdc223b80091_thumb.jpg"
"124","http://futureheritage.seoul.go.kr/HeritageImg/heritage/20150202163509_SNAG-0141.jpg","예술과 문화의 용광로 대학로","1","3562","2017-01-18 11:31:48.0","약3시간","3","아르코 예술극장","127.002975","127.002975","종로구 대학로8길 7","http://futureheritage.seoul.go.kr/HeritageImg/heritage/20140326132616_IMG_5543.JPG"
"124","http://futureheritage.seoul.go.kr/HeritageImg/heritage/20150202163509_SNAG-0141.jpg","예술과 문화의 용광로 대학로","1","3562","2017-01-18 11:31:48.0","약3시간","4","","","","","7ef31927ba65d83dc649099efac0b694_thumb.jpg"
"124","http://futureheritage.seoul.go.kr/HeritageImg/heritage/20150202163509_SNAG-0141.jpg","예술과 문화의 용광로 대학로","1","3562","2017-01-18 11:31:48.0","약3시간","6","이화동 낙산 국민주택단지","127.007172","127.007172","종로구 낙산4길 49 일대","http://futureheritage.seoul.go.kr/HeritageImg/heritage/20150203000222_SNAG-0303.jpg"
"124","http://futureheritage.seoul.go.kr/HeritageImg/heritage/20150202163509_SNAG-0141.jpg","예술과 문화의 용광로 대학로","1","3562","2017-01-18 11:31:48.0","약3시간","0","서울대학병원","126.999711","126.999711","종로구 대학로 103 (서울대학교 내 보건대학원)","http://futureheritage.seoul.go.kr/HeritageImg/heritage/2013138/jpg/2013138_001_thumb.jpg"
"123","http://futureheritage.seoul.go.kr/HeritageImg/heritage/20150202163509_SNAG-0141.jpg","서울 최고의 한옥 동네 북촌","5","4158","2017-01-18 11:15:11.0","약3시간","3","계동 48-12 건물군","126.987220","126.987220","계동길 100-8 일대","http://futureheritage.seoul.go.kr/HeritageImg/heritage/20150209160842_SNAG-0005.jpg"
"123","http://futureheritage.seoul.go.kr/HeritageImg/heritage/20150202163509_SNAG-0141.jpg","서울 최고의 한옥 동네 북촌","5","4158","2017-01-18 11:15:11.0","약3시간","2","북촌 한옥밀집지역","126.983642","126.983642","종로구 북촌로11가길 41 일대","http://futureheritage.seoul.go.kr/HeritageImg/heritage/20140326201120_%25EB%25B6%2581%25EC%25B4%258C%25EC%25A0%2584%25EA%25B2%25BD3.jpg"
"123","http://futureheritage.seoul.go.kr/HeritageImg/heritage/20150202163509_SNAG-0141.jpg","서울 최고의 한옥 동네 북촌","5","4158","2017-01-18 11:15:11.0","약3시간","6","","","","","5e7fa040aa5e5e17ed368d5ea7637fef_thumb.jpg"
"123","http://futureheritage.seoul.go.kr/HeritageImg/heritage/20150202163509_SNAG-0141.jpg","서울 최고의 한옥 동네 북촌","5","4158","2017-01-18 11:15:11.0","약3시간","5","","","","","a5d8b5d6647fe5e2da570d4ce7670270_thumb.jpg"
"123","http://futureheritage.seoul.go.kr/HeritageImg/heritage/20150202163509_SNAG-0141.jpg","서울 최고의 한옥 동네 북촌","5","4158","2017-01-18 11:15:11.0","약3시간","1","","","","","92dccedc401e5e7bd1a433556bf27107_thumb.jpg"
"123","http://futureheritage.seoul.go.kr/HeritageImg/heritage/20150202163509_SNAG-0141.jpg","서울 최고의 한옥 동네 북촌","5","4158","2017-01-18 11:15:11.0","약3시간","0","","","","","794a0f806456bf3047b856b051dca4d1_thumb.jpg"
"123","http://futureheritage.seoul.go.kr/HeritageImg/heritage/20150202163509_SNAG-0141.jpg","서울 최고의 한옥 동네 북촌","5","4158","2017-01-18 11:15:11.0","약3시간","4","","","","","efdb8198c37427061aab627950f30b7b_thumb.jpg"
"122","http://futureheritage.seoul.go.kr/HeritageImg/heritage/20150202163509_SNAG-0141.jpg","서민의 공간 종로와 서울의 시장","2","3620","2017-01-18 10:59:15.0","약4시간","0","","","","","bd2df9ffb732b77dd40fc19cfbed75a8_thumb.jpg"
"122","http://futureheritage.seoul.go.kr/HeritageImg/heritage/20150202163509_SNAG-0141.jpg","서민의 공간 종로와 서울의 시장","2","3620","2017-01-18 10:59:15.0","약4시간","1","보신각 앞 지하철 수준점","126.983677","126.983677","종로구 종로 54","http://futureheritage.seoul.go.kr/HeritageImg/heritage/20150207214757_SNAG-0208.jpg"
"122","http://futureheritage.seoul.go.kr/HeritageImg/heritage/20150202163509_SNAG-0141.jpg","서민의 공간 종로와 서울의 시장","2","3620","2017-01-18 10:59:15.0","약4시간","2","피맛골","126.990256","126.990256","종로구 돈화문로5길 32 일대","http://futureheritage.seoul.go.kr/HeritageImg/heritage/20140326154844_%25ED%2594%25BC%25EB%25A7%259B%25EA%25B3%25A8%25EB%2582%25B4%25EC%25A0%2590%25ED%258F%25AC%25EA%25B3%25B5%25ED%258F%2589%25EA%25B5%25AC%25EC%2597%25AD.jpg"
"122","http://futureheritage.seoul.go.kr/HeritageImg/heritage/20150202163509_SNAG-0141.jpg","서민의 공간 종로와 서울의 시장","2","3620","2017-01-18 10:59:15.0","약4시간","5","전태일 분신장소","127.006602","127.006602","중구 청계천로 274 (신당동평화시장A동,B동사이대로변)","http://futureheritage.seoul.go.kr/HeritageImg/heritage/20140327143301.jpg"
"122","http://futureheritage.seoul.go.kr/HeritageImg/heritage/20150202163509_SNAG-0141.jpg","서민의 공간 종로와 서울의 시장","2","3620","2017-01-18 10:59:15.0","약4시간","4","평화시장","127.008203","127.008203","중구 장충단로13길 20","http://futureheritage.seoul.go.kr/HeritageImg/heritage/2013259/jpg/2013259_001_thumb.jpg"
"122","http://futureheritage.seoul.go.kr/HeritageImg/heritage/20150202163509_SNAG-0141.jpg","서민의 공간 종로와 서울의 시장","2","3620","2017-01-18 10:59:15.0","약4시간","3","","","","","a45ab912a71df5f06e8c0e0b962ee8ec_thumb.jpg"
"122","http://futureheritage.seoul.go.kr/HeritageImg/heritage/20150202163509_SNAG-0141.jpg","서민의 공간 종로와 서울의 시장","2","3620","2017-01-18 10:59:15.0","약4시간","6","창신동 봉제마을","127.011084","127.011084","종로구 창신5나길 17 일대","http://futureheritage.seoul.go.kr/HeritageImg/heritage/20140327151640_%25EC%25B0%25BD%25EC%258B%25A0%25EB%258F%2599%25EB%25B4%2589%25EC%25A0%259C%25EB%25A7%2588%25EC%259D%2584%25EA%25B3%25B5%25EC%259E%25A51%25EB%2582%25B4%25EB%25B6%2580.jpg"
"121","http://futureheritage.seoul.go.kr/HeritageImg/heritage/20150202163509_SNAG-0141.jpg","현대사를 안고 흐르는 땅 강남","3","3199","2017-01-18 10:18:40.0","약3시간","5","성수대교 참사 희생자 위령탑","127.039272","127.039272","성동구 성수동1가 685-571","http://futureheritage.seoul.go.kr/HeritageImg/heritage/20131214195206_1.jpg"
"121","http://futureheritage.seoul.go.kr/HeritageImg/heritage/20150202163509_SNAG-0141.jpg","현대사를 안고 흐르는 땅 강남","3","3199","2017-01-18 10:18:40.0","약3시간","2","국립서울현충원","126.972180","126.972180","동작구 현충로 210","https://futureheritage.seoul.go.kr/HeritageImg/multimedia/20230918102944_%25ED%2598%2584%25EC%25B6%25A9%25EC%259B%2590_003_%25ED%2598%2584%25EC%25B6%25A9%25EB%25AC%25B8.jpg"
"121","http://futureheritage.seoul.go.kr/HeritageImg/heritage/20150202163509_SNAG-0141.jpg","현대사를 안고 흐르는 땅 강남","3","3199","2017-01-18 10:18:40.0","약3시간","1","","","","","940d4b0ac76fb3df54b90a15fff9c6cb_thumb.jpg"
"121","http://futureheritage.seoul.go.kr/HeritageImg/heritage/20150202163509_SNAG-0141.jpg","현대사를 안고 흐르는 땅 강남","3","3199","2017-01-18 10:18:40.0","약3시간","0","구로공단 노동자생활 체험관 (순이의 집)","126.883639","126.883639","금천구 벚꽃로44길 17","http://futureheritage.seoul.go.kr/HeritageImg/heritage/20150204110628_SNAG-0005.jpg"
"121","http://futureheritage.seoul.go.kr/HeritageImg/heritage/20150202163509_SNAG-0141.jpg","현대사를 안고 흐르는 땅 강남","3","3199","2017-01-18 10:18:40.0","약3시간","4","삼풍참사위령탑","127.037357","127.037357","서초구 양재동 234","http://futureheritage.seoul.go.kr/HeritageImg/heritage/20131214195928_1.jpg"
"121","http://futureheritage.seoul.go.kr/HeritageImg/heritage/20150202163509_SNAG-0141.jpg","현대사를 안고 흐르는 땅 강남","3","3199","2017-01-18 10:18:40.0","약3시간","3","서울고속버스터미널","127.007061","127.007061","서초구 신반포로 194","https://futureheritage.seoul.go.kr/HeritageImg/multimedia/20230918171424_%25EA%25B3%25A0%25EC%2586%258D%25EB%25B2%2584%25EC%258A%25A4%25ED%2584%25B0%25EB%25AF%25B8%25EB%2584%2590_010_%25ED%258B%25B0%25EC%25BC%2593%25EB%25B0%259C%25EB%25A7%25A4%25EC%2586%258C.jpg"
"101","http://futureheritage.seoul.go.kr/HeritageImg/heritage/20150202163509_SNAG-0141.jpg","근현대 100년의 기억 정동","2","3787","2016-11-28 21:18:13.0","약2시간 반","1","서울광장","126.978204","126.978204","중구 태평로1가 54-3","https://futureheritage.seoul.go.kr/HeritageImg/multimedia/20230918151513_%25EC%2584%259C%25EC%259A%25B8%25EA%25B4%2591%25EC%259E%25A5_013.jpg"
"101","http://futureheritage.seoul.go.kr/HeritageImg/heritage/20150202163509_SNAG-0141.jpg","근현대 100년의 기억 정동","2","3787","2016-11-28 21:18:13.0","약2시간 반","6","4.19혁명기념도서관","126.967695","126.967695","종로구 새문안로 17","http://futureheritage.seoul.go.kr/HeritageImg/heritage/20140326111107_4.jpg"
"101","http://futureheritage.seoul.go.kr/HeritageImg/heritage/20150202163509_SNAG-0141.jpg","근현대 100년의 기억 정동","2","3787","2016-11-28 21:18:13.0","약2시간 반","2","","","","","0e2d33acd7eed12b8f52e424cbe7c98b_thumb.jpg"
"101","http://futureheritage.seoul.go.kr/HeritageImg/heritage/20150202163509_SNAG-0141.jpg","근현대 100년의 기억 정동","2","3787","2016-11-28 21:18:13.0","약2시간 반","0","","","","","f96c492562908986c220cc8b250bf860_thumb.jpg"
"101","http://futureheritage.seoul.go.kr/HeritageImg/heritage/20150202163509_SNAG-0141.jpg","근현대 100년의 기억 정동","2","3787","2016-11-28 21:18:13.0","약2시간 반","3","세실극장","126.976565","126.976565","중구 세종대로19길 16","http://futureheritage.seoul.go.kr/HeritageImg/heritage/20140326135910_P20130501_112457285_63D0D5AA-AC79-462B-A3FA-4279BFF8DE41.JPG"
"101","http://futureheritage.seoul.go.kr/HeritageImg/heritage/20150202163509_SNAG-0141.jpg","근현대 100년의 기억 정동","2","3787","2016-11-28 21:18:13.0","약2시간 반","4","","","","","9df3f823b06690143bb7567232071d08_thumb.jpg"
"101","http://futureheritage.seoul.go.kr/HeritageImg/heritage/20150202163509_SNAG-0141.jpg","근현대 100년의 기억 정동","2","3787","2016-11-28 21:18:13.0","약2시간 반","5","","","","","3d34fce7897dbd07d0172980b22230e9_thumb.jpg"
"81","http://futureheritage.seoul.go.kr/HeritageImg/heritage/20150202163509_SNAG-0141.jpg","&apos;권력의 캔버스&apos; 남산의 어제와 오늘 그리고 미래","0","3533","2016-11-28 11:21:13.0","약3시간","2","","","","","2f230dfd2f0ce2511ac2b15e55a2a078_thumb.jpg"
"81","http://futureheritage.seoul.go.kr/HeritageImg/heritage/20150202163509_SNAG-0141.jpg","&apos;권력의 캔버스&apos; 남산의 어제와 오늘 그리고 미래","0","3533","2016-11-28 11:21:13.0","약3시간","6","서울종합방재센터","126.991556","126.991556","중구 퇴계로2가길 6","http://futureheritage.seoul.go.kr/HeritageImg/heritage/20140414160834_%25EC%2584%259C%25EC%259A%25B8%25EC%25A2%2585%25ED%2595%25A9%25EB%25B0%25A9%25EC%259E%25AC%25EC%2584%25BC%25ED%2584%25B0%25EC%25A0%2584%25EA%25B2%25BD.jpg"
"81","http://futureheritage.seoul.go.kr/HeritageImg/heritage/20150202163509_SNAG-0141.jpg","&apos;권력의 캔버스&apos; 남산의 어제와 오늘 그리고 미래","0","3533","2016-11-28 11:21:13.0","약3시간","4","한양공원 비","126.982856","126.982856","중구 소파로 57","http://futureheritage.seoul.go.kr/HeritageImg/heritage/20140326110128_4.jpg"
"81","http://futureheritage.seoul.go.kr/HeritageImg/heritage/20150202163509_SNAG-0141.jpg","&apos;권력의 캔버스&apos; 남산의 어제와 오늘 그리고 미래","0","3533","2016-11-28 11:21:13.0","약3시간","5","남산원 본관","126.988628","126.988628","중구 소파로2길 31","http://futureheritage.seoul.go.kr/HeritageImg/heritage/20140326180814_%25EB%2582%25A8%25EC%2582%25B0%25EB%25AA%25A8%25EC%259E%2590%25EC%259B%2590%25EB%25B3%25B8%25EA%25B4%2580%25EA%25B5%25AC%25EC%2595%2584%25EB%258F%2599%25EC%2588%2599%25EC%2582%25AC%25EA%25B1%25B4%25EB%25AC%25BC.jpg"
"81","http://futureheritage.seoul.go.kr/HeritageImg/heritage/20150202163509_SNAG-0141.jpg","&apos;권력의 캔버스&apos; 남산의 어제와 오늘 그리고 미래","0","3533","2016-11-28 11:21:13.0","약3시간","0","남산육교","126.976341","126.976341","중구 남창동 235-1","http://futureheritage.seoul.go.kr/HeritageImg/heritage/20150202163509_SNAG-0141.jpg"
"81","http://futureheritage.seoul.go.kr/HeritageImg/heritage/20150202163509_SNAG-0141.jpg","&apos;권력의 캔버스&apos; 남산의 어제와 오늘 그리고 미래","0","3533","2016-11-28 11:21:13.0","약3시간","1","","","","","3c1e4fbd23f2d65bd2a6b3483ace92be_thumb.jpg"
"81","http://futureheritage.seoul.go.kr/HeritageImg/heritage/20150202163509_SNAG-0141.jpg","&apos;권력의 캔버스&apos; 남산의 어제와 오늘 그리고 미래","0","3533","2016-11-28 11:21:13.0","약3시간","3","","","","","ae929f3bf0c77fcef44fa03171aafc12_thumb.jpg"
"63","http://futureheritage.seoul.go.kr/HeritageImg/heritage/20150202163509_SNAG-0141.jpg","광희동에서 장충동까지, 한양도성 따라 만나는 지난 100년","8","15757","2016-10-06 00:00:00.0","약 3시간","9","장충동 족발골목","127.005894","127.005894","중구 장충단로 174-1 일대","http://futureheritage.seoul.go.kr/HeritageImg/heritage/20140326155212_%25EC%259E%25A5%25EC%25B6%25A9%25EB%258F%2599%25EC%25A1%25B1%25EB%25B0%259C%25EA%25B3%25A8%25EB%25AA%25A9%25EC%25A0%2584%25EA%25B2%25BD1.jpg"
"63","http://futureheritage.seoul.go.kr/HeritageImg/heritage/20150202163509_SNAG-0141.jpg","광희동에서 장충동까지, 한양도성 따라 만나는 지난 100년","8","15757","2016-10-06 00:00:00.0","약 3시간","7","장충체육관","127.006817","127.006817","중구 동호로 241","http://futureheritage.seoul.go.kr/HeritageImg/heritage/2013231/jpg/2013231_001_thumb.jpg"
"63","http://futureheritage.seoul.go.kr/HeritageImg/heritage/20150202163509_SNAG-0141.jpg","광희동에서 장충동까지, 한양도성 따라 만나는 지난 100년","8","15757","2016-10-06 00:00:00.0","약 3시간","6","장충리틀야구장","127.003615","127.003615","장충동2가 197","http://futureheritage.seoul.go.kr/HeritageImg/heritage/20140326115206_%25EC%259E%25A5%25EC%25B6%25A9%25EB%25A6%25AC%25ED%258B%2580%25EC%2595%25BC%25EA%25B5%25AC%25EC%259E%25A5%25EC%25A0%2584%25EA%25B2%25BD.jpg"
"63","http://futureheritage.seoul.go.kr/HeritageImg/heritage/20150202163509_SNAG-0141.jpg","광희동에서 장충동까지, 한양도성 따라 만나는 지난 100년","8","15757","2016-10-06 00:00:00.0","약 3시간","1","","","","","37b4f4008f6b6d704145bd2deb045c54_thumb.jpg"
"63","http://futureheritage.seoul.go.kr/HeritageImg/heritage/20150202163509_SNAG-0141.jpg","광희동에서 장충동까지, 한양도성 따라 만나는 지난 100년","8","15757","2016-10-06 00:00:00.0","약 3시간","5","장충테니스장","127.002218","127.002218","중구 장충단로 내","http://futureheritage.seoul.go.kr/HeritageImg/heritage/2013232/jpg/2013232_001_thumb.jpg"
"63","http://futureheritage.seoul.go.kr/HeritageImg/heritage/20150202163509_SNAG-0141.jpg","광희동에서 장충동까지, 한양도성 따라 만나는 지난 100년","8","15757","2016-10-06 00:00:00.0","약 3시간","2","","","","","5d77005e3d43a759da5810be1046a517_thumb.jpg"
"63","http://futureheritage.seoul.go.kr/HeritageImg/heritage/20150202163509_SNAG-0141.jpg","광희동에서 장충동까지, 한양도성 따라 만나는 지난 100년","8","15757","2016-10-06 00:00:00.0","약 3시간","0","","","","","774fe0904abb261cefd8f430165c719b_thumb.jpg"
"63","http://futureheritage.seoul.go.kr/HeritageImg/heritage/20150202163509_SNAG-0141.jpg","광희동에서 장충동까지, 한양도성 따라 만나는 지난 100년","8","15757","2016-10-06 00:00:00.0","약 3시간","3","","","","","71656df8418d386a8c1162c7aebfb63c_thumb.jpg"
"63","http://futureheritage.seoul.go.kr/HeritageImg/heritage/20150202163509_SNAG-0141.jpg","광희동에서 장충동까지, 한양도성 따라 만나는 지난 100년","8","15757","2016-10-06 00:00:00.0","약 3시간","4","국립극장","126.999728","126.999728","중구 장충단로 59","https://futureheritage.seoul.go.kr/HeritageImg/multimedia/20230113102151_%25ED%2581%25AC%25EA%25B8%25B0%25EB%25B3%2580%25ED%2599%2598220920_005%25EA%25B5%25AD%25EB%25A6%25BD%25EA%25B7%25B9%25EC%259E%25A5%25ED%2595%25B4%25EC%2598%25A4%25EB%25A6%2584%25EA%25B7%25B9%25EC%259E%25A5.jpeg"
"63","http://futureheritage.seoul.go.kr/HeritageImg/heritage/20150202163509_SNAG-0141.jpg","광희동에서 장충동까지, 한양도성 따라 만나는 지난 100년","8","15757","2016-10-06 00:00:00.0","약 3시간","8","","","","","94057621aeed418fd5c8470a2d7519ec_thumb.jpg"