"연번","책방 이름","구 코드","구 이름","주소","전화번호","홈페이지 url","책방 구분","책방 구분명","위도","경도","SNS url"
"2283","1984","313","마포구","마포구 동교로 194 혜원빌딩","02-325-1984","","0002","새책방      ","37.5573847248586","126.922886096614","https://www.instagram.com/1984store"
"2284","21세기문고","322","강남구","강남구 남부순환로359길 31","02-3463-1880  ","","0002","새책방      ","37.486832613278","127.035565303937",""
"2285","C&S서점","322","강남구","강남구 남부순환로 2806 군인공제회관 지하1층","02-2190-2178","","0002","새책방      ","37.489109180937","127.052914072356",""
"2829","Itaewon books","302","용산구","용산구 녹사평대로 208","02-793-8249","","0001","헌책방      ","37.5362463724633","126.987226909735","https://www.instagram.com/itaewon_foreign_bookstore"
"3121","PRNT","319","동작구","동작구 만양로1길 1 1층","070-4177-0021","https://prntseoul.com","0002","새책방      ","37.5057329529388","126.946736937837","https://www.instagram.com/prntseoul"
"2287","SK문고","308","강북구","강북구 솔샘로 215 2층","02-945-1959","","0002","새책방      ","37.6202008005454","127.016608651764",""
"2754","YES24 중고매장(목동점)","314","양천구","양천구 오목로 325 지하 1층","1566-4295","","0001","헌책방      ","37.5251074073334","126.873626981623",""
"2753","YES24(강서NC점)","315","강서구","강서구 강서로56길 17 NC백화점 강서점 8, 9층","","","0002","새책방      ","37.559933531546","126.840498784915",""
"2288","가가77페이지","313","마포구","마포구 망원로 74-1 지하1층","","http://77page.com","0002","새책방      ","37.557261280131","126.905179261937","https://www.instagram.com/gaga77page"
"2289","가람프라자","317","금천구","금천구 시흥대로41길 95","02-891-7474","","0002","새책방      ","37.4506617287092","126.900034587192",""
"3321","각자의 삶","300","종로구","서울 종로구 창덕궁길 169 1층","0507-1432-7577","","0002","새책방      ","37.5830595828189","126.986588873555",""
"3141","감성인간서점","307","성북구","성북구 돌곶이로 41가길 14-10","","https://blog.naver.com/dnfladydgk","0002","새책방      ","37.6186843672529","127.044650581376","https://www.instagram.com/gamseongingan"
"2290","갑을문고","307","성북구","성북구 화랑로11길 26","0507-1320-0002","","0002","새책방      ","37.603300012239","127.042108302625","https://www.instagram.com/gapeul_bookstore"
"2755","강동헌책방","324","강동구","강동구 구천면로 257","02-471-0272","","0001","헌책방      ","37.5432729284768","127.13164828969",""
"2293","강서책서점","314","양천구","양천구 목동중앙남로 28","02-651-1085","","0002","새책방      ","37.5364764239853","126.867389257907",""
"2756","개똥이네(가양점)","315","강서구","강서구 양천로 431 지하 1층","02-2658-2982 ","","0001","헌책방      ","37.5642640468035","126.849960213917",""
"2758","개똥이네(노원점)","310","노원구","노원구 동일로217가길 17 2층","02-951-2989","","0001","헌책방      ","37.6533222020818","127.05936970723",""
"2759","개똥이네(영등포점)","318","영등포구","영등포구 여의대방로62길 2 5층","02-822-2989","","0001","헌책방      ","37.5138160173395","126.926676485586",""
"2757","개똥이네(잠실점)","323","송파구","송파구 올림픽로35길 93 지하1층 상가 118호","02-445-2989","","0001","헌책방      ","37.5177325159958","127.104433208829",""
"2294","개롱서적","323","송파구","송파구 오금로 414 명문빌딩 지하1층","02-403-1603","","0002","새책방      ","37.4972078608831","127.13591630406",""
"2295","거목서점","321","서초구","서초구 신반포로 213 지하 9호","02-3476-1585","","0002","새책방      ","37.5072710399738","127.007270897569",""
"2760","거북서점","310","노원구","노원구 상계로 115","","","0001","헌책방      ","37.6576975981725","127.06749373519",""
"2296","건영문고","310","노원구","노원구 섬밭로 258 지하 1층","02-949-2148","","0002","새책방      ","37.6391097783726","127.064915087375",""
"3322","게으른 오후","315","강서구","양천로30길 46 1층","070-8862-9632","","0002","새책방      ","37.5711814304155","126.822484282875",""
"2297","경일서점","303","성동구","성동구 성수일로 33 지하1층","02-497-5670","","0002","새책방      ","37.5436427687094","127.049187568012",""
"3323","경험서재","313","마포구","백범로 35 서강대학교 곤자가홀 1층","0507-1372-7932","https://blog.naver.com/experiencelibrary","0002","새책방      ","37.55117593803826","126.94376736973622","https://www.instagram.com/experiencelibrary"
"2298","경희문고","305","동대문구","동대문구 회기로 113","02-957-7799","","0002","새책방      ","37.5916495700534","127.049310181237","https://www.instagram.com/khbook_seoul"
"2299","계성문고","307","성북구","성북구 길음로 33 2층 22호","02-943-5398","","0002","새책방      ","37.6050492482263","127.022009385841","https://www.facebook.com/Gyeseongbooks"
"2300","고래서점","302","용산구","용산구 한강대로 307","02-717-8346","http://www.bookgore.com/","0002","새책방      ","37.5457276475725","126.971537541167",""
"2301","고려서점","315","강서구","강서구 강서로47길 26 지하1층","02-2663-3181","","0002","새책방      ","37.5528759997276","126.834779648962",""
"2761","고시책사랑","320","관악구","관악구 호암로26길 27","02-871-5550","","0001","헌책방      ","37.4706006982035","126.935236342442",""
"2302","고요서사","302","용산구","용산구 신흥로15길 18-4","0507-1410-4226","http://blog.naver.com/goyo_bookshop","0002","새책방      ","37.544376659797","126.985857572339","https://www.instagram.com/goyo_bookshop"
"2303","곰서점","319","동작구","동작구 양녕로 186 지하1층","02-821-5672","","0002","새책방      ","37.497913916036","126.943590432874",""
"3142","공간과몰입","300","종로구","종로구 낙산길 19","","https://blog.naver.com/gggmolip","0002","새책방      ","37.58054788138","127.005596942323","https://www.instagram.com/gggmolip/"
"2304","공상온도","313","마포구","마포구 동교로 23길40 지하1층","0507-1404-0247","http://www.gongsangondo.com","0002","새책방      ","37.5576574792422","126.919809107657","https://www.instagram.com/gongsangondo"
"2305","공손서점","304","광진구","광진구 아차산로70길 17-17","02-444-1570","","0002","새책방      ","37.5416992874166","127.102525836608",""
"2306","공손서점","324","강동구","강동구 동남로75길 19 지하 1층","02-427-3888","","0002","새책방      ","37.5541302080444","127.15517770003",""
"2307","공신서점","314","양천구","양천구 신정로13길 22","02-2699-4002","","0002","새책방      ","37.5114254282406","126.843131585044",""
"2762","공씨책방(성수점)","303","성동구","성동구 광나루로 130 106호-라","","","0001","헌책방      ","37.5509787653401","127.044720723884",""
"2763","공씨책방(신촌점)","312","서대문구","서대문구 신촌로 55-2","02-336-3058","","0001","헌책방      ","37.5568761049171","126.932748959855",""
"2308","공일서점","310","노원구","노원구 공릉로 101 경동상가","02-972-6407","","0002","새책방      ","37.6193014358931","127.077841683528",""
"2309","공작문고","313","마포구","마포구 성산로 128 마포중앙도서관 지하 1층","","","0002","새책방      ","37.5637954434775","126.908201874198","https://www.instagram.com/gongjakbooks"
"2310","과학책방 갈다","300","종로구","종로구 삼청로10길 18","0507-1314-1018","http://galdar.kr","0002","새책방      ","37.5876356624693","126.982038449934","https://www.instagram.com/galdarbookshop"
"2311","관객의취향","320","관악구","관악구 관악로 204 3층 301호","070-8818-2046 ","http://smartstore.naver.com/yourtastebook","0002","새책방      ","37.482961727606","126.954294809609","https://www.instagram.com/your_taste_film"
"2312","광명문고","311","은평구","은평구 수색로 268 지하 1층","02-303-0524","https://blog.naver.com/herryqrio ","0002","새책방      ","37.5829394985118","126.894701947769","https://www.instagram.com/km3030524/"
"2313","광진서적","304","광진구","광진구 광나루로36길 76","02-455-2999","","0002","새책방      ","37.5416636957343","127.085433539789",""
"2314","광평서점","322","강남구","강남구 광평로 63","02-445-6842","","0002","새책방      ","37.4828609336734","127.079626293964",""
"2316","교보문고(가든파이브 바로드림센터)","323","송파구","송파구 충민로 66, 가든파이브 라이프 리빙관 현대시티몰 4층","1544-1900","","0002","새책방      ","37.4776148442516","127.124961768886",""
"2317","교보문고(강남점)","321","서초구","서초구 강남대로 465, 교보타워 지하 1~지하 2층","1544-1900","https://www.kyobobook.co.kr/store/?storeCode=015","0002","새책방      ","37.5037560541254","127.024109539913",""
"2941","교보문고(건대 바로드림센터)","304","광진구","능동로 92 롯데백화점 스타시티점 지하1층","1544-1900","","0002","새책방      ","37.5389997704376","127.071214413664",""
"2318","교보문고(광화문점)","300","종로구","종로구 종로 1, 교보생명빌딩 지하 1층","1544-1900","","0002","새책방      ","37.5709578373114","126.977928770123",""
"2319","교보문고(동대문 바로드림센터)","301","중구","중구 장충단로13길 20, 현대시티아울렛 지하 1층","1544-1900","","0002","새책방      ","37.568734553218","127.007666479829",""
"2320","교보문고(디큐브시티 바로드림센터)","316","구로구","구로구 경인로 662, 현대백화점 지하 1층","1544-1900","","0002","새책방      ","37.5081230677129","126.888212953215",""
"2321","교보문고(목동점)","314","양천구","양천구 목동서로 159-1, CBS 지하 1층","1544-1900","","0002","새책방      ","37.5282318199269","126.874990723123",""
"2322","교보문고(수유 바로드림센터)","308","강북구","강북구 도봉로 348, 교보생명빌딩 지하 1층","1544-1900","","0002","새책방      ","37.6383188991553","127.026548094798",""
"2323","교보문고(신논현역스토어)","322","강남구","강남구 봉은사로 102 지하 1층","1544-1900","","0002","새책방      ","37.5046341625192","127.025031333453",""
"2324","교보문고(영등포점)","318","영등포구","영등포구 영중로 15, 타임스퀘어 멀티플렉스 2층","1544-1900","","0002","새책방      ","37.5172332566615","126.903715993779",""
"2325","교보문고(은평 바로드림센터)","311","은평구","은평구 통일로 1050, 롯데몰 3층","1544-1900","","0002","새책방      ","37.6375366740938","126.917900261732",""
"2326","교보문고(잠실점)","323","송파구","송파구 올림픽로 269, 롯데캐슬골드 지하 1층","1544-1900","","0002","새책방      ","37.5144273491608","127.100611434725",""
"2327","교보문고(천호점)","324","강동구","강동구 올림픽로 664, 대우한강베네시티 지하 1층","1544-1900","","0002","새책방      ","37.540555377209","127.124975762766",""
"2328","교보문고(청량리 바로드림센터)","305","동대문구","동대문구 왕산로 214, 롯데백화점 청량리점 지하 1층","1544-1900","","0002","새책방      ","37.5841961381161","127.05114707633",""
"2329","교보문고(합정점)","313","마포구","마포구 월드컵로3길 14 딜라이트스퀘어 2차(지하 1층), 1차(지하 2층)","1544-1900","","0002","새책방      ","37.5510079695241","126.91164899787",""
"2330","교보서적","315","강서구","강서구 양천로 87 대일빌딩 지하1층","02-2664-6148 ","","0002","새책방      ","37.5736086090089","126.813650452864",""
"2331","구일서점","316","구로구","구로구 구일로4길 66","02-853-0191","","0002","새책방      ","37.4936816904604","126.876308947465",""
"2332","그날이오면 ","320","관악구","관악구 신림로 14길 26","02-885-8290","http://www.gnal.co.kr","0002","새책방      ","37.4718935849466","126.938317912268","https://www.facebook.com/bookstoregnal"
"2333","그래서","301","중구","중구 동호로37길 20 A동 2층 132호","02-2268-3305","http://glaeso.shop.blogpay.co.kr","0002","새책방      ","37.5687241676447","127.000805597741","https://www.instagram.com/glaeso_book"
"3143","그래픽","302","용산구","용산구 회나무로39길 33","070-4070-0204","","0002","새책방      ","37.5409328113161","126.993591556374","https://www.instagram.com/graphic.fan/"
"3282","그래픽","302","용산구","용산구 회나무로39길 33","070-4070-0204","","0002","새책방      ","37.5409328113161","126.993591556374","https://www.instagram.com/graphic.fan"
"2334","그랜드문고","310","노원구","노원구 한글비석로 253 지하1층","02-938-1065","https://smartstore.naver.com/grandbooks","0002","새책방      ","37.6504237048351","127.0763481119",""
"2764","그린북스","306","중랑구","중랑구 봉화산로 94 2층","02-433-6728","","0001","헌책방      ","37.6020877515673","127.084925838572",""
"2336","그림책방 곰곰","313","마포구","마포구 연남로 61-1","02-335-2041","https://smartstore.naver.com/gomgombookstore","0002","새책방      ","37.564622827691","126.919830391514","https://www.instagram.com/gomgombookstore"
"3341","그림책방 종달새의 마음","307","성북구","월곡로 54 1층","","","0002","새책방      ","37.5970472335377","127.039211250881","https://www.instagram.com/heartoflittlebird"
"2765","글방","301","중구","중구 청계천로 274 다7호","02-2273-0111","","0001","헌책방      ","37.5694258617472","127.00804756339",""
"2766","글벗서점","313","마포구","마포구 신촌로 48","02-333-1382","","0001","헌책방      ","37.5568368094071","126.931319363016",""
"2338","글벗서점","311","은평구","은평구 은평로 66","02-302-6621","","0002","새책방      ","37.5987959283404","126.915123764889",""
"2337","글벗서점","322","강남구","강남구 도곡로 516 삼성상가 지하1층","02-557-8910","","0002","새책방      ","37.4991812807975","127.062987853204",""
"2339","글빛문고","314","양천구","양천구 목동중앙로 43 지하 1층","02-2642-8360","","0002","새책방      ","37.5335410020886","126.869525224448",""
"3061","금지옥엽","301","중구","중구 청계천로 160 세운청계상가 3층 데크 가열 312호","02-2273-0220","https://cherishstorage.kr/","0002","새책방      ","37.5679798569884","126.995365114169","https://www.instagram.com/cherish_storage/"
"2767","기독성문서적","301","중구","중구 청계천로 274 다26호","02-2279-3902","","0001","헌책방      ","37.5694258617472","127.00804756339",""
"2768","깡지서점","320","관악구","관악구 신림로 30길 21","","","0001","헌책방      ","37.4731803375047","126.935817676575",""
"2340","꼬리달린책방(협동조합 카페마을)","314","양천구","양천구 목동중앙북로16길 39","02-6052-0620","","0002","새책방      ","37.5444786513791","126.873972912373","https://www.instagram.com/tail_bookstore"
"2341","꽃피는책","314","양천구","양천구 목동중앙북로16길 58","0507-1306-0858","","0002","새책방      ","37.5435354864313","126.873804767131","https://www.instagram.com/blooming__books"
"2342","나나문고","322","강남구","강남구 선릉로 221 도곡렉슬상가 지하1층","02-571-4495","","0002","새책방      ","37.4942068396456","127.049734781209",""
"2343","나라문고","315","강서구","강서구 강서로 247 지하1층","02-2603-3231","","0002","새책방      ","37.5477927919149","126.836036213248",""
"2344","나무곁에서서","315","강서구","강서구 강서로76길 19","","https://blog.naver.com/bythetreebooks","0002","새책방      ","37.5693429601301","126.842627715252","http://www.instagram.com/by.thetree.books"
"2345","나비루","323","송파구","송파구 올림픽로10길 40 102호","070-7573-3034","","0002","새책방      ","37.5081830232923","127.08157704714","https://www.instagram.com/nabirubook"
"2346","날일달월","304","광진구","광진구 아차산로78길 7 유진스웰 B 202호","02-457-0102","https://blog.naver.com/nalildalwol","0002","새책방      ","37.550375597806","127.109297103597","https://www.instagram.com/nalildalwol"
"2769","남영서점","319","동작구","동작구 서달로 149","02-815-3830","","0001","헌책방      ","37.5067705059213","126.961462589524",""
"2347","낫저스트북스","303","성동구","성동구 성덕정9가길 14","070-4112-2016","https://notjust-books.com","0002","새책방      ","37.5388748623993","127.051295783086","https://www.instagram.com/notjust_books"
"2348","노른자책방","318","영등포구","영등포구 선유로9길 30 롯데캐슬상가 207호","0507-1351-0173","https://blog.naver.com/norunza-art","0002","새책방      ","37.524431864636","126.884753313125","https://www.instagram.com/norunza"
"2349","노말에이","301","중구","중구 마른내로 12 4층","070-4681-5858 ","http://normala.kr","0002","새책방      ","37.5646079193142","126.989116143742","https://www.instagram.com/normala.kr"
"2350","노원문고 본점","310","노원구","노원구 동일로 1384 지하1층","02-951-0633","http://www.nowonbook.com","0002","새책방      ","37.6523456719508","127.061567115686","https://www.instagram.com/nowonmungo"
"2351","노원문고 제5매장","310","노원구","노원구 상계로 59 동명빌딩 지하1층","02-932-3822","http://www.nowonbook.com","0002","새책방      ","37.6561602782805","127.06151518884","https://www.instagram.com/nowonmungo5th"
"2352","노원문고 중계점","310","노원구","노원구 중계로 206 지하1층","02-2091-0633","http://www.nowonbook.com","0002","새책방      ","37.6508417136906","127.077525686582","https://www.instagram.com/nowonmungo04"
"2353","뉴타운문고","308","강북구","강북구 도봉로 45 숭인시장 나진동1호","02-980-2105","","0002","새책방      ","37.6131435556689","127.02945322795",""
"2354","늘벗서점","320","관악구","관악구 신림로 83","02-887-4971","https://nbcpa.co.kr/shop/","0002","새책방      ","37.4703411715556","126.940123158543",""
"2355","늘푸른글방","318","영등포구","영등포구 영등포로 418-1","02-841-5139","","0002","새책방      ","37.512599021731","126.924374784993",""
"2356","니은서점","311","은평구","은평구 연서로26길 35","02-6084-8433","https://cafe.naver.com/bookshopnieun","0002","새책방      ","37.6151489891099","126.922198663155","https://www.instagram.com/book_shop_nieun"
"2357","다름상상","304","광진구","광진구 구의로16길 93","","","0002","새책방      ","37.541463167395","127.094607689872","https://www.instagram.com/darmsangsang"
"2770","다모아헌책방","319","동작구","동작구 사당로17길 25","0507-1406-8571","","0001","헌책방      ","37.4842974027295","126.973536349585",""
"2358","다산서적","320","관악구","관악구 대학6길 19","02-883-9321","http://www.acegosi.com","0002","새책방      ","37.4689381362592","126.936533134136",""
"2360","다솜서점","310","노원구","노원구 동일로 1677 제성빌딩 지하1층","02-932-5808","","0002","새책방      ","37.6781841932825","127.054968378566",""
"2359","다솜서점","320","관악구","관악구 난우10길 6 지하1층","02-864-1330","","0002","새책방      ","37.4760653558686","126.918020472071",""
"2361","다시서점","315","강서구","강서구 공항대로8길 77-24","0507-1411-4869","https://dasibookshop.com","0002","새책방      ","37.557405497079","126.81297893299","https://www.instagram.com/dasibookshop"
"2362","다온책방","307","성북구","성북구  한천로68길 31","02-6014-1414 ","","0002","새책방      ","37.6091518866167","127.065862578384",""
"3324","다정한책방","319","동작구","동작대로9가길 32","0507-1417-1028","","0002","새책방      ","37.47966198083767","126.97791393148007",""
"2363","달걀책방","312","서대문구","서대문구 성산로9길 43-35","070-8822-2425","https://www.eggbookshop.com","0002","새책방      ","37.5676599337553","126.922987678207","https://www.instagram.com/egg.bookshop"
"2771","달마헌책방","320","관악구","관악구 남부순환로 1925 지하 1층","02-811-1256","http://www.dharmabooks.co.kr","0001","헌책방      ","37.477525198379","126.963276329096",""
"2364","당인리책발전소","313","마포구","마포구 월드컵로14길 10-8","02-8702-1022","https://www.bronteshop.co.kr","0002","새책방      ","37.5556889982129","126.911149129004","https://www.instagram.com/danginbookplant"
"2772","대광서림","301","중구","중구 청계천로 274 다9호","02-2272-4741","","0001","헌책방      ","37.5694258617472","127.00804756339",""
"2365","대교서적","318","영등포구","영등포구 국제금융로7길 22 대교비상가 116호","0507-1392-6407","","0002","새책방      ","37.5232504350637","126.933074070061",""
"2366","대륙서점","319","동작구","동작구 성대로 40","02-821-8878","","0002","새책방      ","37.4989412826906","126.933291526819","https://www.instagram.com/daerukbooks"
"2367","대림문고","318","영등포구","영등포구 대림로 199 건용빌딩","02-841-1101","","0002","새책방      ","37.4985607469455","126.897920156455",""
"2368","대민문고","320","관악구","관악구 관악로 212 관악프라자 지하1층","02-875-5300","","0002","새책방      ","37.4836231380755","126.955183549269",""
"2369","대성서점","311","은평구","은평구 갈현로29길 51-30","02-357-3410","","0002","새책방      ","37.622408965433","126.910264624633",""
"2370","대승서적","300","종로구","종로구 율곡로14길 57","02-2277-0656","","0002","새책방      ","37.573776066701","127.004180855855",""
"3325","대영도서","305","동대문구","천호대로87길 14","02-2245-9800","","0002","새책방      ","37.5622747052687","127.067711004026",""
"2371","대영문고","315","강서구","강서구 양천로 669 2층","02-3663-7859","","0002","새책방      ","37.551859973507","126.871203149523",""
"3326","대오서점","300","종로구","자하문로7길 55","02-735-1349","","0002","새책방      ","37.579747815438","126.969306469781",""
"2374","대원서적","300","종로구","종로구 종로 258 덕성빌딩","02-2275-1543 ","","0002","새책방      ","37.5706568981549","127.006479473351",""
"2375","대원서점","307","성북구","성북구 정릉로 241","0507-1396-0660","","0002","새책방      ","37.6052978483286","127.010903032137",""
"2773","대원서점","301","중구","중구 청계천로 274 다12호","02-2273-0109","","0001","헌책방      ","37.5694258617472","127.00804756339",""
"2373","대원책문고","318","영등포구","영등포구 당산로45길 1 당산 삼성쉐르빌 205호","02-2671-2375 ","","0002","새책방      ","37.5332342860396","126.900510317023",""
"2376","대일서점","317","금천구","금천구 시흥대로 474","02-853-1948","","0002","새책방      ","37.4758621463823","126.899010685082",""
"2377","대지책문고","315","강서구","강서구 등촌로39길 13 지하1층","02-2644-2650","","0002","새책방      ","37.5455276780143","126.861499293119",""
"2378","대천서점","320","관악구","관악구 남부순환로 1734 지하1층","02-878-7557","","0002","새책방      ","37.4819856916434","126.942772870325",""
"2774","대흥서점","308","강북구","강북구 도봉로 49길 19","02-981-3214","","0001","헌책방      ","37.6249507724124","127.025401264422",""
"2379","더레퍼런스","300","종로구","종로구 자하문로24길 44","070-4150-3105","https://www.the-ref.kr","0002","새책방      ","37.5822889706347","126.971805191109","https://www.instagram.com/the_reference_seoul"
"3157","더레퍼런스(서소문점)","301","중구","중구 덕수궁길 61 전시동 3층","","https://www.the-ref.kr","0002","새책방      ","37.5641060692766","126.973699316136","https://www.instagram.com/the_reference_seoul"
"2380","더북소사이어티","300","종로구","종로구 자하문로19길 25 지하 1층","070-8621-5676 ","http://www.thebooksociety.org","0002","새책방      ","37.5821320862307","126.969542900167",""
"2381","더북스 금성서적","321","서초구","신반포로3길 8 B104 ","02-599-4148","","0002","새책방      ","37.5021389516353","126.986903961393",""
"2386","더북스 반포점","321","서초구","서초구 고무래로 22","02-3477-6545 ","","0002","새책방      ","37.5025732021787","127.010757906306",""
"2988","더북스 신대방점","319","동작구","상도로 37","070-7574-4283","","0002","새책방      ","37.5000112771545","126.92468106251",""
"2383","더북스 한길서점(방배)","321","서초구","서초구 동작대로 132 안석빌딩 지하1층","02-591-2274","","0002","새책방      ","37.4882579599705","126.982769875077",""
"2902","더숲 초소책방","300","종로구","종로구 인왕산로 172","02-735-0206","https://chosobooks.com/","0002","새책방      ","37.585953344144684","126.96427697514987","https://www.instagram.com/chosochaekbang"
"2775","덕인서림","301","중구","중구 청계천로 274 다32호","02-2273-8420","","0001","헌책방      ","37.5694258617472","127.00804756339",""
"2388","도도봉봉","309","도봉구","도봉구 도봉로114길 57","0507-143-5335","https://m.blog.naver.com/dodobonbon","0002","새책방      ","37.6476775132429","127.037498269322","https://www.instagram.com/dodo_bongbong"
"2390","도원문고","303","성동구","성동구 독서당로 294 지하1층","02-2233-4286","","0002","새책방      ","37.5479505998019","127.02162990225",""
"3127","도하서림","302","용산구","용산구 한강대로 104길 45 상아빌딩 401호","","https://dohabookstore.co.kr","0002","새책방      ","37.5505722229692","126.974682052892","https://www.instagram.com/dohabookstore"
"2391","도화북스(도화아파트먼트)","313","마포구","마포구 도화2길 27","02-713-0227","https://dohwa-apartment.com","0002","새책방      ","37.5395404996998","126.949490374862","https://www.instagram.com/dohwa_apt"
"3327","독립서점 화서가","315","강서구"," 월정로30길 52 2층","","https://blog.naver.com/hwaseoga","0002","새책방      ","37.534639770812","126.838807231614","https://www.instagram.com/hwaseoga_booksalon/"
"3328","독서관","313","마포구","동교로27길 41 1층 독서관","","","0002","새책방      ","37.559680334501","126.921457779343","https://www.instagram.com/dokseogwan"
"2392","동남서적","300","종로구","종로구 종로6가 267-1","02-2266-0924","","0002","새책방      ","37.5710497927185","127.006996025132",""
"3281","동네책방 원테이블","317","금천구","금천구 독산로8길 14","02-896-0512","","0002","새책방      ","37.4493499425115","126.906302128466","https://www.instagram.com/onetable_o"
"2393","동네책방개똥이네책놀이터","313","마포구","마포구 월드컵로 128-3","02-338-0478","http://cafe.naver.com/dongneabook","0002","새책방      ","37.5598260568898","126.907104937555","https://www.instagram.com/book338_0478"
"2394","동명서점","300","종로구","종로구 종로 266, A-20호","02-2265-6696","","0002","새책방      ","37.5706568981549","127.006479473351",""
"2395","동방서적","316","구로구","구로구 경인로 219 지하1층","02-2616-9911","","0002","새책방      ","37.4968157648088","126.845070793391",""
"2776","동신서림","301","중구","중구 청계천로 246  다139호","02-2273-3411","","0001","헌책방      ","37.5693683779231","127.004721112823",""
"2397","동아서점","309","도봉구","도봉구 덕릉로 253","02-904-1360","","0002","새책방      ","37.6402972948667","127.039396106053",""
"2382","동아서점","322","강남구","강남구 압구정로 29길 68","02-545-0948","","0002","새책방      ","37.5325363787069","127.029186511113",""
"2777","동아서점","301","중구","중구 청계천로 274 다11호","02-2272-4013","","0001","헌책방      ","37.5694258617472","127.00804756339",""
"2398","동양서림","300","종로구","종로구 창경궁로 271-1","02-762-0715","https://blog.naver.com/dilek_choi","0002","새책방      ","37.5855682577741","127.000601419034","https://www.instagram.com/dongyangbooks"
"2399","동일서점프라자","317","금천구","금천구 금하로 771","02-802-7446","","0002","새책방      ","37.4505063344668","126.915548932337",""
"2400","동지서적","300","종로구","종로구 김상옥로 64-1 여양진씨대종회 회관","02-762-7596","","0002","새책방      ","37.5733658162039","127.004896939087",""
"2778","동화마을","301","중구","중구 청계천로 274 다91호","02-2278-0408","","0001","헌책방      ","37.5694258617472","127.00804756339",""
"2401","두나서점(도곡점)","322","강남구","강남구 선릉로 325 지하1층","02-561-4326","http://blog.naver.com/ydss0561","0002","새책방      ","37.4985922447348","127.051565861863",""
"2402","드림서점","320","관악구","관악구 은천로25길 27 하우젠빌 104호","02-887-4940","","0002","새책방      ","37.487947946001","126.949309618135",""
"3128","디자인북","313","마포구","마포구 동교로 148-8","02-333-0342","http://designbook.co.kr/","0002","새책방      ","37.5550133316937","126.918637208718",""
"2403","땡스북스","313","마포구","마포구 양화로6길 57-6","02-325-0321","http://www.thanksbooks.com","0002","새책방      ","37.5488680619154","126.917707914547","https://www.instagram.com/thanksbooks"
"2404","라이너노트","313","마포구","마포구 양화로15안길 6","070-7730-2463","https://smartstore.naver.com/linernote","0002","새책방      ","37.5544654855325","126.918841400479","https://www.instagram.com/linernote.musicbook"
"2408","로뎀서적","315","강서구","강서구 월정로 128-1 지하1층","02-2699-5365","","0002","새책방      ","37.5306381741059","126.838159769376",""
"3129","로우북스","313","마포구","마포구 포은로 56","","https://lowbooks.notion.site","0002","새책방      ","37.5523859985369","126.906782814914","https://www.instagram.com/low_books"
"3148","로프 에디션스","313","마포구","마포구 희우정로16길 50","0507-1325-5519","","0002","새책방      ","37.5547486571866","126.904716741726","https://www.instagram.com/ropeeditions/"
"2409","로프트북스","300","종로구","종로구 창의문로 129 2층","0507-1310-3225","https://brunch.co.kr/@analogcabinet","0002","새책방      ","37.5923736037573","126.965997821838","https://www.instagram.com/loftbooks_seoul"
"2410","마들문고","310","노원구","노원구 동일로 1550 고려프라자빌딩 지하1층","02-938-0028","","0002","새책방      ","37.666911617005","127.057549710711",""
"2411","마음책방 서가는","300","종로구","종로구 창경궁로35길 21","070-8818-0137 ","https://smartstore.naver.com/houseinmind","0002","새책방      ","37.5869860485923","127.001764324278","https://www.instagram.com/houseinmind"
"2412","마이어 날다","302","용산구","용산구 서빙고로 17 용산센트럴파크 해링턴스퀘어 상가 Mall D 2층 43호","0507-1324-7487","https://blog.naver.com/meiernalda","0002","새책방      ","37.5269056148241","126.966566172294","https://www.instagram.com/meier.nalda"
"3131","마이페이버릿","300","종로구","종로구 자하문로 121 지하 1층","02-544-9319","http://www.alicesugar.com/","0002","새책방      ","37.5868637244297","126.969475077797",""
"2413","마중물서점","323","송파구","송파구 삼전로 99","02-425-7279","","0002","새책방      ","37.507262374315","127.090133910971",""
"2990","마포문고","313","마포구","마포구 큰우물로 60 지하1층","0507-1315-0066","","0002","새책방      ","37.5418249641112","126.944813814667","https://www.instagram.com/mapomoongo"
"2414","마포문구문고","315","강서구","강서구 화곡로 404 1층","02-3664-1704","","0002","새책방      ","37.5592424588458","126.854440628008",""
"2415","만나서적","300","종로구","종로구 율곡로14길 57","02-2267-7385","","0002","새책방      ","37.573776066701","127.004180855855",""
"3026","만유인력","313","마포구","손기정로 52","0507-1328-5935","https://blog.naver.com/universalgravity","0002","새책방      ","37.5561721590844","126.962376284851","https://www.instagram.com/manyoupowerpeople"
"2416","만점문고","318","영등포구","영등포구 당산로44길 3"," 02-2672-2375 ","","0002","새책방      ","37.5319143458605","126.901077532801",""
"2779","만화뱅크","310","노원구","노원구 초안산로 19","","","0001","헌책방      ","37.6295466457515","127.054169105563",""
"2417","만화살롱 유어마나","313","마포구","마포구 와우산로 13 지하1층","02-332-7972 ","http://www.your-mana.com","0002","새책방      ","37.5456542534256","126.922721314787","https://www.instagram.com/salon.your.mana"
"2418","매거진랜드","313","마포구","마포구 잔다리로6길 17 1층","02-3142-6460","http://www.magazineland.co.kr","0002","새책방      ","37.5522441351946","126.920117860118","https://www.instagram.com/magazineland.seoul/"
"2419","매일문고","311","은평구","은평구 서오릉로 133","02-355-0262","","0002","새책방      ","37.6106288257231","126.917821689335",""
"2420","메종인디아 트래블앤북스","321","서초구","서초구 방배로23길 31-43","0507-1314-1045","http://www.maisonindia.co.kr","0002","새책방      ","37.4850898441766","126.99221951069","https://www.instagram.com/maison_india1"
"2421","명덕서점","315","강서구","강서구 공항대로36길 91","02-2663-8874","","0002","새책방      ","37.5544673016001","126.836239220355",""
"3149","명동문고","301","중구","서울 중구 명동길 66","02-752-2015","","0002","새책방      ","37.5639294149969","126.986033616613",""
"2422","명지서점","312","서대문구","서대문구 가좌로 120","02-305-6467","","0002","새책방      ","37.5832271329719","126.925512763962",""
"2423","모닝책서점(모닝글로리)","309","도봉구","도봉구 시루봉로 67","02-956-9227","","0002","새책방      ","37.6568375682064","127.027578143923",""
"3025","모모","309","도봉구","도봉로181나길 16 B1","0507-1302-9640","","0002","새책방      ","37.6834512512412","127.044423528528","https://www.facebook.com/mojorimoida"
"3342","모즈나","313","마포구","고산16길  9 1층","","","0002","새책방      ","37.5540767423219","126.944809761048",""
"2424","목동문고","314","양천구","양천구 목동서로 400 10단지아파트 A상가 지하 1층","0507-1389-3070","http://www.mokdongbs.com/","0002","새책방      ","37.515005058675","126.858045735705",""
"2882","무아레 서점","305","동대문구","천호대로89길 9 2층","0507-1307-7656","","0002","새책방      ","37.5622852239974","127.068064259814","https://www.instagram.com/moire_books"
"2425","무엇보다 책방","323","송파구","송파구 백제고분로 45길 30 미석빌딩 305호 ","0507-1398-1880","https://smartstore.naver.com/morethananthing","0002","새책방      ","37.5104947114349","127.108479649288","https://www.instagram.com/more.than_anything"
"2780","문성서점","301","중구","중구 청계천로 274 다82호","02-2266-3772","","0001","헌책방      ","37.5694258617472","127.00804756339",""
"3027","문학살롱 초고","313","마포구","독막로2길 30","02-332-7579","","0002","새책방      ","37.5472740080655","126.914278286871","https://www.instagram.com/chogo_seoul"
"2428","문향서점","301","중구","중구 수표로2길 11","02-2274-5434","","0002","새책방      ","37.5622337835139","126.9911499461",""
"3184","문화공간 길담","300","종로구","종로구 자하문로17길 12-9","02-722-1368","https://cafe.naver.com/gildamspace","0002","새책방      ","37.5817344223697","126.969677672583","https://www.instagram.com/gildam_official"
"2429","문화문고","312","서대문구","서대문구 간호대로 4","02-395-4097","https://munhwamungo.modoo.at","0002","새책방      ","37.5966376479596","126.949012224218",""
"2782","문화서점","307","성북구","성북구 정릉로 330-1","02-917-6874","http://www.bookst.co.kr","0001","헌책방      ","37.6019603335966","127.019743373738",""
"2430","문화서점","313","마포구","마포구 성암로 267 mbc 지하 1층 mbc몰","0507-1302-3898","","0002","새책방      ","37.5811234199086","126.890988995582","https://www.instagram.com/munhwabooks/"
"2781","문화서점","319","동작구","동작구 상도로 175","02-823-5204","","0001","헌책방      ","37.5045490229841","126.938207704048",""
"3185","뭐든지 책방","300","종로구","종로구 창신길 119","02-766-3581","https://blog.naver.com/mordeunji","0002","새책방      ","37.5766905240556","127.010009630457","https://www.instagram.com/mordeunji"
"2431","미스터리 유니온","312","서대문구","서대문구 이화여대길 88-11","02-6080-7040","","0002","새책방      ","37.5593584105458","126.943710856225","https://www.instagram.com/mysteryunionbook"
"2432","미하북스","311","은평구","은평구 증산로21길 10-1","02-355-1876","mihabooks.com","0002","새책방      ","37.5960105441722","126.913673560958","https://www.instagram.com/mihabooks"
"2433","민영서점","309","도봉구","도봉구 도봉로 180나길 41 한신쇼핑 3층 318호","02-955-7046","","0002","새책방      ","37.6843445449287","127.049895811436",""
"2783","민중서림","301","중구","중구 청계천로 274 다14호","02-2265-3314","","0001","헌책방      ","37.5694258617472","127.00804756339",""
"2434","믿음문고","321","서초구","서초구 양재천로 95-4","0507-1332-8248","https://smartstore.naver.com/fflbooks","0002","새책방      ","37.4761935695549","127.039596279917","https://www.instagram.com/ffl.books"
"2784","밍키","301","중구","중구 청계천로 274 다10호","02-2273-9905","","0001","헌책방      ","37.5694258617472","127.00804756339",""
"2435","바람길","306","중랑구","중랑구 망우로 332","02-434-6449","http://www.facebook.com/baramgilbooks","0002","새책방      ","37.597006738619","127.089275468943","https://www.instagram.com/baramgilbooks/"
"2436","반도서점","317","금천구","금천구 독산로 136","02-805-9839","","0002","새책방      ","37.4595006193821","126.905231291478",""
"3133","밝은책방","320","관악구","관악구 봉천로 540-1 2층","0507-1388-6511","https://linktr.ee/brightbooks_law","0002","새책방      ","37.4783857141849","126.957768221514","https://www.instagram.com/brightbooks_law"
"2437","밤의서점","312","서대문구","서대문구 성산로 309-51","","https://smartstore.naver.com/nightbookstore","0002","새책방      ","37.56671358902","126.924055584967","https://www.instagram.com/librairie_de_nuit"
"2438","배광서점","314","양천구","양천구 목동중앙남로 28","02-2643-1020 ","","0002","새책방      ","37.5364764239853","126.867389257907",""
"2439","배화우리서점","300","종로구","종로구 필운대로1길 31","02-738-9184","","0002","새책방      ","37.5777783653388","126.967739925303",""
"2440","백호문구서점","313","마포구","마포구 광성로6안길 10","02-716-8628","","0002","새책방      ","37.5488686594995","126.938176228574",""
"2441","번동문고","308","강북구","강북구 오현로 191 지하1층","02-981-8425","","0002","새책방      ","37.6288204286432","127.03919474484",""
"2442","번역가의 서재","313","마포구","마포구 동교로17길 67 101호","0507-1367-7421","","0002","새책방      ","37.5576517905384","126.914277264863","https://www.instagram.com/tlbseoul"
"2985","법문서적","320","관악구","신림로23길 16 2층","02-882-3333","http://www.bubmoon.com","0002","새책방      ","37.4704811658789","126.934476782389",""
"2443","벧엘서점","315","강서구","강서구 강서로47길 36","02-2663-1678","","0002","새책방      ","37.552953373962","126.834185904309",""
"3343","벨리븐","302","용산구","회나무로12길 5 Beleben","0507-1301-8303","https://blog.naver.com/belebenbookshop","0002","새책방      ","37.539138007087","126.9896174749",""
"2585","별책방(구예스서점)","312","서대문구","서대문구 거북골로20길 71 창경빌딩 지하1층","0507-1317-0139","","0002","새책방      ","37.5810710377182","126.911280074916",""
"2444","별책부록","302","용산구","용산구 신흥로16길 7","070-4007-6690","https://www.byeolcheck.kr","0002","새책방      ","37.5449311756604","126.986997302668","https://www.instagram.com/byeolcheck"
"2445","보람책문고","310","노원구","노원구 한글비석로 466 지하1층","02-935-4999","","0002","새책방      ","37.6645718853517","127.066417913469",""
"2446","보성서점","324","강동구","강동구 양재대로89길 28","02-483-1477","","0002","새책방      ","37.526891980216","127.133931990106",""
"2447","보안책방","300","종로구","종로구 효자로 33 2층","02-720-8409","http://b1942.com","0002","새책방      ","37.579117894432","126.973630299897","https://www.instagram.com/boanbooks"
"2448","본동서적","317","금천구","금천구 금하로 631-7","02-893-0158","","0002","새책방      ","37.455143719434","126.901203485884",""
"2396","봄서점","324","강동구","강동구 양재대로 1341 지하1층","02-477-8200","","0002","새책방      ","37.5261573366484","127.135168421257",""
"2449","부비프","307","성북구","성북구 보문로30가길 31","","","0002","새책방      ","37.5892609126234","127.021497150313","https://www.instagram.com/buvif.bookshop"
"3135","북데이423","324","강동구","강동구 고덕로 266","02-442-5581","","0002","새책방      ","37.5546936843646","127.15511458665","https://www.instagram.com/bookday423_official"
"2451","북라인","320","관악구","관악구 신림로28길 81","02-883-4939","http://gosibookline.co.kr/","0002","새책방      ","37.472022161345","126.937806493045",""
"2452","북바이북","300","종로구","종로구 새문안로5길 19 로얄빌딩","0507-1313-0416","http://bookbybook.co.kr","0002","새책방      ","37.5720295562121","126.974293312227","https://www.instagram.com/book_by_book"
"2453","북뱅크","310","노원구","노원구 한글비석로 242 삼부프라자 지하1층","02-2091-0304","","0002","새책방      ","37.6492349017795","127.076973642943",""
"2454","북새통문고","313","마포구","마포구 양화로 188 애경타워 5층","02-324-0211","","0002","새책방      ","37.5577458058734","126.926498328277",""
"2456","북스리브로(구로점)","316","구로구","구로구 구로중앙로 152 NC신구로점 5층","070-4726-2825","https://www.bookslibro.com","0002","새책방      ","37.5011601442131","126.882773011925",""
"2457","북스리브로(상봉점)","306","중랑구","중랑구 상봉로 131 상봉 듀오트리스 지하 1층","070-4726-7775 ","https://www.bookslibro.com","0002","새책방      ","37.5974066200134","127.092177640813",""
"3028","북스토어17","313","마포구","독막로5길 33","0507-1436-0531","https://bookstore17.com","0002","새책방      ","37.5494395256208","126.918560544688","https://www.instagram.com/bookstore17_photobox"
"2458","북스피리언스","313","마포구","마포구 연남로11길 34 지하1층","02-324-2399","https://smartstore.naver.com/booksperience","0002","새책방      ","37.5654075066771","126.917093107955","https://www.instagram.com/booksperience"
"2459","북악서점","307","성북구","성북구 정릉로 159","02-942-0649","","0002","새책방      ","37.6077967638551","127.002786354445",""
"2460","북오피스","315","강서구","강서구 공항대로48길 47","02-2242-6460","","0002","새책방      ","37.5526130322061","126.854528213829",""
"2785","북촌책방","300","종로구","종로구 북촌로5길 19-12","02-995-6630","https://blog.naver.com/bcbooks1201","0001","헌책방      ","37.5789521976066","126.984201241603","https://www.instagram.com/bookchonbookstore"
"2996","북커스","300","종로구","종로구 평창30길 10 2층","02-394-4588","https://post.naver.com/bluzine?fbclid=IwAR0sKw4HJh8JkPmunzO6sNDEbtaARHpYA4NdehuSBRfWW9DPCZy6RCJrXgM","0002","새책방      ","37.6109243962339","126.975142725198","https://www.instagram.com/bookers_bookcafe"
"2461","북티크","313","마포구","독막로31길 9 2층","0507-1394-1141","https://www.booktique.kr","0002","새책방      ","37.5535866114696","126.918781807332","https://www.instagram.com/booktique_bookshop"
"3204","분당책선생","323","송파구","송파구 송파대로 425 문화빌딩 지하1층","02-424-4142","","0001","헌책방      ","37.5046823000688","127.107131495986",""
"3186","비건책방 서울","312","서대문구","서대문구 가재울로2안길 29-14","0507-1340-0424","https://blog.naver.com/veganbooks_","0002","새책방      ","37.5753074257876","126.923862450053","https://www.instagram.com/veganbooks_"
"2666","비엥북스","311","은평구","은평구 서오릉로 149 쿠아레비 구산점 내","0507-1411-7870","https://smartstore.naver.com/bienbooks","0002","새책방      ","37.6059011569142","126.922349178762","https://www.instagram.com/bienbooks "
"3344","비주얼 콜렉트","303","성동구","연무장13길 3 2층 오른쪽호","0507-1300-9101","","0002","새책방      ","37.5419984473028","127.057923031968","https://www.instagram.com/visual.collect"
"2465","비플랫폼(B-Platform)","313","마포구","마포구 독막로2길 22 3층","070-4001-8388","http://blog.naver.com/b-platform","0002","새책방      ","37.5476309236091","126.914443886085","https://www.instagram.com/bplatform"
"2466","비화림","300","종로구","종로구 창덕궁길 153 1층","0507-1362-0312","https://smartstore.naver.com/bihwarim_bookshop/","0002","새책방      ","37.5829886736102","126.987397241641","https://www.instagram.com/bihwarim_bookshop"
"2467","사가정문고","306","중랑구","중랑구 사가정로 398","02-493-9544","","0002","새책방      ","37.5802876412794","127.088816583304",""
"2469","사슴책방(성산점)","313","마포구","마포구 성미산로13길 110","0507-1409-8092","https://www.deerbookshop.net","0002","새책방      ","37.5657661690879","126.916292917433","https://www.instagram.com/deer_bookshop"
"2470","사유의 사유","309","도봉구","도봉구 방학로 3길 12","070-7799-0794","","0002","새책방      ","37.6621909006666","127.040748882237","https://www.instagram.com/sayu_books/"
"3329","사이에 Tea n Book","300","종로구","인사동5길 14","070-4044-1843","https://blog.naver.com/saieteanbook","0002","새책방      ","37.5727519737375","126.985365563527",""
"2474","사진책방 고래","300","종로구","종로구 자하문로 106","02-720-7274","https://smartstore.naver.com/photobooks-gorae","0002","새책방      ","37.5853766800391","126.970356412903","https://www.instagram.com/photobooks.gorae"
"2475","사해책방 ","314","양천구","양천구 목동중앙북로 33-20","0507-1332-9208","https://blog.naver.com/kim_holiday","0002","새책방      ","37.5486459561113","126.868282850569","https://www.instagram.com/sahaebooks/ https://twitter.com/sahaebooks"
"3029","산책자","313","마포구","성지길 36 3층","070-8658-2141","https://blog.naver.com/wordnbow","0002","새책방      ","37.5471544035874","126.91298906983","https://www.instagram.com/sanchaekja/"
"2786","살롱 도스또옙스끼","311","은평구","은평구 가좌로 317 2층","0507-1347-7412","","0001","헌책방      ","37.5958097252649","126.909715570386","https://www.instagram.com/kdoeon"
"2476","살롱드북","320","관악구","관악구 남부순환로231길 11","070-4007-2466","https://blog.naver.com/salon_book","0002","새책방      ","37.4803947701674","126.956979175294","http://instagram.com/salon_book"
"2477","삼보서점문구","320","관악구","관악구 인헌9길 31","02-883-8598","","0002","새책방      ","37.472809850509","126.968578582448",""
"2478","삼환서점","324","강동구","강동구 구천면로 427","02-3428-1582","","0002","새책방      ","37.5505063873356","127.146146799638",""
"2479","상계문고","310","노원구","노원구 동일로 1361 상계주공2단지상가 지하1층","02-931-9453","","0002","새책방      ","37.6500649811573","127.061284207288",""
"2481","상상아이서점","315","강서구","강서구 강서로48길 39 2층 ","02-3664-8034","","0002","새책방      ","37.5525606982505","126.838592212206",""
"2482","상상하는 삐삐","306","중랑구","중랑구 중랑천로 117 정광빌딩","02-491-0516","http://blog.daum.net/kalman99/","0002","새책방      ","37.5957084823575","127.072029243323",""
"2483","상암누리문고","313","마포구","마포구 월드컵북로 396 누리꿈스퀘어 지하1층 1093호","0507-1313-2689","","0002","새책방      ","37.5794419093126","126.890322604776",""
"2787","상현서림","306","중랑구","중랑구 답십리로77길 39","02-2275-5886","","0001","헌책방      ","37.5733742020336","127.081476039581","https://www.instagram.com/sanghyunbookstore"
"3041","새고서림","318","영등포구","영등포구 영신로39길 8-1 201호","0507-1441-2125","https://smartstore.naver.com/a_cat_at_dawn","0002","새책방      ","37.521690421077","126.900341031627","https://www.instagram.com/saego_seorim"
"2484","새벽감성1집","314","양천구","양천구 월정로50길 16-8","0507-1365-1209","https://blog.naver.com/dawnsense","0002","새책방      ","37.5413388660278","126.831692301904","https://www.instagram.com/dawnsense_1.zip"
"2983","샘서림","322","강남구","개포로 218","02-578-1041","","0002","새책방      ","37.4785024407093","127.04666097337",""
"2986","생각의 주인","320","관악구","솔밭로7길 17","070-7604-7104","https://blog.naver.com/maumhee","0002","새책방      ","37.4802719552927","126.963373120876","https://www.instagram.com/master_of_thought20"
"2788","서문서점","301","중구","중구 청계천로 274 다87호","02-2274-6482","","0001","헌책방      ","37.5694258617472","127.00804756339","https://www.instagram.com/seomunbook"
"2485","서사 당신의 서재","302","용산구","용산구 대사관로 6길 5 파크랜드빌딩  6층","0507-1371-9948","https://seosa.co.kr","0002","새책방      ","37.534110880046","127.000351755708","https://www.instagram.com/seosa_yourlibrary"
"3150","서울 셀렉션","300","종로구","종로구 삼청로 6","02-734-9565","https://www.seoulselection.com/bookstore/default/index.php","0002","새책방      ","37.5764916427909","126.97986260618","https://www.instagram.com/seoul__selection/"
"2486","서울의 시간을 그리다","312","서대문구","서대문구 독립문로 31-6","070-4114-6711","https://smartstore.naver.com/seoultimesketch/","0002","새책방      ","37.5694521500705","126.961610749742","https://www.instagram.com/seoul.timesketch"
"2487","서울책방","301","중구","중구 세종대로 110, 지하 1층","02-739-7033","http://store.seoul.go.kr","0002","새책방      ","37.5663174209601","126.977829174031",""
"3205","서울책보고","323","송파구","송파구 오금로 1","02-6951-4979","https://seoulbookbogo.kr","0001","헌책방      ","37.5071254084385","127.118958946231","https://www.instagram.com/seoulbookbogo_official"
"2488","서일서적","306","중랑구","중랑구 용마산로 86길 15","02-491-0443","","0002","새책방      ","37.5863456925423","127.09612138122",""
"2489","서적백화점","322","강남구","강남구 선릉로 325 지하1층","02-577-9876","","0002","새책방      ","37.4985922447348","127.051565861863",""
"3345","서점 로티","304","광진구","광진구 용마산로 88-7 1층","0507-1441-1221","","0002","새책방      ","37.5615827049697","127.08786650315",""
"2491","서점 리스본","313","마포구","마포구 성미산로23길 60  1~3층","","http://www.bookshoplisbon.com","0002","새책방      ","37.566103686977","126.920070237613","https://www.instagram.com/bookshoplisbon"
"3151","서점 마므레","312","서대문구","서대문구 명지대길 10 2층","0507-1339-8673","","0002","새책방      ","37.5807940234173","126.925122003843","https://www.instagram.com/mamrebooks"
"2492","서점 정치발전소","313","마포구","마포구 독막로7길 8 2층","02-6384-3225","https://www.powerplantkr.com","0002","새책방      ","37.5482559284769","126.918755906027","https://www.instagram.com/powerplantkr/"
"2493","서점극장 라블레","313","마포구","마포구 백범로25길 5","02-6368-1578","https://rabelais.kr","0002","새책방      ","37.5463850650067","126.946297710376","https://www.instagram.com/rabelais.kr"
"2494","서초서적문구","321","서초구","서초구 효령로 224","02-583-4389","","0002","새책방      ","37.4832929107071","127.008535573396",""
"2495","서촌 그 책방","300","종로구","종로구 자하문로5가길 30-1","","https://blog.naver.com/seochonbooks","0002","새책방      ","37.5787585130699","126.970320545948","https://www.instagram.com/seochonbooks"
"2496","서향관","301","중구","중구 을지로20길 32-3 203호","","","0002","새책방      ","37.5649809752805","126.995195857867","https://www.instagram.com/paperfragranceroom"
"2497","석계문고","310","노원구","노원구 화랑로 349 지하1층","02-949-6148","","0002","새책방      ","37.6153718577155","127.066673824867",""
"2498","선경문고","322","강남구","강남구 삼성로 311 제동빌딩","02-563-5111","","0002","새책방      ","37.4996448855404","127.060150611709",""
"2499","선문고(선서적)","317","금천구","금천구 독산로74길 6","02-869-4027","","0002","새책방      ","37.4686620625239","126.902633431412",""
"3202","선영씨 책방","309","도봉구","도봉구 삼양로 534-6 2층","","","0002","새책방      ","37.6507769421206","127.013544317991","https://www.instagram.com/sunyoungs_bookshop"
"2500","선유서가","318","영등포구","영등포구 양평로30가길 22","0507-1377-1711","https://blog.naver.com/d-holic","0002","새책방      ","37.5427866832265","126.890720425675","https://www.instagram.com/seonyu_seoga"
"3152","성북동책방","307","성북구","성북구 동소문로13가길 36","","https://blog.naver.com/obadiah43","0002","새책방      ","37.5914078822947","127.011088850407","https://www.instagram.com/sungbuk_books_official/"
"2501","세륜서점","323","송파구","송파구 오금로31길 13","02-415-2232","","0002","새책방      ","37.5071716997042","127.121633164933",""
"2502","세신서점","323","송파구","송파구 양산로 14","02-402-4237","","0002","새책방      ","37.4902395160178","127.143799126057",""
"3261","세화서점","321","서초구","신반포로 100  B09호","0507-1418-9334","","0002","새책방      ","37.5030849342672","126.995693596225",""
"3138","세화영어서점","307","성북구","성북구 삼양로 15-2","","https://www.facebook.com/sehwa.eb","0002","새책방      ","37.6046691399298","127.024646137611","https://www.instagram.com/sehwa.eb"
"3122","소나기 그림책방","312","서대문구","서대문구 독립문로 32 2층","0507-1357-7454","https://blog.naver.com/sonagibooks","0002","새책방      ","37.5692842741658","126.961272271796","https://www.instagram.com/sonagi_picturebookshop"
"2503","소리북스","307","성북구","성북구 성북로13길2 2층","02-736-9701","http://www.soribooks.com","0002","새책방      ","37.5927494277191","127.001683614237","https://www.instagram.com/soribooks/"
"2504","소수책방","301","중구","중구 다산로20길 26 2층","0507-1303-2439","https://smartstore.naver.com/sosoobook/","0002","새책방      ","37.5568131231609","127.013520841578","https://www.instagram.com/sosoobook/"
"3203","소요서가","301","중구","중구 청계천로 160 청계세운상가 바열 309, 310호","02-2272-1517","https://soyoseoga.com","0002","새책방      ","37.5679798569884","126.995365114169","https://www.instagram.com/soyoseoga"
"2505","소원책담","300","종로구","종로구 혜화로 6길 17","0507-1485-8829","https://swbookstory.tistory.com/","0002","새책방      ","37.5875632352428","127.000769343261","https://www.instagram.com/swbookstory/"
"2506","송파문고","323","송파구","송파구 송파대로37길 70 지하1층","02-416-4837","","0002","새책방      ","37.4996547604371","127.104640424981",""
"2789","송파서적","323","송파구","송파구 송파대로32길 8 1층","02-402-4770","","0001","헌책방      ","37.4968134156721","127.117595973833",""
"2507","수도서림","304","광진구","광진구 용마산로22길 9","02-454-1062","","0002","새책방      ","37.5636969238671","127.087582060188",""
"3030","수수책방","313","마포구","토정로 8-7","0507-1341-3625","","0002","새책방      ","37.54538549492255","126.91180454986437","https://www.instagram.com/susu_books"
"2991","수수한 책방","308","강북구","솔매로50길 81","0507-1376-6994","https://blog.naver.com/kitm123","0002","새책방      ","37.622873402325766","127.02840496350396","https://www.instagram.com/susuhan.books"
"2508","숙명도서","302","용산구","용산구 청파로47길 88","02-717-9139","","0002","새책방      ","37.5451439409116","126.965943016291",""
"2509","순정책방","324","강동구","강동구 동남로65길 15-5","070-4062-8202","http://blog.naver.com/soonjung_book","0002","새책방      ","37.5474790066523","127.155000732652","https://www.instagram.com/soonjungbookstore"
"2997","순화동천","301","중구","서소문로9길 28","02-772-9001","http://blog.naver.com/sunhwadongcheon ","0002","새책방      ","37.56361935920111","126.97031364971919","https://www.instagram.com/sunhwadongcheon_official "
"2790","숨어있는 책","313","마포구","마포구 신촌로12길 30 지하","02-333-1041","","0001","헌책방      ","37.5550332486158","126.932509897592","https://www.instagram.com/hiddenbook_sinchon"
"2510","숭실서적","311","은평구","은평구 은평터널로7길 17-2 ","02-374-8917","","0002","새책방      ","37.5923101537308","126.904412862645",""
"3346","스캐터북스","313","마포구","월드컵로11길 44 102호","0507-1420-5574","","0002","새책방      ","37.5543236756667","126.908616158312","https://www.instagram.com/scatter.books"
"2512","스쿨서점","319","동작구","동작구 대방동길 71","02-816-4498","","0002","새책방      ","37.5044561710952","126.925190167764","http://www.facebook.com/sbook4498"
"2513","스타더스트","300","종로구","종로구 새문안로5길 5-7 3층","","https://blog.naver.com/stardustbookcafe https://smartstore.naver.com/stardustbookcafe","0002","새책방      ","37.5706989690118","126.974722104845","https://www.instagram.com/stardust_bookcafe"
"2514","스토리지북앤필름","302","용산구","용산구 신흥로 115-1","070-5103-9975","http://www.storagebookandfilm.com","0002","새책방      ","37.5447456222048","126.983136751452","https://www.instagram.com/storagebookandfilm"
"3301","스토리지북앤필름(로터리점)","302","용산구","용산구 신흥로36길 5","","http://www.storagebookandfilm.com","0002","새책방      ","37.5465052779646","126.981947950458","https://www.instagram.com/at_storage"
"3042","스토리지북앤필름(후암점)","302","용산구","용산구 두텁바위로 94-1","0507-1491-9979","http://www.storagebookandfilm.com","0002","새책방      ","37.5474154899203","126.98209789589","https://www.instagram.com/storage_huam"
"2516","스토리텔링","303","성동구","성동구 서울숲4길 13","02-465-1078","","0002","새책방      ","37.547569053835","127.042449913108","https://www.instagram.com/ck_storytelling"
"2518","스페인책방","301","중구","중구 퇴계로 36길 29 기남빌딩 5층 603호","0507-1311-7694","https://www.spainbookshop.com","0002","새책방      ","37.5605463547721","126.995057495807","https://www.instagram.com/spainbookshop"
"2519","스프링 플레어","313","마포구","마포구 동교로27길 53","070-7167-1846","","0002","새책방      ","37.5601304887761","126.920942222749","https://www.instagram.com/springflare.kr"
"3123","스프링한국어서점","313","마포구","마포구 양화로 193","0507-1384-8363","http://www.springkorean.com","0002","새책방      ","37.5588409392394","126.925876242294",""
"3181","시시소소","313","마포구","도화2길 27 도화아파트먼트 마포 3층","0507-1494-5590","https://www.sisi-soso.com","0002","새책방      ","37.5395404996998","126.949490374862","https://www.instagram.com/sisisosoplaykit"
"2520","시인서점","314","양천구","양천구 오목로 41","02-2601-4798","","0002","새책방      ","37.5221966662093","126.842200658823",""
"2521","시절인연","307","성북구","성북구 보국문로16가길 43-20","0507-1362-9079","https://smartstore.naver.com/_sesonbooks","0002","새책방      ","37.6126838503397","127.011319208417","https://www.instagram.com/_seasonbooks"
"2791","신고서점","309","도봉구","도봉구 삼양로144길 21","02-960-6423","http://singoro.com","0001","헌책방      ","37.6517554306214","127.014133416379",""
"2522","신공손서점","306","중랑구","중랑구 봉화산로 194 신내동 신아타운 지하 1층","02-3421-1662","","0002","새책방      ","37.6064526315197","127.094707041869",""
"2523","신동아문고","318","영등포구","영등포구 영등포로 382-1","02-836-1608","","0002","새책방      ","37.5135010043721","126.920513658082",""
"3124","신명문고","309","도봉구","도봉구 도봉로 705 지하1층","02-955-9088","","0002","새책방      ","37.6674429516351","127.042885439102",""
"2524","신목서점","314","양천구","양천구 목동동로 130","02-2647-7216","","0002","새책방      ","37.5149990018814","126.871236888208",""
"2525","신성서림","300","종로구","종로구 종로 258 대학천상가(덕성빌딩)","02-2265-9579","","0002","새책방      ","37.5706568981549","127.006479473351",""
"2792","신일서점","308","강북구","강북구 덕릉로 45","02-908-9552","","0001","헌책방      ","37.6346470625372","127.01885552841",""
"2526","신협서점","300","종로구","종로구 종로 258","02-2266-2718","","0002","새책방      ","37.5706568981549","127.006479473351",""
"2527","심지전문서적","322","강남구","강남구 논현로 723 창성빌딩 1층","02-543-3476","http://www.simjibook.com","0002","새책방      ","37.5166056482724","127.029259259636","https://www.instagram.com/simjibook/"
"2528","쌈북서점","314","양천구","양천구 목동서로 277 대림아크로텔 108호","02-2643-9319 ","","0002","새책방      ","37.5224542671642","126.869439328628",""
"2529","쌍문문고","309","도봉구","도봉구 도봉로 482 우성빌딩 지하1층","02-996-0559","","0002","새책방      ","37.6484631252934","127.035007561729",""
"2286","쎄임더스트","303","성동구","성동구 성수일로 44-1 2층","070-7954-1217","http://www.samedust.org","0002","새책방      ","37.5443365424407","127.049822153131","https://www.instagram.com/same_dust"
"2530","쏘피아 서점","312","서대문구","서대문구 충정로 53 13층","02-362-2036","","0002","새책방      ","37.5637512316327","126.964632683146",""
"2531","쓸모의 발견","309","도봉구","도봉구 우이천로42길 37 ","","","0002","새책방      ","37.6544174254134","127.018405986357","https://www.instagram.com/sslmo_balgyeon"
"2532","아운트","324","강동구","강동구 양재대로 126길 54 101호","0507-1351-3130","https://blog.naver.com/aund_","0002","새책방      ","37.5433403467288","127.145304402527","www.instagram.com/a.und_"
"2533","아인서점","313","마포구","마포구 월드컵로3길 31-30 3층","070-8667-0033","http://ainbooks.kr/","0002","새책방      ","37.5499174135013","126.91094549376","https://www.instagram.com/ain.books"
"2534","아직 독립 못 한 책방","313","마포구","마포대로 190 푸른약국 내","","","0002","새책방      ","37.5509175098526","126.955790712131","https://www.instagram.com/a_dok_bang"
"2535","아침달 북스토어","313","마포구","마포구 성미산로 153-16 2층","02-3446-5238 ","https://blog.naver.com/achimdalbooks","0002","새책방      ","37.5651069517114","126.923109719729","https://www.instagram.com/achimdal.books"
"2537","아크앤북(이마트 더타운몰 월계점)","310","노원구","노원구 마들로3길 15 이마트 월계점 2층","070-4281-2617","","0002","새책방      ","37.6265093604229","127.061979778612",""
"2538","아크앤북(이태원점)","302","용산구","용산구 장문로 23 지하 1층","0507-1354-2787","","0002","새책방      ","37.5285655568387","126.993107501389",""
"2539","아크앤북(잠실 롯데월드몰점)","323","송파구","송파구 올림픽로 300 롯데월드몰 4층","02-3213-4490","","0002","새책방      ","37.5137519612953","127.104446890835",""
"2536","아크앤북(현대 신촌점)","312","서대문구","서대문구 연세로 13 현대백화점 유플렉스 12층","0507-1349-1702","","0002","새책방      ","37.5567378385686","126.936559696179",""
"2540","악어책방","315","강서구","강서구 강서로45다길 30-27 초록아파트 단지내 상가동 102호","0507-1314-3017","","0002","새책방      ","37.5452818282398","126.832970268909","https://www.instagram.com/akoebook"
"2541","안도북스","313","마포구","마포구 월드컵북로6길 87 2층 201호","","http://blog.naver.com/ando78","0002","새책방      ","37.5602850137413","126.92257989664","https://www.instagram.com/ando_books"
"2793","알라딘 중고매장(가로수길점)","322","강남구","강남구 강남대로 152길45","1544-2514","","0001","헌책방      ","37.5183944462457","127.02298624236",""
"2794","알라딘 중고매장(강남점)","322","강남구","강남구 강남대로 438 지하 1층","1544-2514","","0001","헌책방      ","37.5016428104731","127.026336096148",""
"2795","알라딘 중고매장(강서홈플러스점)","315","강서구","강서구 화곡로 398 홈플러스강서점 4층","1544-2514","","0001","헌책방      ","37.5584699599397","126.854819012937",""
"2796","알라딘 중고매장(건대점)","304","광진구","광진구 능동로 111 지하 1층","1544-2514","","0001","헌책방      ","37.5410629132034","127.07085938264",""
"2797","알라딘 중고매장(노원역점)","310","노원구","노원구 동일로 1413 남성빌딩 지하 1층","1544-2514","","0001","헌책방      ","37.6547688511508","127.060019298479",""
"2798","알라딘 중고매장(대학로점)","300","종로구","종로구 창경궁로 236 이화빌딩 지하 1층","1544-2514","","0001","헌책방      ","37.5826436294265","126.998834230134",""
"2799","알라딘 중고매장(서울대입구역점)","320","관악구","관악구 관악로 171 지하 1층","1544-2514","","0001","헌책방      ","37.4805535066406","126.952233265214",""
"2800","알라딘 중고매장(수유점)","308","강북구","강북구 도봉로 342 2층","1544-2514","","0001","헌책방      ","37.6380345518337","127.026128675843",""
"2801","알라딘 중고매장(신림점)","320","관악구","관악구 신림로 318 청암위브 지하 1층","1544-2514","","0001","헌책방      ","37.4825754320038","126.930252917369",""
"2802","알라딘 중고매장(신촌점)","312","서대문구","서대문구 연세로 21 지하 1층","1544-2514","","0001","헌책방      ","37.5575724058679","126.936678276732",""
"2803","알라딘 중고매장(연신내점)","311","은평구","은평구 연서로 214","1544-2514","","0001","헌책방      ","37.6174450963706","126.919952107029",""
"2804","알라딘 중고매장(영등포점)","318","영등포구","영등포구 영중로 12 에쉐르 빌딩 지하 2층","1544-2514","","0001","헌책방      ","37.5176176142762","126.906506980596",""
"2805","알라딘 중고매장(이수역점)","319","동작구","동작구 사당로 310 지하 1층","1544-2514","","0001","헌책방      ","37.485015143952","126.981021812089",""
"2806","알라딘 중고매장(잠실롯데월드타워점)","323","송파구","송파구 올림픽로 305 지하 1층","1544-2514","","0001","헌책방      ","37.5149771693164","127.10421637903",""
"2807","알라딘 중고매장(잠실새내역점)","323","송파구","송파구 올림픽로 124 지하 1층","1544-2514","","0001","헌책방      ","37.5113937262815","127.084435017141",""
"2808","알라딘 중고매장(종로점)","300","종로구","종로구 삼일대로 395 지하 1층","1544-2514","","0001","헌책방      ","37.5699036176606","126.987359941594",""
"2809","알라딘 중고매장(합정점)","313","마포구","마포구 독막로 5 지하 1층","1544-2514","","0001","헌책방      ","37.5490198943184","126.914307860165",""
"2542","알지문구서점","324","강동구","강동구 고덕로 87 2층","02-481-2143","","0002","새책방      ","37.5549124257373","127.134960496916",""
"2543","알키미스타","311","은평구","은평구 응암로9길 24","02-6104-5803","https://smartstore.naver.com/alquimistar","0002","새책방      ","37.5878531253785","126.913893916158","https://www.instagram.com/alquimi_star"
"2545","얄라북스","301","중구","중구 을지로 114-6, 606호","02-2274-3331","https://studioyalla.com/","0002","새책방      ","37.5658338527593","126.990609042403",""
"2546","양곡서림","303","성동구","성동구 난계로 114-31 302호","02-722-9641","","0002","새책방      ","37.5612312466825","127.025952317395",""
"2548","양지서점","303","성동구","성동구 금호로 173 신금호파크자이상가동 24호","02-2234-2693","","0002","새책방      ","37.5562864094302","127.018152983884",""
"2547","양지서점","320","관악구","관악구 인헌6길 24","02-884-5495","","0002","새책방      ","37.4741312260839","126.965506669825",""
"2549","양현책세상","319","동작구","동작구 노량진로14길 9","02-812-9070","http://www.y-book.com/","0002","새책방      ","37.5130128840166","126.942127992596",""
"2550","어나더더블유","319","동작구","동작구 사당로30길 42","","https://blog.naver.com/shkb85","0002","새책방      ","37.4830896583872","126.980834160414","https://www.instagram.com/another_writing"
"2551","어쩌다 산책","300","종로구","종로구 동숭길 101 지하 1층","02-747-7147","","0002","새책방      ","37.5824614759455","127.004020011221","https://www.instagram.com/ujd.promenade"
"2552","어쩌다책방","313","마포구","마포구 월드컵로 19길 74","070-5121-5629","https://www.facebook.com/uhjjuhdah.bookshop","0002","새책방      ","37.5543449025345","126.906954093486","https://www.instagram.com/ujd.bookshop"
"2553","에덴서점","314","양천구","양천구 오목로 203","02-2605-8598","","0002","새책방      ","37.5257007921758","126.859953743609",""
"3021","에이포서점","319","동작구","만양로8길 68 지하1층","02-821-0158","http://www.a4book.net","0002","새책방      ","37.5104527132174","126.945805667761",""
"2555","엘지트윈문고(선덕점)","309","도봉구","도봉구 시루봉로 57 ","02-999-2117","","0002","새책방      ","37.6559311933231","127.027521712468",""
"2556","엘지트윈문고(쌍문점)","309","도봉구","도봉구 도당로 6","02-996-8324","","0002","새책방      ","37.6587118738827","127.035371175956",""
"2557","엠프티폴더스","320","관악구","관악구 행운1길 70 1호","0507-1302-4257","","0002","새책방      ","37.4817386473914","126.956547864391","https://www.instagram.com/emptyfolders"
"2558","여기서울 149쪽","301","중구","중구 서소문로6길 33","0507-1456-0192","","0002","새책방      ","37.5596795747976","126.967260378111","https://www.instagram.com/here.149p/"
"2921","여행마을","313","마포구","월드컵로17길 57 지하1층","0507-1495-8067","https://smartstore.naver.com/traveltown_book","0002","새책방      ","37.5548613535547","126.907756975663","https://www.instagram.com/traveltown_book"
"2559","역사책방","300","종로구","종로구 자하문로10길 24","02-733-8348","https://historybook.kr","0002","새책방      ","37.5792799858096","126.972846720343","https://www.instagram.com/historybook.kr"
"2810","연도서","320","관악구","관악구 남부순환로 1395 성우빌딩","02-868-2466","http://www.yeonvideo.co.kr","0001","헌책방      ","37.4804939428254","126.905746456166",""
"2561","연신내문고","311","은평구","은평구 통일로 861 범일빌딩 지하 1층","02-352-7600","http://www.ysnbook.com/","0002","새책방      ","37.619785035254","126.920193923417","https://www.instagram.com/ysnbooks"
"2562","연희서점","321","서초구","서초구 서초중앙로24길 43 유원아파트 상가 113호","02-595-9773","","0002","새책방      ","37.4959475181655","127.018985138118",""
"2563","열린문고","316","구로구","구로구 경인로47다길 4","02-2619-9724","","0002","새책방      ","37.5034259460553","126.863985002496",""
"2564","열린문고","306","중랑구","중랑구 공릉로2가길 6","02-977-9313","","0002","새책방      ","37.6124492605905","127.078762024139","https://www.instagram.com/mookdong_openbook/"
"2811","열린책방","315","강서구","강서구 등촌로35길 160 지하 1층","02-2653-7122","","0001","헌책방      ","37.5359343606602","126.862563277758",""
"2812","영광서점","300","종로구","종로구 종로58길 18","02-2252-6063","","0001","헌책방      ","37.5726983087546","127.017675642597",""
"2565","영일서점","315","강서구","강서구 등촌로 39길 7","02-2651-1893","","0002","새책방      ","37.5454830709495","126.861800376478",""
"2566","영파문고","323","송파구","송파구 올림픽로575 풍납동우체국","02-474-3700","","0002","새책방      ","37.5333450471847","127.121160080336",""
"2567","영풍문고(가산마리오점)","317","금천구","금천구 벚꽃로 266 마리오아울렛 3관 6층","02-2067-3820","","0002","새책방      ","37.4784457675388","126.885080837326",""
"2568","영풍문고(강남역점)","322","강남구","강남구 강남대로 408 YBM어학센터 2층","02-569-9070","","0002","새책방      ","37.499217028391","127.027537035005",""
"2569","영풍문고(강남포스코점)","322","강남구","강남구 테헤란로 440 포스코센터 지하 1층","02-3452-3112","","0002","새책방      ","37.5058149679709","127.056130956028",""
"2570","영풍문고(김포공항롯데점)","315","강서구","강서구 하늘길38 롯데몰 김포공항 스카이파크 GF층","02-6116-5541","","0002","새책방      ","37.5713698504776","126.80296035927",""
"2571","영풍문고(미아롯데점)","308","강북구","강북구 도봉로 62 롯데백화점 미아점 6층","02-944-2651","","0002","새책방      ","37.6145929759749","127.030517678336",""
"2572","영풍문고(사당역점)","321","서초구","서초구 방배천로 11 사당파스텔시티 지하 2층","02-3487-6213","","0002","새책방      ","37.4777007617804","126.982236074572",""
"2573","영풍문고(스타필드코엑스몰점)","322","강남구","강남구 영동대로 513 스타필드 코엑스몰 지하 1층 J101A호","02-6002-2718","","0002","새책방      ","37.5118239121138","127.059159043842",""
"2574","영풍문고(신림타임스트림점)","320","관악구","관악구 신림로 330 신림타임스트림 7층","02-889-9675  ","","0002","새책방      ","37.4838513393186","126.930234545397",""
"2575","영풍문고(여의도IFC몰점)","318","영등포구","영등포구 국제금융로 10 IFC몰 L2층","02-6137-5254","","0002","새책방      ","37.5251775245928","126.924876706923",""
"2576","영풍문고(왕십리역점)","303","성동구","성동구 왕십리광장로 17 비트플렉스 3층","02-2200-1600","","0002","새책방      ","37.5614417528647","127.038394194396",""
"2577","영풍문고(용산아이파크몰점)","302","용산구","용산구 한강대로23길 55 아이파크몰 리빙파크 3층","02-2012-0828","","0002","새책방      ","37.5297718014452","126.964741503485",""
"2578","영풍문고(종각종로본점)","300","종로구","종로구 청계천로 41 영풍빌딩 지하 1,2층","1522-2776","","0002","새책방      ","37.5696679696981","126.982179278549",""
"2579","영풍문고(홍대점)","313","마포구","마포구 양화로 161 지하 2층","02-2250-7733","","0002","새책방      ","37.5569362179065","126.923315607444","https://www.instagram.com/yp_hongdae/"
"2580","예나글방","322","강남구","강남구 삼성로 151 선경상가 지하1층 13호","02-562-4494","","0002","새책방      ","37.493154981993","127.062999980103",""
"2581","예람서점","303","성동구","성동구 고산자로 207 ","02-2292-2276","","0002","새책방      ","37.558675403262","127.033736509137",""
"2582","예림문고","315","강서구","강서구 곰달래로 227 지하 1층","02-2644-9182","","0002","새책방      ","37.5318442820234","126.858304024983",""
"2586","예일문고","309","도봉구","도봉구 노해로67길 2 지하1층","02-995-5206","","0002","새책방      ","37.6524302359464","127.050028339319",""
"2587","오에프알","300","종로구","종로구 자하문로12길 11-14","02-722-9357","https://mirabelle.shop","0002","새책방      ","37.5801412698262","126.971796038471","https://www.instagram.com/ofrseoul"
"3347","오케이어 맨션","313","마포구","와우산로11길 9-7 상수라이크 2층","0507-1474-1165","https://blog.naver.com/okermansion","0002","새책방      ","37.5485924106582","126.922447143091","https://www.instagram.com/okermansion"
"2588","오프 투 얼론(off to alone)","300","종로구","종로구 자하문로15길 26-4","","https://www.facebook.com/offtoalone","0002","새책방      ","37.5808033871182","126.969528157853","https://www.instagram.com/off_to_alone"
"2589","옥수서재","303","성동구","성동구 한림말1길 16-1 지하1층","","","0002","새책방      ","37.5427367271754","127.016413347817","https://www.instagram.com/oksubook"
"2590","온고당서점","313","마포구","마포구 월드컵북로 41","0507-1403-9313","http://ongodangbook.co.kr/","0002","새책방      ","37.557937966982","126.91811330099","https://www.instagram.com/ongodangbook/"
"2591","올오어낫싱","317","금천구","금천구 시흥대로 315 2층 204호","02-867-7595","http://allornothing.modoo.at/","0002","새책방      ","37.4609911113644","126.896265163559","https://www.instagram.com/allornothing_deardark"
"2592","와룡서적문구","302","용산구","용산구 장문로 97","02-798-0577","","0002","새책방      ","37.5262597329418","127.000398780608",""
"2593","와우북트윈점","318","영등포구","영등포구 여의대로 128 동관 지하1층","02-783-2929","","0002","새책방      ","37.5279271045092","126.929241174348",""
"2595","우리서점","322","강남구","강남구 개포로82길 13-15 남강빌딩 2층 202호","02-3411-3215","","0002","새책방      ","37.4888205064565","127.0683478467",""
"2596","우면한솔서점","321","서초구","서초구 태봉로 70 우면프라자 지하1층","02-529-5949","","0002","새책방      ","37.4645381767935","127.025583027818",""
"2984","월드매거진","322","강남구","논현로149길 75","0507-1414-6922","http://www.magazinebook.co.kr","0002","새책방      ","37.5163481312987","127.022758594327","http://www.instagram.com/worldmag.co.kr"
"2993","월드문고","307","성북구","동소문로 59 지하","02-925-4885","https://smartstore.naver.com/kimbookstore","0002","새책방      ","37.5914460851314","127.012002151894",""
"2597","월촌문고","314","양천구","양천구 목동서로 35 목동프라자 지하 1층","0507-1413-4144","","0002","새책방      ","37.5376381109502","126.882112068994",""
"3348","위례북카페 퍼스트플로어","323","송파구"," 위례광장로 270 Y동 2층 214호","0507-1385-6703","https://f1rstf1oor.modoo.at/","0002","새책방      ","37.47669596771655","127.14309642808304","https://www.instagram.com/first_floor__/"
"2598","위트 앤 시니컬","300","종로구","종로구 창경궁로 271-1 동양서림 2층","0507-1322-6015","http://witncynical.com","0002","새책방      ","37.5855682577741","127.000601419034","https://www.instagram.com/witncynical"
"2599","유어마인드","312","서대문구","서대문구 연희로11라길 10-6 2층","070-8821-8990","http://your-mind.com","0002","새책방      ","37.5683973491036","126.930303483303","https://www.instagram.com/your_mind_com"
"2600","유한서적","300","종로구","종로구 종로 258 덕성빌딩 A-6호","02-2279-5936","","0002","새책방      ","37.5706568981549","127.006479473351",""
"2601","은마서적","322","강남구","강남구 삼성로 212 은마상가 2층","02-562-7660","","0002","새책방      ","37.4996157705058","127.065915414443",""
"2602","은평문고","311","은평구","은평구 응암로 188 2층","0507-1376-5861","","0002","새책방      ","37.5896253463418","126.917380451816",""
"3330","음악플러스","321","서초구","남부순환로 317길 82-4","02-2055-2531","http://www.eumakplus.com/","0002","새책방      ","37.4831892069508","127.010718493623",""
"2603","이그잼플러스","319","동작구","동작구 노량진로14가길 16","02-823-2223","http://www.examplus.net","0002","새책방      ","37.5126013305635","126.943482559841",""
"2604","이나영책방","320","관악구","관악구 신사로 66-1 3층","0507-1498-4402","","0002","새책방      ","37.4854548599146","126.910331562456","https://www.instagram.com/nayounggam_"
"2605","이라선","300","종로구","종로구 효자로7길 5 1층","0507-1413-0908","https://smartstore.naver.com/irasun","0002","새책방      ","37.5788692727066","126.973463064976","https://www.instagram.com/irasun_official"
"2606","이레서적","322","강남구","강남구 선릉로 843 1층","02-515-3990","http://www.eraebook.co.kr","0002","새책방      ","37.5272158794107","127.040210381284","https://www.instagram.com/eraebook.co.kr"
"2607","이루리북스(구 프레드릭북스)","313","마포구","마포구 독막로 320 태영데시앙루브 오피스텔 지하1층 B105호","0507-1338-1027","https://www.frederic.co.kr/","0002","새책방      ","37.5429644969765","126.94787346379","https://www.instagram.com/yrurybooks"
"3130","이마녀 중국어 스프","313","마포구","마포구 어울마당로5길 52 2층","02-333-1314","http://hululuc.com/","0002","새책방      ","37.5500843288015","126.917980210869","https://www.instagram.com/witchlee_chinese/"
"2813","이상한 나라의 헌책방","311","은평구","은평구 서오릉로 18","070-7698-8903","http://www.2sangbook.com","0001","헌책방      ","37.6029021139208","126.926270579443",""
"2608","이후북스","313","마포구","마포구 망원로4길 24 2층","","http://blog.naver.com/now_afterbooks","0002","새책방      ","37.5556056661003","126.901941427163","https://www.instagram.com/now_afterbooks"
"2609","인덱스숍","304","광진구","광진구 아차산로 200 커먼그라운드 3층","02-2122-1259","http://smartstore.naver.com/theindexshop","0002","새책방      ","37.5410566332301","127.065669226745","https://www.instagram.com/indexshop.kr"
"2611","일단불온 ","318","영등포구","영등포구 당산로18길 16-1","0507-1324-1802","https://brunch.co.kr/@lshts0802","0002","새책방      ","37.5228020875664","126.89792593966","https://www.instagram.com/bulon0802"
"2612","일등문고","320","관악구","관악구 신림로 131 지하1층","02-2671-8434","","0002","새책방      ","37.4709501344522","126.934626158749",""
"2613","일등서점","320","관악구","관악구 신림로128 지하1층","070-4151-3007","","0002","새책방      ","37.4714874867172","126.935262030255",""
"2614","일신서점","323","송파구","송파구 송파대로38길 2-9 110호","02-419-9184","","0002","새책방      ","37.5001489959029","127.11244838162",""
"2616","일일호일","300","종로구","종로구 자하문로 52","02-737-1101","https://www.11ho1.com/ ","0002","새책방      ","37.5806468175928","126.971422023434","https://www.instagram.com/11ho1_bookshop"
"3132","잉크앤페더","321","서초구","서초구 반포대로 105 다안빌딩 지하 1,2층","02-3478-0505","https://www.inknfeather.com/","0002","새책방      ","37.4895173548362","127.008407716668","https://www.instagram.com/inknfeather/"
"2617","자각몽","300","종로구","종로구 창경궁로 297-2","0507-1314-5152","","0002","새책방      ","37.5873300280192","127.00278298725","https://www.instagram.com/artbooks_jgm"
"3206","자고로","316","구로구","구로구 신도림로 20","070-7722-7009","","0001","헌책방      ","37.5066016695447","126.878751845875",""
"2987","자매서점","304","광진구","용마산로22길 19","02-457-3078","","0002","새책방      ","37.5637245205374","127.088031440298","https://www.facebook.com/Daewonsisters"
"2618","자상한시간","320","관악구","관악구 중앙길 59","02-877-1015","https://blog.naver.com/vodvod279","0002","새책방      ","37.4848385453169","126.951621898906","https://www.instagram.com/jasanghansigan"
"2619","자연책사랑","318","영등포구","영등포구 의사당대로97"," 02-783-1949 ","","0002","새책방      ","37.522516139033","126.924586046016","https://blog.naver.com/jayun/222052792270"
"2620","작업책방 씀","313","마포구","마포구 월드컵로13길 19-17","0507-1346-6818","http://smaratore.naver.com/booknwork_sseum","0002","새책방      ","37.5552099615439","126.909284380964","https://www.instagram.com/booknwork_sseum"
"2622","장미문고","323","송파구","송파구 올림픽로35길 112","02-423-0872","","0002","새책방      ","37.5178827571707","127.101802779596",""
"2623","장안현대문고","305","동대문구","동대문구 답십리로72길 36 지하1층","02-3394-5330","","0002","새책방      ","37.5705688666081","127.073656106144",""
"2625","전농서적","305","동대문구","동대문구 사가정로 119","02-2245-2248","","0002","새책방      ","37.5779292186394","127.058271570246",""
"2626","정다운문고","313","마포구","대흥로 94 크로바빌딩","02-703-2666","","0002","새책방      ","37.5481114561943","126.942445899879",""
"2814","정연재","300","종로구","종로구 삼일대로 443","02-733-5023","","0001","헌책방      ","37.5739568012625","126.987055084503",""
"2627","정용서점","300","종로구","종로구 율곡로22길 20","02-2266-7772","","0002","새책방      ","37.5742863368675","127.005482818999",""
"2815","정은도서","301","중구","중구 청계천로 274 1층","02-2285-1784","","0001","헌책방      ","37.5694258617472","127.00804756339",""
"2816","정은서점","312","서대문구","서대문구 증가로21길 38","02-305-9201","www.jbstore.co.kr","0001","헌책방      ","37.579873721866","126.913484567834",""
"2628","정의문고","309","도봉구","도봉구 노해로49길 69-4 ","02-907-4775","","0002","새책방      ","37.6523647079499","127.032285173804",""
"2629","제로헌드레드","313","마포구","마포구 희우정로10길 33","","https://zerohundredbooks.com","0002","새책방      ","37.5533578320154","126.905782990985","https://www.instagram.com/_zerohundred_"
"2630","제일서점","300","종로구","종로 258-2 가로판매대","02-2279-7236","","0002","새책방      ","37.5706568981549","127.006479473351",""
"2632","제일서점","319","동작구","동작구 노량진로16길 30 2층","02-822-3191","http://www.jeilbook.com/","0002","새책방      ","37.5122909712444","126.943937488626",""
"2631","제일서점","318","영등포구","영등포구 의사당대로1 국회소통관"," 02-780-6306 ","","0002","새책방      ","37.5329119742768","126.916403869603",""
"2633","조은이책","313","마포구","마포구 월드컵북로27길 6","070-7617-6949 ","https://blog.naver.com/cchhoni","0002","새책방      ","37.5672451265369","126.909186139421","https://www.instagram.com/chouni.chaeg"
"3331","조이엔영","300","종로구","종로 183 효성주얼리시티 지하2층 S2016","","https://blog.naver.com/yonkihong","0002","새책방      ","37.57148427221123","126.99866879597535","https://www.instagram.com/yonkihong/"
"2634","종로문고","315","강서구","강서구 강서로 45길 39 지하1층","02-2608-4780","","0002","새책방      ","37.5478240565918","126.833972867298",""
"2635","종로서적","300","종로구","종로구 종로 51 종로타워 지하 2층","0507-1418-2331","http://jongnobooks.com","0002","새책방      ","37.5707451369668","126.983611410428","https://www.instagram.com/jongnobooks_official/"
"2636","종암문고","307","성북구","성북구 종암로 86 2층","02-915-6427","","0002","새책방      ","37.5979156954327","127.035222004671",""
"2637","종합서적","300","종로구","종로구 종로 258","02-2278-0939","","0002","새책방      ","37.571412767882","127.007576309534",""
"2817","좋은책많은데","310","노원구","노원구 공릉로43길 1 대상빌딩 지하","02-434-1716","","0001","헌책방      ","37.6261172198006","127.079335142759",""
"2638","좋은책서점","320","관악구","관악구 난곡로 184 대원빌딩 2층","02-866-7474","https://goodbookstore.modoo.at/","0002","새책방      ","37.471670222214","126.919981209825",""
"3182","주책","306","중랑구","중랑구 면목로55길 57","02-435-9990","","0002","새책방      ","37.5843350465868","127.085074247192","https://www.instagram.com/JUCHAEG/"
"2639","중곡서점","304","광진구","광진구 능동로49길 40","02-466-6235","","0002","새책방      ","37.5650201193232","127.081293310069",""
"3134","중국서점","300","종로구","종로구 종로 19 르메이에르종로타운1","02-722-4688","http://www.chinabook.co.kr/","0002","새책방      ","37.5708444878121","126.979923668151",""
"2818","중랑중고책갤러리","306","중랑구","중랑구 동일로 805-1","","","0001","헌책방      ","37.6023851358191","127.079005080165",""
"2640","중화문고","306","중랑구","중랑구 동일로 769 농협 지하 1층","02-435-2400","","0002","새책방      ","37.5990699200207","127.07957320692",""
"3183","중화서국","301","중구","중구 남대문로 52-5","02-777-0090","https://www.ichinabook.com","0002","새책방      ","37.5621198047309","126.981717024453","https://www.instagram.com/ichinabook"
"2641","지구불시착","310","노원구","노원구 화랑로 464","02-977-1318","https://smartstore.naver.com/unplannedearth","0002","새책방      ","37.6185085207012","127.078860842844","https://www.instagram.com/illruwa2"
"2642","지금의세상","319","동작구","동작구 동작대로3길 41"," ","https://smartstore.naver.com/the_present_world","0002","새책방      ","37.47866794954","126.979194712879","https://www.instagram.com/the_present_world"
"2643","지식을담다","307","성북구","성북구 고려대로24가길 17 소낭구 빌딩","02-927-8044","","0002","새책방      ","37.5853348455245","127.030463046642","https://www.instagram.com/jidambooks/"
"2644","직매도서","300","종로구","종로구 종로40길 4 A-14호","02-2273-1331","","0002","새책방      ","37.5706568981549","127.006479473351",""
"2645","진부책방스튜디오","313","마포구","마포구 잔다리로 112 2층","070-5142-1600","https://www.youtube.com/channel/UC3XomNp3nmqI4eKmXjA4lag","0002","새책방      ","37.5569989279023","126.914401261061","https://www.instagram.com/jinbubooks"
"2646","진영문고","321","서초구","서초구 방배로 60","02-3471-1997","","0002","새책방      ","37.4801734704461","126.998891788479",""
"2647","진학서점","314","양천구","양천구 목동로 177","02-2692-0481","","0002","새책방      ","37.5243130726645","126.864513740822",""
"2648","질문서점 인공위성","316","구로구","구로구 구로중앙로27가길 32","070-4642-0255","https://smartstore.naver.com/2lookbook","0002","새책방      ","37.4976052474036","126.886485187292","https://www.instagram.com/2lookbook"
"2649","차일드북앤토이","303","성동구","성동구 무학봉길 62-2","02-2294-5752","https://smartstore.naver.com/booksalang/products/5419570415","0002","새책방      ","37.5605899863266","127.029494890814",""
"2819","창문사","301","중구","중구 청계천로 274 다27호","02-2265-3227","","0001","헌책방      ","37.5694258617472","127.00804756339",""
"2650","창문서점","308","강북구","강북구 월계로 55","02-982-4943","","0002","새책방      ","37.6121806974249","127.035563978783",""
"2651","채그로","313","마포구","마포구 마포동 388-5 아리수빌딩 9층(8층, 6층)","0507-1341-0325","https://checkngrow.modoo.at","0002","새책방      ","37.5356515913359","126.944258643662","https://www.instagram.com/check_grow"
"2652","채플린문구와서점","324","강동구","강동구 천호대로219길 64","02-428-0779","","0002","새책방      ","37.5485887243222","127.17114514801",""
"2653","책가도","309","도봉구","도봉구 마들로11가길 6-25 7층","0507-1474-1386","https://pf.kakao.com/_lkBis","0002","새책방      ","37.6522203633914","127.049035628214","https://www.instagram.com/chaekgado"
"2654","책과얽힘","322","강남구","강남구 선릉로 133길 15 1층","02-542-9383","","0002","새책방      ","37.5179481227076","127.039539489816","https://www.facebook.com/EntangledwithBooks"
"2903","책그리고","321","서초구","방배천로 132","070-4001-9587","","0002","새책방      ","37.4876361916325","126.985590234255","https://www.instagram.com/booksand_cafe"
"2655","책마을서점","318","영등포구","영등포구 여의대방로 25 보라매경남아너스빌 상가113호","02-844-8086","","0002","새책방      ","37.494711675687","126.90897844388",""
"2656","책바","312","서대문구","서대문구 연희맛로 24 101호","0507-1402-5858","https://smartstore.naver.com/chaegbar","0002","새책방      ","37.5668658680696","126.930356525151","https://www.instagram.com/chaegbar "
"3137","책방 봄","310","노원구","노원구 상계로3길 38-8 3층","02-931-5601","https://blog.naver.com/books_bom","0002","새책방      ","37.6579748616037","127.063040391517","https://www.instagram.com/books.bom/"
"2660","책방 사춘기","313","마포구","마포구 월드컵북로9길 30","0507-1443-0086","https://smartstore.naver.com/sachungibook","0002","새책방      ","37.5587492991468","126.915659272985","https://www.instagram.com/sachungibook"
"3153","책방 시나브로","311","은평구","은평구 응암로25길 11-1","0507-1356-1078","https://blog.naver.com/godlovelyhs","0002","새책방      ","37.6087265339841","126.911064443475","https://www.instagram.com/littlebylittlebook/"
"3139","책방 이올시다","313","마포구","마포구 포은로 146","0507-1380-2230","https://blog.naver.com/bookshopiolsida","0002","새책방      ","37.5596289550141","126.903114128503","https://www.instagram.com/iolsida.bookshop/"
"3101","책방 죄책감","302","용산구","용산구 청파로47길 8 2층","0507-1416-1197","","0002","새책방      ","37.5449567377415","126.970020731734","https://www.instagram.com/guilty_books_/"
"2662","책방곱셈","313","마포구","마포구 성미산로29길 33","0507-1320-8063","https://blog.naver.com/bookstorethex","0002","새책방      ","37.5653409837311","126.921803965358","https://www.instagram.com/bookstorethex"
"2663","책방공책","316","구로구","연동로 287 그린빌라 상가 2층","050-5929-1076","https://blog.naver.com/paramsoldam","0002","새책방      ","37.487299878486","126.823249100217","https://www.instagram.com/bookroom_note"
"2664","책방난달","311","은평구","은평구 갈현로19길 10","0507-1340-5905","","0002","새책방      ","37.6213354931545","126.916474415231","https://www.instagram.com/bookstore.nandal/"
"2667","책방서로","313","마포구","마포구 연남로11길 46","0507-1401-1322","https://www.facebook.com/seorobooks","0002","새책방      ","37.5653498409817","126.916451280974","https://www.instagram.com/seorobooks"
"2661","책방연희","313","마포구","마포구 와우산로 35길 3 지하1층","0507-1429-5502 ","https://blog.naver.com/chaegbangyeonhui","0002","새책방      ","37.5554354735152","126.930218680507","https://www.instagram.com/chaegbangyeonhui"
"3154","책방이웃","312","서대문구","서대문구 증가로30길 29-2","02-334-4045","https://smartstore.naver.com/neighborbooks","0002","새책방      ","37.5842502887464","126.913473502667","https://www.instagram.com/neighborbooks/?hl=ko"
"2820","책방진호","319","동작구","동작구 장승배기로 164","02-815-9363","","0001","헌책방      ","37.5123125744472","126.94039831748",""
"2672","책보냥","307","성북구","성북구 성북로10가길 21","0507-1330-9814","","0002","새책방      ","37.5927192146133","127.00314439091","https://www.instagram.com/chaekbonyang"
"2821","책빵 중고서점","315","강서구","강서구 화곡로 268 대송빌딩 2층","02-400-8447","","0001","헌책방      ","37.548530711068","126.847118326189",""
"2822","책사랑","301","중구","중구 청계천로 274 다21호","02-2275-8809","","0001","헌책방      ","37.5694258617472","127.00804756339",""
"3207","책여행","309","도봉구","도봉구 창동 254-37","02-990-8664","","0001","헌책방      ","37.6529744666055","127.045251196129",""
"2673","책의기분","307","성북구","성북구 돌곶이로 9길 5-19","0507-1333-0299","","0002","새책방      ","37.6061657681713","127.061115330821","https://www.instagram.com/booksmood_/"
"2823","책의향기서점","315","강서구","강서구 화곡로51길 18","02-2608-3982","","0001","헌책방      ","37.5506770095933","126.847282220269",""
"2674","책이는당나귀","320","관악구","관악구 당곡6길 6","","https://blog.naver.com/check2dang","0002","새책방      ","37.4914769500481","126.928016690007","https://www.instagram.com/check2dang"
"2675","책익다","313","마포구","마포구 와우산로29마길 10-3 2층","0507-1391-0315","","0002","새책방      ","37.5556485023972","126.926414602646","https://www.instagram.com/book.ikda"
"2676","책인감","310","노원구","노원구 동일로 182길 63-1 2층"," 0507-1302-7286","https://blog.naver.com/lcj2020a","0002","새책방      ","37.6235918645771","127.077542009551","https://www.instagram.com/chaegingam"
"2824","책읽는마을","300","종로구","종로구 종로58길 41","02-2234-6563","","0001","헌책방      ","37.5717572313412","127.018765856837",""
"2678","책크인","313","마포구","마포구 성미산로29안길 29 2층","","https://smartstore.naver.com/checkin_books","0002","새책방      ","37.5657222278679","126.92350434288","https://www.instagram.com/checkin_books"
"2825","청계천서점","300","종로구","종로구 종로58길 41","02-2234-5976","","0001","헌책방      ","37.5717572313412","127.018765856837",""
"2680","청맥살롱","319","동작구","동작구 서달로 161-1 2층","02-822-1605","https://www.facebook.com/chmk.salon","0002","새책방      ","37.50781349616","126.962259192031","https://www.instagram.com/seodalro161_1"
"2682","초방책방","312","서대문구","서대문구 연대동문길 63","02-392-0277","http://www.chobang.com","0002","새책방      ","37.5650272920849","126.945031907423","https://www.instagram.com/chobang22"
"2683","초원서점","304","광진구","광진구 뚝섬로 672","02-453-4570","","0002","새책방      ","37.5317572764474","127.084195149306",""
"2684","초콜릿책방","312","서대문구","서대문구 연희로5길 46-11","02-332-7573","https://brunch.co.kr/magazine/chocobookshop","0002","새책방      ","37.5655502946246","126.926880369176","https://www.instagram.com/chocobookcafe"
"2685","최인아책방","322","강남구","강남구 선릉로 521","02-2088-7330","","0002","새책방      ","37.5060514084128","127.047909081076","https://www.instagram.com/inabooks"
"3022","최인아책방 GFC점","322","강남구","테헤란로 152 1층","02-561-7330","","0002","새책방      ","37.5000242405515","127.036508620542","https://www.instagram.com/inabooks__gfc"
"2995","충암서점","311","은평구","은평구 가좌로5길 8","02-375-2997","","0002","새책방      ","37.5861480823767","126.921647360098",""
"2686","카모메그림책방","303","성동구","성동구 무수막길 84"," ","https://blog.naver.com/kamomebookshop","0002","새책방      ","37.5534156083778","127.020605366631","https://www.instagram.com/kamomebookstore"
"2688","커넥티드북스토어 더 세운","300","종로구","종로구 청계천로 159 3층 외부 바열 328호","0507-1305-5475","https://smartstore.naver.com/kenektidxbookstore","0002","새책방      ","37.5692814302828","126.995239727442","https://www.instagram.com/kenektidxbookstore"
"2689","커넥티드북스토어 더 을지","301","중구","중구 을지로20길 24-13","0507-1305-5475","https://smartstore.naver.com/kenektidxbookstore","0002","새책방      ","37.5655250839274","126.995124514105","https://www.instagram.com/kenektidxbookstore"
"3201","커넥티드플래그십스토어","301","중구","중구 남대문로 67 1층","","https://m.blog.naver.com/kenektidxbookstore","0002","새책방      ","37.5634867675479","126.981530160666","https://www.instagram.com/kenektid_flagship"
"2690","케이피에스","313","마포구","마포구 월드컵북로5가길 18","02-3141-9293","","0002","새책방      ","37.5615197389636","126.919745547455",""
"2691","코믹갤러리","304","광진구","광진구 아차산로 208 상록빌딩 지하 1층","02-467-7800","https://www.comicgallery.co.kr","0002","새책방      ","37.5410609496687","127.066489240108",""
"2692","코믹시티 성신북스","307","성북구","성북구 동소문로 111 지하 1층","02-3673-0877","","0002","새책방      ","37.593398510143","127.017284229596","https://www.instagram.com/comma_comic_cafe"
"2693","코믹존","320","관악구","관악구 신림로 300 웅산빌딩 지하1층","02-872-1717","http://blog.naver.com/jsh3343","0002","새책방      ","37.4811405195858","126.930310668665","https://twitter.com/comiczone1"
"3208","코믹토토","314","양천구","양천구 은행정로 58","02-2693-2444","http://www.comictoto.com","0001","헌책방      ","37.5247570951283","126.85928161079",""
"2694","콕콕콕","316","구로구","구로구 고척로8 2층","0507-1369-3328","https://blog.naver.com/cokcokcok_book-doll","0002","새책방      ","37.4955957054704","126.840795841213","https://www.instagram.com/cokcokcok_book.doll"
"3161","쿨디가","321","서초구"," 효령로55길 22 그린빌오피스텔 401호","0507-1388-0456","","0002","새책방      ","37.4857996317481","127.014693666479","https://www.instagram.com/kuldigainseoul/"
"2695","클래식책방","303","성동구","성동구 금호산길 30-1","","","0002","새책방      ","37.5509270692375","127.019438274182","https://www.instagram.com/mydear_bookcase/"
"3221","키다리영어샵","310","노원구","노원구 노해로75길 14-26 효림빌딩 6층","0507-1413-0515","","0002","새책방      ","37.6545816567332","127.058887724656",""
"2826","토리헌책방","316","구로구","구로구 구로중앙로18길 54","02-6405-0043","","0001","헌책방      ","37.4958369122938","126.892137052623",""
"2981","톨쉽북스토어","319","동작구","노량진로6길 21 지하1층","070-4438-2006","https://blog.naver.com/tallship_bookstore","0002","새책방      ","37.5121148897426","126.935915556935","https://www.instagram.com/tallship_bookstore"
"2827","통문관","300","종로구","종로구 인사동길 55-1","02-734-4092","http://www.tongmunkwan.co.kr","0001","헌책방      ","37.5749008038661","126.983667440764",""
"3001","트립북앤스페이스","303","성동구","왕십리로 92 4층","","https://blog.naver.com/tlibbooknspace","0002","새책방      ","37.5457235011316","127.04498248872","https://www.instagram.com/tlibbooknspace"
"2697","파움스서울","300","종로구","종로구 필운대로 15-10 4층","0507-1350-9125","","0002","새책방      ","37.5778665774093","126.969104940602","https://www.instagram.com/paumsseoul/"
"2698","페이퍼 뮤즈","302","용산구","용산구 대사관로5길 25","02-6406-6818","http://papermuse.kr","0002","새책방      ","37.5353159688044","127.000290890472","https://www.instagram.com/papermuse.kr"
"3162","페잇퍼","312","서대문구","연희로 15안길 32-7","02-4619-9086","http://www.paperr.kr","0002","새책방      ","37.5702240115615","126.930429918725","https://www.instagram.com/paperr.bookshop"
"2828","평화서림","301","중구","중구 청계천로 274 다8호","02-2274-3450","","0001","헌책방      ","37.5694258617472","127.00804756339",""
"2699","포스트 포에틱스","302","용산구","용산구 이태원로54길 19","02-322-7023","https://postpoetics.kr","0002","새책방      ","37.5361092100338","127.000163832697","https://www.instagram.com/postpoetics"
"2700","푸른문고","319","동작구","동작구 상도로 56","02-823-4583","","0002","새책방      ","37.4996036470506","126.926517019484",""
"2701","풀무질","300","종로구","종로구 성균관로 19 지하 1층","02-745-8891","https://poolmoojil.com","0002","새책방      ","37.5843923430057","126.997331131799","https://www.instagram.com/poolmoojil"
"2702","프라임 서점","320","관악구","관악구 신림로 90","02-878-1138","https://book.primeedunet.com","0002","새책방      ","37.4709361714829","126.939362676994",""
"2703","프루스트의 서재","303","성동구","성동구 무수막길 56","","https://smartstore.naver.com/proustbook","0002","새책방      ","37.5512527926912","127.021937765452","https://www.instagram.com/library_of_proust"
"2901","프린터스","324","강동구","양재대로 103길67","","","0002","새책방      ","37.5337328062352","127.134190302959","https://www.instagram.com/printersprintingclub"
"2705","피스북스","300","종로구","종로구 옥인3길 5-1","02-722-2016","https://blog.naver.com/peacebooks","0002","새책방      ","37.580680120175","126.966495157786","https://www.instagram.com/peace_books "
"3349","픽셀 퍼 인치","302","용산구","한강대로 54길 7 301호","","https://smartstore.naver.com/pixel_per_inch","0002","새책방      ","37.5328390551543","126.972055752318","0507-1336-7403"
"2706","핏어팻(PIT A PAT)","300","종로구","종로구 혜화로3길5 아남아파트 상가 301동 108호","070-8820-6195","","0002","새책방      ","37.5859646059047","127.000230514994","https://www.instagram.com/pitapat_coffee_"
"3163","하우스북스","323","송파구","송파구 백제고분로 9길 5","02-6000-6675","https://blog.naver.com/hows_seoul","0002","새책방      ","37.5093823098353","127.079656267219","https://www.instagram.com/hows_seoul/"
"3023","학림문고","315","강서구","허준로 139","02-2668-2944","","0002","새책방      ","37.56521522448027","126.85566705807918",""
"2709","학문서점","306","중랑구","중랑구 용마산로 345","02-496-6646","","0002","새책방      ","37.5827531066662","127.093272357367",""
"2710","학연서점","318","영등포구","영등포구 국제금융로6길33","02-785-6623","","0002","새책방      ","37.5207908297398","126.926911965929",""
"2711","학창문고","321","서초구","서초구 서초대로26길 3","02-583-8189","","0002","새책방      ","37.487668479453","126.994539234638",""
"2713","한국서적","311","은평구","은평구 은평로9길 6 진보빌딩","02-387-4252","https://blog.naver.com/mamgobook","0002","새책방      ","37.6007456335356","126.921444638567","https://www.instagram.com/k_book.store/"
"2714","한권의 서점","300","종로구","종로구 자하문로9길 24","0504-0904-2021","http://of-onebook.com","0002","새책방      ","37.5795647684682","126.969791422707","https://www.instagram.com/of.onebook"
"2715","한글서점문구","304","광진구","광진구 뚝섬로 480","02-462-2978","","0002","새책방      ","37.536424491472","127.063547324205",""
"2716","한글파크서점","300","종로구","종로구 자하문로 300","02-561-9544","http://www.hangeulpark.com","0002","새책방      ","37.5995088831934","126.959871345199","https://www.instagram.com/hangeulparkbooks/"
"2717","한길서적","319","동작구","동작구 사당로 226 지하1층","02-588-2274","","0002","새책방      ","37.4835538098021","126.972784617704",""
"2384","한길서적 숭실대점","319","동작구","동작구 상도로 347 지하1층","02-821-2274","","0002","새책방      ","37.4975287711203","126.952928450077",""
"2718","한길서점","322","강남구","강남구 삼성로 237","02-3453-1626 ","","0002","새책방      ","37.4983516684357","127.060860100761",""
"2982","한나책방","312","서대문구","연희로11나길 7-5 2층 201호","070-4123-7778","","0002","새책방      ","37.5673863816351","126.928263810755","https://www.instagram.com/hannasbookshop"
"2719","한림사","321","서초구","서초구 청두곶길 42","0507-1371-3407","http://www.bookmarc.co.kr","0002","새책방      ","37.4803545868542","126.985476311446","https://www.instagram.com/hanlimsa_book/"
"2720","한미문화사","300","종로구","종로구 필운대로1길 21 1층","02-548-8084","http://blog.kbmyshop.com/%ED%95%9C%EB%AF%B8%EB%AC%B8%ED%99%94%EC%82%AC","0002","새책방      ","37.5776617157833","126.968179445077","https://www.instagram.com/anyitaeg/"
"2721","한미서적","323","송파구","송파구 문정동 156번지 가든파이브라이프 영관 4층","02-2157-6051","","0002","새책방      ","37.4776148442516","127.124961768886",""
"2722","한보책문구(한보문고)","324","강동구","강동구 천호대로 1194","02-473-8162","","0002","새책방      ","37.5343046329988","127.144013803921",""
"2723","한솔문고","316","구로구","구로구 고척로 202","02-2611-0455","","0002","새책방      ","37.5048584694448","126.855720451768",""
"2724","한솔문고","305","동대문구","동대문구 한천로 221 지하1층","02-2241-7978","https://booksketch.co.kr","0002","새책방      ","37.5806523429519","127.068107807922",""
"2725","한우리문고","305","동대문구","동대문구 이문로 98 지하1층","02-967-0162","http://blog.naver.com/hanwoori0162","0002","새책방      ","37.5955267877692","127.059872491157",""
"2726","한티서점","322","강남구","강남구 도곡로 415 지하1층","02-563-7821","","0002","새책방      ","37.4975429944001","127.055983067353",""
"2727","한평책빵","311","은평구","은평구 통일로 684 서울혁신파크 25동 101호","","https://blog.naver.com/hanpyeong01","0002","새책방      ","37.6094070491111","126.934953878791","https://www.instagram.com/book1kr/"
"2830","함양서림","301","중구","중구 청계천로 246 다118호","02-2272-5267","","0001","헌책방      ","37.5693683779231","127.004721112823",""
"2728","햇빛문고 목동본점","314","양천구","양천구 목동서로 355","02-2655-2444","https://www.sunnybook.co.kr/","0002","새책방      ","37.5172039705423","126.864344705052",""
"2729","햇빛문고 푸른마을점","314","양천구","양천구 신정로11길 50-2","02-2688-3588","http://www.sunnybook.co.kr","0002","새책방      ","37.5115010623127","126.838415549435",""
"2730","햇살속으로","307","성북구","성북구 정릉로 346","02-512-5272","","0002","새책방      ","37.6015245074477","127.021392078377","https://www.instagram.com/sunshinebook_seoul"
"2731","행복한글간","315","강서구","강서구 공항대로41길 51 지하1층","02-3661-6055","","0002","새책방      ","37.5602359798031","126.845776312402","https://www.instagram.com/happygulgan"
"2831","행운서점","307","성북구","성북구 종암로22길 31","02-2232-3521","http://hwbook.com","0001","헌책방      ","37.600197826922","127.035782604789",""
"2732","향기나무","318","영등포구","영등포구 신풍로 25가길 14","","https://japabook.modoo.at/","0002","새책방      ","37.5009644844052","126.918487239243","https://www.instagram.com/juniper_art_studio"
"2733","헬로인디북스","313","마포구","마포구 동교로46길 33"," ","https://blog.naver.com/indiebooks","0002","새책방      ","37.5622905805363","126.926589843395","https://www.instagram.com/helloindiebooks"
"2734","현대문고","311","은평구","은평구 은평로3길 15","02-355-8500","","0002","새책방      ","37.6003750599335","126.914950410358",""
"2544","현대서적","322","강남구","강남구 압구정로 201","02-542-3894","","0002","새책방      ","37.5315341736395","127.029273123095",""
"2735","현대서점","310","노원구","노원구 한글비석로 231 지하1층","02-951-3943 ","","0002","새책방      ","37.6482167668096","127.07631718429",""
"2736","현대서점문구","324","강동구","강동구 상암로 11 선사현대단지상가 121호","02-481-4242","","0002","새책방      ","37.5534474873056","127.125660013035",""
"2737","현대책서점","324","강동구","강동구 동남로81길 70 ","02-428-0489","","0002","새책방      ","37.5593412634802","127.153137021369",""
"2738","형제서점","316","구로구","구로구 디지털로31길 120 지하1층","02-864-0241","","0002","새책방      ","37.4884700177382","126.890773027393",""
"2739","형제책서점","314","양천구","양천구 신정로14길 1","02-2065-9790","","0002","새책방      ","37.5089902876047","126.844838543043",""
"2740","형제할인책문고","318","영등포구","영등포구 당산로 95 현대아파트 지하 1층","02-2678-7054","https://brotherbook.modoo.at","0002","새책방      ","37.5240230517218","126.894862978259",""
"2742","호박이넝쿨책","307","성북구","성북구 정릉로26가길 30","0507-1425-1719","https://cafe.naver.com/hobakbook","0002","새책방      ","37.6028349500855","127.011343649128","https://www.instagram.com/pumpkin_vege_book"
"2743","호수책장","315","강서구","강서구 강서로45길 132-14","","https://m.smartstore.naver.com/hosubookshelves","0002","새책방      ","37.5506723263197","126.831580783627","https://www.instagram.com/hosubookshelves"
"2744","홀로서기","324","강동구","강동구 동남로75길 13-25 지하1층","0507-1334-6922","","0002","새책방      ","37.5530682649558","127.155472908009",""
"3024","홈통","317","금천구","금천구 시흥대로73길 11 무지개상가 309호","0507-1380-3253","","0002","새책방      ","37.4566169360635","126.898301459536","https://www.instagram.com/hometong_20m"
"3031","홍익도서","313","마포구","동교로 148-8","02-334-4436","http://www.designbook.co.kr","0002","새책방      ","37.5550184616105","126.918628828361","https://www.instagram.com/designbook_hongik"
"2745","홍익문고","312","서대문구","서대문구 연세로 2","02-392-2020","http://cafe.naver.com/hongikbook","0002","새책방      ","37.5557853830354","126.937043755972","https://www.instagram.com/hongikmungo"
"2746","홍제문고","312","서대문구","서대문구 통일로39가길 30 지하1층","02-3217-5552","https://blog.naver.com/js3217555","0002","새책방      ","37.5889692455383","126.9442923883",""
"2747","화랑문고","310","노원구","노원구 공릉로 34길 62","02-973-8580","","0002","새책방      ","37.6233659525517","127.082121079231",""
"2748","환일서점","313","마포구","마포구 환일길 48","02-313-3156","","0002","새책방      ","37.5540912733662","126.960892410346",""
"2749","황룡서점","323","송파구","송파구 마천로 271","02-400-4501","","0002","새책방      ","37.4978050655343","127.147108511955",""
"2833","황룡서점","322","강남구","강남구 일원로3길 56","02-2226-9414","","0002","새책방      ","37.4924972743512","127.084466435195",""
"3350","회전문서재","320","관악구","조원로 2길 55 1층 4호 노란색 벽","0507-1455-7025","https://booking.naver.com/afterwork-library","0002","새책방      ","37.4812803832286","126.901379830011",""
"2834","흙서점","320","관악구","관악구 남부순환로 1916","02-884-8454","","0001","헌책방      ","37.4773592111576","126.962068186312",""
"2750","흥인서점","315","강서구","강서구 화곡로24길 40","02-2696-2320","","0002","새책방      ","37.5391829813138","126.838880842524",""
"2751","희망문고","307","성북구","성북구 성북로2길 27 삼선교 맥도날드 뒷문","02-744-9534","","0002","새책방      ","37.5895642139586","127.007180502879",""