category_id,district,name,work_time,address,phone_number,description,page_url,image_url,latitude,longitude,price
2,강북구,딕펑스×두번째달_Spice of life,2023-12-23~2023-12-23,꿈의숲 퍼포먼스홀,,"전석 45,000원",https://www.sejongpac.or.kr/portal/performance/performance/view.do?performIdx=34449&menuNo=200004,https://culture.seoul.go.kr/cmmn/file/getImage.do?atchFileId=d5e5494491b1481081180ac991c410db&thumb=Y,37.62025446,127.0443247,유료
3,강남구,서울일러스트레이션페어V.16,2023-12-21~2023-12-24,코엑스 B&D1홀,,"성인 13,000원, 청소년 8,000원",http://seoulillustrationfair.co.kr/,https://culture.seoul.go.kr/cmmn/file/getImage.do?atchFileId=cc68500bcc0a4e0f89143a5a89d5facb&thumb=Y,37.5103947,127.0611127,유료
2,마포구,2023 마포아트센터 송년콘서트 [나윤선 ANOTHER CHRISTMAS],2023-12-20~2023-12-20,마포아트센터 아트홀 맥트 ,,"R석(1층) 55,000원/ S석(2층) 35,000원",http://www.mfac.or.kr/performance/whole_view.jsp?sc_b_category=17&sc_b_code=BOARD_1207683401&pk_seq=2280&page=1,https://culture.seoul.go.kr/cmmn/file/getImage.do?atchFileId=1d32080e118249d7b74dbbeb7109611d&thumb=Y,37.54990609,126.9455338,유료
2,마포구,2023 M 송년시리즈 발레 [호두까기 인형],2023-12-15~2023-12-17,마포아트센터 아트홀맥,," R석 70,000원 S석 60,000원 A석 50,000원",https://www.mfac.or.kr/performance/whole_view.jsp?sc_b_category=17&sc_b_code=BOARD_1207683401&pk_seq=2279&page=1,https://culture.seoul.go.kr/cmmn/file/getImage.do?atchFileId=f624469769504fa6a08d8fac8646e373&thumb=Y,37.54990609,126.9455338,유료
2,종로구,"[서울시합창단 제 167회 정기연주회] 헨델, 오라토리오 메시아",2023-12-14~2023-12-15,세종체임버홀,,"전석 30,000원",https://www.sejongpac.or.kr/portal/performance/performance/view.do?performIdx=33868&menuNo=200004,https://culture.seoul.go.kr/cmmn/file/getImage.do?atchFileId=f8ac574a2e6b4e498421d4ed8438a6c7&thumb=Y,37.5726241,126.9760053,유료
2,마포구,"[2023 카즈미 타테이시 트리오 내한공연] 크리스마스, 재즈를 만나다",2023-12-10~2023-12-10,마포아트센터 아트홀 맥,,"VIP석 77,000원 / R석 66,000원 / S석 55,000원 / A석 44,000원",https://tickets.interpark.com/goods/23012376,https://culture.seoul.go.kr/cmmn/file/getImage.do?atchFileId=1d4309b7571e4ad5aab07a8811b72f91&thumb=Y,37.54990609,126.9455338,유료
2,금천구,[너나나시리즈] 국악뮤지컬 제비씨의 크리스마스,2023-12-08~2023-12-09,금나래아트홀,,전석 2만원,https://gcfac.or.kr/performance/commonView?gcfac_menu_cd=U0007&currRow=1&seq_no=3569&perDisGubun=performance&returnURI=%2Fperformance%2FcurrentList&serhDate=&serhPerforDisplay=&serhTitle=,https://culture.seoul.go.kr/cmmn/file/getImage.do?atchFileId=ae60e64ee94d456e9ee738db4debe1ea&thumb=Y,37.45715585,126.8967629,유료
2,마포구,[서울마포음악창작소] 2023 M 인디열전 ♪ EXTENSION 공연,2023-12-08~2023-12-09,마포아트센터 아트홀맥,,"티켓 R석 : 30,000원 / 티켓 S석 : 20,000원",https://www.mfac.or.kr/performance/whole_view.jsp?sc_top_str=%EC%9D%B8%EB%94%94&pk_seq=2274&page=1,https://culture.seoul.go.kr/cmmn/file/getImage.do?atchFileId=86b2edb7cbce492ebb5995c0a51c3b78&thumb=Y,37.55506905,126.9575349,유료
3,중구,서울시립미술관 [우리가 모여 산을 이루는 이야기],2023-12-07~2024-03-03,서울시립미술관 서소문본관 3층,,,https://sema.seoul.go.kr/kr/whatson/exhibition/detail?exNo=1233185,https://culture.seoul.go.kr/cmmn/file/getImage.do?atchFileId=488b87e776a044b5bf376755084cf08d&thumb=Y,37.56410607,126.9736993,무료
2,마포구,[M클래식 축제] 마포공연예술관광페스티벌 [타케자와 유토 피아노 리사이틀],2023-12-07~2023-12-07,마포아트센터 아트홀 맥,,"R석 50,000원 / S석 30,000 / A석 20,000원",https://www.mfac.or.kr/performance/whole_view.jsp?sc_b_category=17&sc_b_code=BOARD_1207683401&pk_seq=2219&page=1,https://culture.seoul.go.kr/cmmn/file/getImage.do?atchFileId=98b236d199594782b856d8529279f60f&thumb=Y,37.54990609,126.9455338,무료
2,종로구,2023 믹스드 오케스트라 Ⅱ [소리의 색채],2023-12-07~2023-12-07,세종대극장,,"VIP석 50,000원 / R석 40,000원 / S석 30,000원 / A석 20,000원",https://www.sejongpac.or.kr/portal/performance/performance/view.do?performIdx=33862&menuNo=200004,https://culture.seoul.go.kr/cmmn/file/getImage.do?atchFileId=4473862e4cef483b9cfefe7b5dfcc560&thumb=Y,37.5726241,126.9760053,유료
2,마포구,[M클래식 축제] 마포공연예술관광페스티벌 킷 암스트롱 피아노 리사이틀,2023-12-06~2023-12-06,마포아트센터 아트홀맥,,"R석 50,000원 / S석 30,000 / A석 20,000원",https://www.mfac.or.kr/performance/whole_view.jsp?sc_b_category=17&sc_b_code=BOARD_1207683401&pk_seq=2218&page=1,https://culture.seoul.go.kr/cmmn/file/getImage.do?atchFileId=a746bbf37f4d439aa5a2711e6fbd6e54&thumb=Y,37.54990609,126.9455338,유료
2,마포구, M 아티스트 2023 김도현 피아노 리사이틀 II,2023-12-05~2023-12-05,마포아트센터 아트홀맥,," VIP석 55,000원, R석 44,000원, S석 33,000원",https://www.mfac.or.kr/performance/whole_view.jsp?sc_b_category=17&sc_b_code=BOARD_1207683401&pk_seq=2176&page=1,https://culture.seoul.go.kr/cmmn/file/getImage.do?atchFileId=6a59720cd9c34bbfa056eb6b5031f809&thumb=Y,37.54990609,126.9455338,유료
2,강동구,선우예권&국립슬로박필하모닉오케스트라,2023-12-02~2023-12-02,강동아트센터 대극장 한강,,"R석 100,000원 S석 70,000원 A석 50,000원",http://www.gdfac.or.kr/web/lay2/program/S1T204C211/show/view.do?show_seq=1968&cpage=1&rows=999&keyword=&place=&start_dt=&end_dt=,https://culture.seoul.go.kr/cmmn/file/getImage.do?atchFileId=7073489c754345da815a4e636546e3e5&thumb=Y,37.55122046,127.1573425,유료
2,송파구,[서울시립교향악단] 2023 서울시향 얍 판 츠베덴의 베토벤 삼중 협주곡 ①,2023-11-30~2023-11-30,롯데콘서트홀,,"R 100,000원 S 80,000원 A 50,000원 B 30,000원 C 10,000원",https://www.seoulphil.or.kr/perf/view?perfNo=5265&calendarDate=2023/11/30&langCd=ko&menuFlag=MFLG0001,https://culture.seoul.go.kr/cmmn/file/getImage.do?atchFileId=73ccd83795f545fcb3afaf5442103d6e&thumb=Y,37.51375196,127.1044469,유료
2,종로구,"2023 국악대학전 내일의 예인 홍솔휘, 이가현가단",2023-11-30~2023-11-30,서울돈화문국악당,,"전석 12,000원",https://sdtt.or.kr/user/program/2023/11/1416,https://culture.seoul.go.kr/cmmn/file/getImage.do?atchFileId=367a96863d1245458830744b8f7e63d1&thumb=Y,37.57725028,126.9907307,유료
2,종로구,"2023 국악대학전 내일의 예인 윤주연, 신별하",2023-11-29~2023-11-29,서울돈화문국악당,,"전석 12,000원",https://sdtt.or.kr/user/program/2023/11/1415,https://culture.seoul.go.kr/cmmn/file/getImage.do?atchFileId=41959de77816426aa89074292654057f&thumb=Y,37.57725028,126.9907307,유료
2,종로구,뮌헨 필하모닉 내한공연,2023-11-29~2023-11-29,세종대극장,,"VIP 330,000원 R석 250,000원 S석 180,000원 A석 100,000원 B석 40,000원",https://www.sejongpac.or.kr/portal/performance/performance/view.do?performIdx=33856&menuNo=200004,https://culture.seoul.go.kr/cmmn/file/getImage.do?atchFileId=9343e03c1a004b1ab65d60f06f640b75&thumb=Y,37.5726241,126.9760053,유료
3,종로구,2023 세종미술관 기획전시 [필묵변혁-송수남 황창배],2023-11-28~2024-01-14,"세종미술관 1관,세종미술관 2관",,"성인 5,000원 / 청소년(2005~2010년생) 3,000원 / 어린이(2011~2019년생) 2,000원",https://www.sejongpac.or.kr/portal/performance/performance/view.do?performIdx=34652&menuNo=200004,https://culture.seoul.go.kr/cmmn/file/getImage.do?atchFileId=0f0c5c48fc4548cb8de9aedaec452d53&thumb=Y,37.5726241,126.9760053,유료
2,구로구,브런치콘서트 [이달의 공연] 11월 클래식과 재즈의 더 배틀,2023-11-28~2023-11-28,구로아트밸리 예술극장,,"전석 10,000원 / 단체10인 이상 할인 20% (전화예매필수)",https://www.guroartsvalley.or.kr/user/performance/performanceView.do?performanceSeq=3673&page=1,https://culture.seoul.go.kr/cmmn/file/getImage.do?atchFileId=78c250f20537440cbbdf2f085f20a1c7&thumb=Y,37.49655847,126.8889639,유료
2,종로구,"2023 국악대학전 내일의 예인 김은유, 이수흔",2023-11-28~2023-11-28,서울돈화문국악당,,"전석 12,000원",https://sdtt.or.kr/user/program/2023/11/1414,https://culture.seoul.go.kr/cmmn/file/getImage.do?atchFileId=58e6876f57404801b13832b3e19d7813&thumb=Y,37.57725028,126.9907307,유료
2,중구,[중구문화재단] 월요극장4 - 뷰티풀 데이즈 with V.O.S,2023-11-27~2023-11-27,충무아트센터 중극장 블랙,,"전석 10,000원",https://www.caci.or.kr/caci/performance/view.do?menuNo=200006&pblprfrId=1500,https://culture.seoul.go.kr/cmmn/file/getImage.do?atchFileId=9403239c46af4976bbb8eca04f5846ce&thumb=Y,37.56594097,127.0147909,유료
2,영등포구,[영등포문화재단] 가족극장 뮤지컬 앤ANNE,2023-11-24~2023-11-25,영등포아트홀,,"전석 20,000원",https://www.ydpcf.or.kr/artexhibit/view.do?id=340,https://culture.seoul.go.kr/cmmn/file/getImage.do?atchFileId=112b480647624c63b325fac76d1100f8&thumb=Y,37.5262451,126.9001286,유료
2,구로구,[구로문화재단 팝페라 콘서트] 팝페라 그룹 포엣,2023-11-24~2023-11-24,오류아트홀,,"전석 20,000원",https://www.guroartsvalley.or.kr/user/performance/performanceView.do?performanceSeq=3688&page=1,https://culture.seoul.go.kr/cmmn/file/getImage.do?atchFileId=c54b44e3c1ca40cf8213cb68176314aa&thumb=Y,37.49535812,126.8460358,유료
2,송파구,[서울시립교향악단] 2023 서울시향 얍 판 츠베덴의 쇼스타코비치 교향곡 5번 ①,2023-11-23~2023-11-24,롯데콘서트홀,,"R 120,000원 S 90,000원 A 60,000원 B 30,000원 C 10,000원",https://www.seoulphil.or.kr/perf/view?perfNo=5261&calendarDate=2023/11/23&langCd=ko&menuFlag=MFLG0001,https://culture.seoul.go.kr/cmmn/file/getImage.do?atchFileId=bc5dd1ec7d68459e958eda828ddf8ff0&thumb=Y,37.51375196,127.1044469,유료
2,강북구,[강북문화재단] 마티네콘서트 Ⅲ 유니크클래식 with 반도네온 (고상지),2023-11-22~2023-11-22,강북진달래홀,,"전석 20,000원 (강북구민 할인 50%)",https://www.gbcf.or.kr/load.asp?subPage=110.View&page=1&idx=183,https://culture.seoul.go.kr/cmmn/file/getImage.do?atchFileId=d74696cb832546498275c921397d7036&thumb=Y,37.64090255,127.0132564,유료
2,강동구,"이고르 레비트, 피아노 리사이틀",2023-11-22~2023-11-22,강동아트센터 대극장 한강,,"R석 90,000원 S석 70,000원 A석 50,000원",http://www.gdfac.or.kr/web/lay2/program/S1T204C211/show/view.do?show_seq=1975&cpage=1&rows=999&keyword=&place=&start_dt=&end_dt=,https://culture.seoul.go.kr/cmmn/file/getImage.do?atchFileId=5e038a40312b4c4490f7e12d75838c61&thumb=Y,37.55122046,127.1573425,유료
2,중구,뮤지컬 [몬테크리스토],2023-11-21~2024-02-25,충무아트센터 대극장,,"VIP석 17만원, R석 14만원, S석 11만원, A석 8만원",https://www.caci.or.kr/caci/performance/view.do?menuNo=200006&pblprfrId=1501,https://culture.seoul.go.kr/cmmn/file/getImage.do?atchFileId=859e1d3b1cb349f381b7a90c85fab820&thumb=Y,37.56594097,127.0147909,유료
2,종로구,2023 이병우 기타 콘서트 -  다가오는 심장 소리,2023-11-18~2023-11-19,세종문화회관 S씨어터,,"전석 77,000원",https://www.ticketlink.co.kr/product/46340,https://culture.seoul.go.kr/cmmn/file/getImage.do?atchFileId=9646bb15bf734cc7916258b5bfe61cd9&thumb=Y,37.5726241,126.9760053,유료
2,종로구,완창여정프로젝트 : 이해원의 심청가 판소리공장 바닥소리,2023-11-18~2023-11-18,서울돈화문국악당 공연장,,"전석 20,000원",https://sdtt.or.kr/user/program/2023/11/1408,https://culture.seoul.go.kr/cmmn/file/getImage.do?atchFileId=5cb07053829247dd8faf7c4805460fba&thumb=Y,37.57725028,126.9907307,유료
2,종로구,[서울시립교향악단] 2023 서울시향 실내악 시리즈 IV : 관악 앙상블,2023-11-18~2023-11-18,세종문화회관 체임버홀,,"R 50,000원 S 30,000원 A 10,000원",https://www.seoulphil.or.kr/perf/view?perfNo=5302&calendarDate=2023/11/18&langCd=ko&menuFlag=MFLG0001,https://culture.seoul.go.kr/cmmn/file/getImage.do?atchFileId=564c43f27839480a8c64a491ac6fd371&thumb=Y,37.5726241,126.9760053,유료
2,마포구, 차이코프스키 동화음악극 [미녀와 야수],2023-11-18~2023-11-18,마포아트센터 아트홀 맥,," R석 50,000원 S석 40,000원 A석 30,000원",https://www.mfac.or.kr/performance/whole_view.jsp?sc_top_str=%EB%AF%B8%EB%85%80&pk_seq=2267&page=1,https://culture.seoul.go.kr/cmmn/file/getImage.do?atchFileId=a15339dbdd41460787de9733beb70261&thumb=Y,37.54990609,126.9455338,유료
2,금천구,[금천문화재단] 오셀로와 이아고,2023-11-16~2023-11-17,금나래아트홀,,전석 2만원,https://gcfac.or.kr/performance/commonView?gcfac_menu_cd=U0007&currRow=1&seq_no=3566&perDisGubun=performance&returnURI=%2Fperformance%2FcurrentList&serhDate=&serhPerforDisplay=&serhTitle=,https://culture.seoul.go.kr/cmmn/file/getImage.do?atchFileId=6e03a7bcfd86498e84df2fae2cb4b8f2&thumb=Y,37.45715585,126.8967629,유료
5,금천구,"[온라인특강] 출산휴가, 육아휴직 즉문즉답",2023-11-16~2023-11-16,온라인 특강(ZOOM강의),,"임신, 출산, 유아기 노동법 관련 궁금증을 해결하고, 엄마 아빠가 아이 키우기 좋은 도시 '서울'을 만들기 위해 노력합니다. ",https://gworkingmom.net/program/regulars/87,https://culture.seoul.go.kr/cmmn/file/getImage.do?atchFileId=a5816419a79345de806d367ba0741b63&thumb=Y,37.47619002,126.8837237,무료
5,용산구,[서울생활문화센터 서교] 인문학정원 20세기 일본만화사,2023-11-16~2023-11-16,서울생활문화센터 서교 스퀘어,,,https://seogyocenter.or.kr/programall/?idx=362,https://culture.seoul.go.kr/cmmn/file/getImage.do?atchFileId=2331b2ae1f67448c83422d23b65acbca&thumb=Y,37.55080217,126.9167159,무료
2,용산구,2023 우리소리의 맥(脈)을 찾아서 특별기획 국악공연,2023-11-16~2023-11-16,동자아트홀 (서울역 건너편 KDB 건물 지하 2층),,,http://seoulccf.or.kr/festival/festivalView?festival_seq=59&gcfac_menu_cd=U0202&choisMonth=11&choisYear=2023,https://culture.seoul.go.kr/cmmn/file/getImage.do?atchFileId=914e578f7d4e4f7d892c81c9eee6f084&thumb=Y,37.55167943,126.9729051,무료
2,성동구,11월 문화가 흐르는 청계천의 밤,2023-11-15~2023-11-15,청계천박물관 3층 강당,,,https://museum.seoul.go.kr/cgcm/board/NR_boardList.do?bbsCd=1018,https://culture.seoul.go.kr/cmmn/file/getImage.do?atchFileId=1d239887dc1347339596670958e5d651&thumb=Y,37.57126617,127.0350432,무료
2,서초구,[서초문화재단] 뮤지컬 나도 해피엔딩을 쓰고 싶어,2023-11-14~2023-11-25,서초문화재단 반포심산아트홀,,"전석 5만 5천원 (서초구민 60%/ 서초문화재단 홈페이지 회원, 학생, 경로 50% / 조기예매, 재관람 40%)",https://www.seochocf.or.kr/site/main/seocho/show/view?show_idx=633,https://culture.seoul.go.kr/cmmn/file/getImage.do?atchFileId=3bc80614a07141cc82265492deabdd8c&thumb=Y,37.49883446,126.9912425,유료
2,강북구,[서울시립교향악단] 2023 서울시향  우리동네 음악회(실내악),2023-11-14~2023-11-14,강북문화재단 북서울 꿈의숲,,,https://www.seoulphil.or.kr/perf/view?perfNo=5909&calendarDate=2023/11/14&langCd=ko&menuFlag=MFLG0001,https://culture.seoul.go.kr/cmmn/file/getImage.do?atchFileId=b325166d7dc0438ba9e49d18c92fce3c&thumb=Y,37.64090255,127.0132564,무료
5,종로구,[2023년도 플레이업 아카데미 모집] 신체훈련 아카데미 [나에게 맞는 워밍업 루틴 만들기],2023-11-13~2023-12-01,서울연극센터,,,https://www.sfac.or.kr/participation/sfac_program.do?pageIndex=&eduMstSeq=33222&eduScheSeq=&mode=VIEW&mstStatus=&eduGubunSel=,https://culture.seoul.go.kr/cmmn/file/getImage.do?atchFileId=6286adde42a34798b90bd0c740a7f326&thumb=Y,37.5833444,127.0013025,무료
5,양천구,[양천구청] 건강힐링센터 2023년 11월 원데이해빛 원데이 힐링프로그램,2023-11-13~2023-11-17,양천구 건강힐링문화관 3층,,"5,000원/1인",https://www.yangcheon.go.kr/site/healing/ex/bbs/View.do?cbIdx=1046&bcIdx=280976&parentSeq=280976,https://culture.seoul.go.kr/cmmn/file/getImage.do?atchFileId=9227c4aa1ee1408fa81e26013b332199&thumb=Y,37.51757901,126.8458736,유료
5,강서구,2023 서울식물원 국제심포지엄,2023-11-13~2023-11-13,서울식물원 식물문화센터 지하 1층 메인홀,,,https://botanicpark.seoul.go.kr/front/board/newsView.do?sn=11522&searchCondition=&searchKeyword=&pageIndex=1,https://culture.seoul.go.kr/cmmn/file/getImage.do?atchFileId=8b603d49189a4bc8ba0b3162e610a49a&thumb=Y,37.56965709,126.8350072,무료
5,노원구,[서울시립과학관] 11월 가족과 함께하는 바이오랩,2023-11-11~2023-11-25,서울시립과학관 3층 1교육실,,"1인당 10,000원",https://science.seoul.go.kr/program/science/read?menuId=14&progMstId=671,https://culture.seoul.go.kr/cmmn/file/getImage.do?atchFileId=e242733fb7894b32bd5b80d7d7b993f8&thumb=Y,37.64199411,127.0774371,유료
5,양천구,[서울시청] 가족 스케이팅 교실,2023-11-11~2023-11-25,목동 아이스링크장,,1인당 1만원 ※ 저소득층 면제,https://www.seoulsports.or.kr/user/citizenAction/userCitizenProgramList.do?citizenParam=skating,https://culture.seoul.go.kr/cmmn/file/getImage.do?atchFileId=024a24d8dfc04393aa5ba1c0b10bcef7&thumb=Y,37.53072795,126.8792335,유료
5,도봉구,[삼각산시민청] 2023년 시민기획단 연계 하반기 프로그램,2023-11-11~2023-11-18,"삼각산시민청 1, 2동",,,https://sg.seoulcitizenshall.kr/?r=sg&m=reserve&cate=%EC%A0%84%EC%B2%B4&catesub=&mod=view&p=1&uid=1728&catepro=1,https://culture.seoul.go.kr/cmmn/file/getImage.do?atchFileId=3cd5cdb7786a4e08ba70e175d21671a9&thumb=Y,37.65589083,127.0135632,무료
3,중구,[시민청 공간공모 지원사업] 장소기억법,2023-11-11~2023-11-17,서울시청 시민청 시민청갤러리,,,https://www.seoulcitizenshall.kr/?r=sch&m=program2&cate=&ing=active&sort=uid&mod=view&p=1&uid=2733,https://culture.seoul.go.kr/cmmn/file/getImage.do?atchFileId=d168a4e48a5a4fb8b167dd5c1a644190&thumb=Y,37.566635,126.978675,무료
5,도봉구,[2023 민주시민 아카데미] 2회차-세상은 묘지 위에 세워져 있다 ,2023-11-11~2023-11-11,"김근태기념도서관 2층 '공간,마루'",,,https://www.unilib.dobong.kr/edusat/view.do?edu_idx=4133&prepage=%2Fedusat%2Flist.do%3Fsh_ct_idx%3D83,https://culture.seoul.go.kr/cmmn/file/getImage.do?atchFileId=999545cff78c4b2586d1474e3a2e5f2a&thumb=Y,37.68766744,127.0440199,무료
2,강남구,제 20회 위튜티 윈드오케스트라 정기연주회,2023-11-11~2023-11-11,광림아트센터 장천홀,,,http://www.klarts.kr/concert/37040,https://culture.seoul.go.kr/cmmn/file/getImage.do?atchFileId=3f4d62c3d81c4c5c84ca1ae18d8c59b0&thumb=Y,37.52435576,127.025985,무료
2,성동구,[2023 성동문화마당] 소월아트홀에서 떠나는 국내 여행 콘서트,2023-11-11~2023-11-11,소월아트홀,,"전석 30,000원",https://www.sdfac.or.kr/kor/sdfac/performance/plan_view.do?p_idx=948&page=1&p_kind=&s_idx=&s_keyword=,https://culture.seoul.go.kr/cmmn/file/getImage.do?atchFileId=fe9f6d0ed27b4960bf6b25d24b81565b&thumb=Y,37.5593204,127.036016,유료
2,중구,[시민청] 2023 바스락콘서트 11월 공연,2023-11-11~2023-11-11,서울시청 시민청 지하2층 바스락홀,,,https://www.seoulcitizenshall.kr/?r=sch&m=program2&cate=&ing=active&sort=uid&mod=view&p=1&uid=2670,https://culture.seoul.go.kr/cmmn/file/getImage.do?atchFileId=3d897e515f26417886641ebbaa7305e5&thumb=Y,37.566635,126.978675,무료
2,강동구,"[2023 카즈미 타테이시 트리오 내한공연] 지브리, 재즈를 만나다(서울 강동)",2023-11-11~2023-11-11,강동아트센터 대극장 한강,,"VIP석 77,000원 / R석 66,000원 / S석 55,000원",https://tickets.interpark.com/goods/23010469,https://culture.seoul.go.kr/cmmn/file/getImage.do?atchFileId=e96a8ee94fab47d59a00d84cfb25c25d&thumb=Y,37.551449,127.157598,유료
5,송파구,[서울역사편찬원] 11월 엄마아빠와 함께하는 교과서 역사기행,2023-11-11~2023-11-11,집결장소 : 서울올림픽공원 북2문 주차장 (08:20까지 집결),,,https://history.seoul.go.kr/bbsctt/view.do?bbscttSn=2310160001&sc_bbsctt_field_sn=0009&key=2210200020&sc_custom1=Y&pageIndex=1&orderBy=bbscttOrdr+desc&sc_cate=&sc_bbsctt_adit_iem_cn=&sc=&sw=,https://culture.seoul.go.kr/cmmn/file/getImage.do?atchFileId=540579e395ff4a07961d87dd2816bf52&thumb=Y,37.52053406,127.1208128,무료
2,종로구,"[서울돈화문국악당] 길, Tea, Pleasure 월드뮤직그룹 공명",2023-11-11~2023-11-11,서울돈화문국악당,,,https://sdtt.or.kr/user/program/2023/11/1412,https://culture.seoul.go.kr/cmmn/file/getImage.do?atchFileId=73f0c43b7ed94399964e82d6b8823e10&thumb=Y,37.57725028,126.9907307,무료
3,노원구,[서울생활사박물관] 서울 외식 이야기-오늘 뭐 먹지?,2023-11-10~2024-03-31,서울생활사박물관 기획전시실,,,https://museum.seoul.go.kr/sulm/board/NR_boardView.do?bbsCd=1002&seq=20231023174455889,https://culture.seoul.go.kr/cmmn/file/getImage.do?atchFileId=48e951eb7fe6402e8b025eabc10158b9&thumb=Y,37.62017392,127.0769362,무료
3,중구,서울융합예술페스티벌 [언폴드엑스(Unfold X) 2023: 달로 가는 정거장],2023-11-10~2023-12-13,문화역서울284 본관 (서울 중구 통일로 1),,,https://www.sfac.or.kr/participation/sfac_program.do?pageIndex=&eduMstSeq=33218&eduScheSeq=&mode=VIEW&mstStatus=&eduGubunSel=,https://culture.seoul.go.kr/cmmn/file/getImage.do?atchFileId=91d21d599bb24f38912a5aeb038fcbf3&thumb=Y,37.55605818,126.9721159,무료
3,광진구,[광진문화재단] 나루의 발견 공존(共存),2023-11-10~2023-12-09,나루아트센터 전시실,,"1,000원",https://tickets.interpark.com/goods/23013898,https://culture.seoul.go.kr/cmmn/file/getImage.do?atchFileId=df99758ce6a5411f90e58cf19dbb95be&thumb=Y,37.53782227,127.0704338,유료
2,종로구,연극 [생일파티],2023-11-10~2023-11-12,대학로 이음센터5층 이음아트홀,,"일반 30,000원  어린이/청소년 10,000원 장애인(동반 1인) 15,000원  예술인 15,000원",https://tickets.interpark.com/goods/23013942,https://culture.seoul.go.kr/cmmn/file/getImage.do?atchFileId=cf8c46bec61e4e0e9ec77c58c03d115d&thumb=Y,37.58118995,127.0023986,유료
2,구로구,2023 서울시 찾아가는 유랑극단 [밥을 먹다],2023-11-10~2023-11-10,오류아트홀,,,https://www.guroartsvalley.or.kr/user/performance/performanceView.do?performanceSeq=3695&page=1,https://culture.seoul.go.kr/cmmn/file/getImage.do?atchFileId=afaaed5910014a13be82e2fe75f5f5d4&thumb=Y,37.49535812,126.8460358,무료
2,성동구,[2023 성동문화마당] 미술관으로 떠나는 해외 여행 콘서트,2023-11-10~2023-11-10,소월아트홀,,"전석 30,000원",https://www.sdfac.or.kr/kor/sdfac/performance/plan_view.do?p_idx=947&page=1&p_kind=&s_idx=&s_keyword=,https://culture.seoul.go.kr/cmmn/file/getImage.do?atchFileId=310a20546f3f4e7098a12c7d226abc77&thumb=Y,37.5593204,127.036016,유료
5,마포구,[마포구립서강도서관 11월] 2023년 읽는 인간 호모부커스 Ⅳ [사랑의 기술],2023-11-09~2023-11-30,서강도서관 3층 세미나실,,,https://mplib.mapo.go.kr/sglib/MENU1199/PGM3028/eventDetail.do?currentPageNo=1&eventSn=7607,https://culture.seoul.go.kr/cmmn/file/getImage.do?atchFileId=e946c6dfdc7948c99e7ec1798a1fcef4&thumb=Y,37.5477397,126.9320894,무료
2,중구,[서울시립교향악단] 2023 퇴근길 토크 콘서트 Ⅲ : 음악으로 기억되는 영화 ②,2023-11-09~2023-11-09,대한성공회 서울주교좌성당,,"전석 10,000원",https://www.seoulphil.or.kr/perf/view?perfNo=5891&calendarDate=2023/11/01&langCd=ko&menuFlag=MFLG0001,https://culture.seoul.go.kr/cmmn/file/getImage.do?atchFileId=a8b21a37707c4f36a6d1576b74d767c3&thumb=Y,37.56751002,126.9753337,유료
3,종로구,워너브러더스 100주년 셀러브레이션,2023-11-08~2024-03-31,DDP 뮤지엄 전시1관(지하2층),,"성인(만19세-64세)20,000원 어린이/청소년(만7세-18세 이하)15,000원",https://ddp.or.kr/index.html?menuno=239&siteno=2&bbsno=495&boardno=15&bbstopno=495&act=view&subno=,https://culture.seoul.go.kr/cmmn/file/getImage.do?atchFileId=1cfdb2ececfa440fa57d389742ce924e&thumb=Y,37.56681313,127.0096257,유료
3,종로구,DDP 협력전시 [PUSH KEYSTONE: 당신의 정체성을 입력하세요.],2023-11-08~2023-11-16,동대문디자인플라자(DDP) 뮤지엄 둘레길A,,,https://ddp.or.kr/index.html?menuno=239&siteno=2&bbsno=497&boardno=15&bbstopno=497&act=view&subno=,https://culture.seoul.go.kr/cmmn/file/getImage.do?atchFileId=1947352858a24e25ba060f0e6d61f9f6&thumb=Y,37.56681313,127.0096257,무료
5,중구,2023 서울유니버설디자인 DAY [UD-DAY],2023-11-08~2023-11-08,동대문디자인플라자(DDP) 디자인랩 1층 D-숲,,,https://ddp.or.kr/index.html?menuno=239&siteno=2&bbsno=601&boardno=16&bbstopno=601&act=view&subno=,https://culture.seoul.go.kr/cmmn/file/getImage.do?atchFileId=be9dfd315e9542eb98c7ffbeb7a5a8e2&thumb=Y,37.56681313,127.0096257,무료
2,서초구,해설이 있는 발레 [호두까기 인형],2023-11-08~2023-11-08,서초문화재단 반포심산아트홀,,"전석 1만4천원(서초구민, 서초문화재단 홈페이지 회원, 학생 50% 할인)",https://www.seochocf.or.kr/site/main/seocho/show/view?show_idx=544,https://culture.seoul.go.kr/cmmn/file/getImage.do?atchFileId=0936390951674a3f8e882c8044daa416&thumb=Y,37.49883446,126.9912425,유료
2,서초구,[서초문화재단] 해설이 있는 발레 [호두까기 인형],2023-11-08~2023-11-08,반포심산아트홀,,"현장 전석 14,000원, 온라인 무료",https://www.seochocf.or.kr/site/main/seocho/show/view?show_idx=544,https://culture.seoul.go.kr/cmmn/file/getImage.do?atchFileId=9d08fcd9c57f4a7a9b38c66a37cfc74d&thumb=Y,37.49883446,126.9912425,유료
3,중구,[시민청 공간공모 지원사업] knitting the light,2023-11-07~2023-11-13,서울시청 시민프라자B(지하 1층),,,https://www.seoulcitizenshall.kr/?r=sch&m=program2&cate=&ing=active&sort=uid&mod=view&p=1&uid=2732,https://culture.seoul.go.kr/cmmn/file/getImage.do?atchFileId=c753e9f6a85f4b59914be968f6ca4685&thumb=Y,37.566635,126.978675,무료
2,마포구,제13회 서울배리어프리영화제,2023-11-07~2023-11-11,한국영상자료원 시네마테크KOFA,,,https://baff.or.kr/,https://culture.seoul.go.kr/cmmn/file/getImage.do?atchFileId=da5a33045fb84822957f1170f2581b04&thumb=Y,37.58045107,126.8898935,무료
2,서초구,"Piano Dynamism_김종윤, 양윤희, 김기경",2023-11-07~2023-11-07,서초문화재단 반포심산아트홀,,"전석 1만원(서초구민 60%/ 서초문화재단 홈페이지 회원, 학생, 경로 50%)",https://www.seochocf.or.kr/site/main/seocho/show/view?show_idx=632,https://culture.seoul.go.kr/cmmn/file/getImage.do?atchFileId=fe347aebde394a9cae90a9528082c236&thumb=Y,37.49883446,126.9912425,무료
2,중구,[서울시립교향악단] 2023 퇴근길 토크 콘서트 Ⅲ : 음악으로 기억되는 영화 ①,2023-11-07~2023-11-07,정동제일교회,,"전석 10,000원",https://www.seoulphil.or.kr/perf/view?perfNo=5889&calendarDate=2023/11/01&langCd=ko&menuFlag=MFLG0001,https://culture.seoul.go.kr/cmmn/file/getImage.do?atchFileId=0ab28fb5732d4c02b3f69734d1ea3925&thumb=Y,37.56518302,126.9724498,유료
2,마포구,[마포문화재단] 2023 방방곡곡 문화공감사업 [모던가곡] #6. 첫사랑,2023-11-07~2023-11-07,마포아트센터 플레이 맥,,"20,000원",https://www.mfac.or.kr/performance/whole_view.jsp?sc_top_str=%EB%AA%A8%EB%8D%98&pk_seq=2233&page=1,https://culture.seoul.go.kr/cmmn/file/getImage.do?atchFileId=3f1e3022567c4dd8a3f92bdae604028f&thumb=Y,37.54990609,126.9455338,유료
2,종로구,서울시여성콘서트합창단 제6회 정기연주회,2023-11-07~2023-11-07,M시어터,,"R석 5만원, S석 3만원",http://pf.kakao.com/_uximUxj/102195073,https://culture.seoul.go.kr/cmmn/file/getImage.do?atchFileId=abf43c2b5f174f9a9ec27304a16dfb64&thumb=Y,37.5726241,126.9760053,유료
3,중구,[시민청 공간공모 지원사업] 드로잉 사진 - 신청곡,2023-11-06~2023-11-11,서울시청 시민청 시민플라자A (지하 1층),,,https://www.seoulcitizenshall.kr/?r=sch&m=program2&cate=&ing=active&sort=uid&mod=view&p=1&uid=2730,https://culture.seoul.go.kr/cmmn/file/getImage.do?atchFileId=35d4ff124a584d63ba06d61fbf741572&thumb=Y,37.566635,126.978675,무료
2,강남구,"[2023 카즈미 타테이시 트리오 내한공연] 지브리, 재즈를 만나다(서울 강남)",2023-11-06~2023-11-06,광림아트센터 장천홀,,"VIP석 77,000원 R석 66,000원 S석 55,000원",https://tickets.interpark.com/goods/23009987,https://culture.seoul.go.kr/cmmn/file/getImage.do?atchFileId=e2c9ff153d4e4db5b9d6fa34198a863d&thumb=Y,37.52435576,127.025985,유료
2,서초구,"Piano Dynamism_정다현, 박진우, 이정은, 신민철",2023-11-06~2023-11-06,서초문화재단 반포심산아트홀,,"전석 1만원(서초구민 60%/ 서초문화재단 홈페이지 회원, 학생, 경로 50%)",https://www.seochocf.or.kr/site/main/seocho/show/view?show_idx=631,https://culture.seoul.go.kr/cmmn/file/getImage.do?atchFileId=7455ef49b6bb4a8da8c957592a592f2c&thumb=Y,37.49883446,126.9912425,유료
5,노원구,[서울시립과학관] 청소년 과학교육 프로그램 Science trip,2023-11-05~2023-11-26,서울시립과학관 교육실,,"강좌당 10,000원 (개별강좌 선택 신청)",https://science.seoul.go.kr/program/science/read?menuId=14&progMstId=668,https://culture.seoul.go.kr/cmmn/file/getImage.do?atchFileId=1c7d28e8d47b41898fe920a838021708&thumb=Y,37.64199411,127.0774371,유료
2,송파구,2023 한성백제박물관 사계콘서트 [겨울],2023-11-04~2023-12-16,한성백제박물관 한성백제홀,,,https://baekjemuseum.seoul.go.kr/module/index.jsp?boardid=a&code=EV&mmode=content&mpid=SBM0403000000&pid=21705&strsearch=&d_s_que=&cpage=1,https://culture.seoul.go.kr/cmmn/file/getImage.do?atchFileId=cb13939f957b44298166b9e739548233&thumb=Y,37.515505,127.121175,무료
2,성동구,차이콥스키 & 피아졸라의 [사계],2023-11-04~2023-11-25,STUDIO301 서울숲,,"성인 30,000원, 청소년 20,000원",https://booking.naver.com/booking/5/bizes/601161,https://culture.seoul.go.kr/cmmn/file/getImage.do?atchFileId=cc9d84e5ad864b89b8c0df3e278b658a&thumb=Y,37.54786264,127.0413188,유료
5,종로구,[서울공예박물관] 소장품 연계 프로그램 장인의 보물상자 (화각공예),2023-11-04~2023-11-18,서울공예박물관 교육동 4층 교육실,,,https://craftmuseum.seoul.go.kr/progrm/view/165,https://culture.seoul.go.kr/cmmn/file/getImage.do?atchFileId=b67865482e1f48ddba5b13a5597e91c8&thumb=Y,37.57664817,126.9835334,무료
2,성북구,연극 [서교동에서 죽다],2023-11-04~2023-11-05,"꿈빛극장 (서울 성북구 길음로 7길 20, 서울성북미디어문화마루 4층)",,"전석 30,000원",https://www.sbculture.or.kr/culture/main/contents.do?menuNo=500191,https://culture.seoul.go.kr/cmmn/file/getImage.do?atchFileId=64b63f27ddc0427dbbfa74d0a2ab4275&thumb=Y,37.60375521,127.0222037,유료
2,서초구,2023 매헌시민의숲 가을축제 안내,2023-11-04~2023-11-04,매헌시민의숲 메타세쿼이아숲,,,https://parks.seoul.go.kr/story/news/detailView.do?searchTp=all&searchWd=&currentPage=1&bIdx=3217&SH_C_START_DATE=&SH_C_END_DATE=&SH_C_CODE=&SH_C_PARK_CODE=,https://culture.seoul.go.kr/cmmn/file/getImage.do?atchFileId=bab048c975dc4b5f97173b9b7762a583&thumb=Y,37.4730498,127.0369771,무료
2,광진구,[광진문화재단] 행복한 연극 내 엄마 수연씨,2023-11-04~2023-11-04,나루아트센터 대공연장,,"R석 60,000원 / S석 40,000원",https://tickets.interpark.com/goods/23009567,https://culture.seoul.go.kr/cmmn/file/getImage.do?atchFileId=1493d86a87324cf4a43591511be34602&thumb=Y,37.53782227,127.0704338,유료
2,양천구,[양천문화원] 2023 전통예술제,2023-11-04~2023-11-04,파리공원(서울 양천구 목동동로 363),,무료(기념품 증정),https://yangcheonculture.tistory.com/365,https://culture.seoul.go.kr/cmmn/file/getImage.do?atchFileId=5f4aedd862ef4d189aa5e8dce9ae9940&thumb=Y,37.53447702,126.8771419,무료
5,마포구,[서울문화재단] 서울라이브 B-side ♬인디음악 셀프 브랜딩 워크숍,2023-11-03~2023-11-29,서울예술실험센터,,,https://www.sfac.or.kr/opensquare/notice/notice_list.do?cbIdx=955&bcIdx=134808&type=,https://culture.seoul.go.kr/cmmn/file/getImage.do?atchFileId=a4fef07774164beaba69c657fe72b8e4&thumb=Y,37.55246841,126.9209402,무료
5,금천구,[금천문화재단] 제3회 금천패션영화제,2023-11-03~2023-11-06,"롯데시네마 가산디지털점, 마리오아울렛 물류센터",,"패션을 소재로 열리는 <제3회 금천패션영화제>가 금천구 가산디지털단지 일대에서 펼쳐진다. 패션에 관한 상상을 담은 45편의 단편영화 경쟁작과 특별초청 작품을 상영한다. 롯데시네마 가산디지털점에서 상영회와 GV를 진행하고, 금천구 의류산업의 역사를 간직하고 있는 마리오아울렛 물류센터에서 개막이벤트와 패션쇼, 특별상영회 등 다양한 부대행사를 진행한다.",https://www.gcfff.net/,https://culture.seoul.go.kr/cmmn/file/getImage.do?atchFileId=29bade26ca844b6ca6c9875e7373f27a&thumb=Y,37.45706565,126.8960369,무료
4,노원구,제 15회 언리미티드 에디션 - 서울아트북페어 2023,2023-11-03~2023-11-05,"서울시립 북서울미술관 1, 2층",,,https://www.instagram.com/unlimited_edition_seoul/,https://culture.seoul.go.kr/cmmn/file/getImage.do?atchFileId=63f3442dff934d1ba4d4a7a2917fcacc&thumb=Y,37.64066045,127.0668656,무료
2,구로구,[구로꿈나무인형극제] 하이브리드 신체극 계단의 아이,2023-11-03~2023-11-04,구로 꿈나무극장,,"전석 10,000원",https://www.guroartsvalley.or.kr/user/performance/performanceView.do?performanceSeq=3690&page=1,https://culture.seoul.go.kr/cmmn/file/getImage.do?atchFileId=794e0068dc3544649b7414b5c2649a68&thumb=Y,37.48956232,126.8862929,유료
2,종로구,"[종로문화재단] 2023 창신마을축제 하늘아래 1번지, 창신동",2023-11-03~2023-11-04,창신소통공작소 및 산마루놀이터,,,https://www.jfac.or.kr/site/main/program/perf_all_list_view?pgIdx=2142,https://culture.seoul.go.kr/cmmn/file/getImage.do?atchFileId=0239dc6584e94bb088a57125e47f08ab&thumb=Y,37.57620547,127.0123954,무료
5,종로구,2023 [운현궁 아트페어],2023-11-03~2023-11-04,운현궁 일원,,프로그램별 상이,https://www.unhyeongung.or.kr/sub/prpgram/total_list.php?sno=0&group=basic&code=B35&category=&&abmode=view&no=1244&bsort=&bfsort=,https://culture.seoul.go.kr/cmmn/file/getImage.do?atchFileId=27660319cfb346e98abdefec3271dfac&thumb=Y,37.576125,126.98705,유료
2,금천구,[금천문화재단] 음악극 고고와 도도,2023-11-03~2023-11-04,금나래아트홀,,"전석 20,000원 (아래 상세페이지 할인율 참고)",https://gcfac.or.kr/performance/commonView?gcfac_menu_cd=U0007&currRow=1&seq_no=3568&perDisGubun=performance&returnURI=%2Fperformance%2FcurrentList&serhDate=&serhPerforDisplay=&serhTitle=,https://culture.seoul.go.kr/cmmn/file/getImage.do?atchFileId=306c5391026b42fe80b3ad09229b0df7&thumb=Y,37.45715585,126.8967629,유료
2,마포구,[서울마포음악창작소] 2023 M 인디열전 ♪6 ‘DUSKY80X솜다’ 공연,2023-11-03~2023-11-03,서울마포음악창작소 라이브홀,,,https://mapoindie.or.kr/sub/program/program_view.asp?mode=view&idx=1134,https://culture.seoul.go.kr/cmmn/file/getImage.do?atchFileId=9e37d574649e469eabec2b732ded3fcf&thumb=Y,37.55506905,126.9575349,무료
5,마포구,[11월/Epi X 마포구립서강도서관] 새와 더불어 마주하고 긴장하며 함께하기,2023-11-03~2023-11-03,마포구립서강도서관 4층 어린이자료실,,,https://mplib.mapo.go.kr/sglib/MENU1199/PGM3028/eventDetail.do?currentPageNo=1&eventSn=7647,https://culture.seoul.go.kr/cmmn/file/getImage.do?atchFileId=213f3430db1643ab85a1a22afa6171d8&thumb=Y,37.5477397,126.9320894,무료
5,마포구,"[11월 마포구립서강도서관/어린이메이킹] 해봄아 노올자!, 해봄맘껏Time",2023-11-02~2023-11-30,서강도서관 4층 어린이자료실 내 해봄,,,https://mplib.mapo.go.kr/sglib/MENU1199/PGM3028/eventDetail.do?currentPageNo=1&eventSn=7667,https://culture.seoul.go.kr/cmmn/file/getImage.do?atchFileId=e164adf4c7e34008a8655526f7772f65&thumb=Y,37.5477397,126.9320894,무료
2,종로구,[서울우리소리박물관] 우리소리 노래교실 [덩기덕 쿵덕],2023-11-02~2023-11-24,서울우리소리박물관 교육실,,,http://gomuseum.seoul.go.kr/sekm/front/edu/program.do?locale=KO#none,https://culture.seoul.go.kr/cmmn/file/getImage.do?atchFileId=33a4ea3ca44048a58311e3ea96df5aa7&thumb=Y,37.57715793,126.989622,무료
5,종로구,"[서울공예박물관] 가을. 나무의 온도, 우드카빙 버터나이프",2023-11-02~2023-11-10,서울공예박물관 전시3동 1층,,,https://craftmuseum.seoul.go.kr/progrm/view/215,https://culture.seoul.go.kr/cmmn/file/getImage.do?atchFileId=3727a6112b684088b7dc78b8cc8bd8f1&thumb=Y,37.57664817,126.9835334,무료
2,종로구,엘리자베스 기덕,2023-11-02~2023-11-05,세종M씨어터,,"R석 50,000원  / S석 30,000원",https://www.sejongpac.or.kr/portal/performance/performance/view.do?performIdx=33858&menuNo=200004,https://culture.seoul.go.kr/cmmn/file/getImage.do?atchFileId=bbb51a41852d4526b56ac6004d0cc983&thumb=Y,37.5726241,126.9760053,유료
2,중구,[제5회 꿈의 오케스트라] 중구 정기연주회 ,2023-11-02~2023-11-02,충무아트센터 대극장,,제5회 꿈의 오케스트라 '중구' 정기연주회,https://www.caci.or.kr/caci/performance/view.do?menuNo=200006&pblprfrId=1508,https://culture.seoul.go.kr/cmmn/file/getImage.do?atchFileId=1f96c2ec0a2c4cd99a56b5d8c43d6c3e&thumb=Y,37.56594097,127.0147909,무료
2,서대문구,[서울시립교향악단] 2023 서울시향  우리동네 음악회(관현악) ,2023-11-02~2023-11-02,연세대학교 백주년기념관,,,https://www.seoulphil.or.kr/perf/view?perfNo=5773&calendarDate=2023/11/02&langCd=ko&menuFlag=MFLG0001,https://culture.seoul.go.kr/cmmn/file/getImage.do?atchFileId=864d7429b6eb4abeb7b24d5be146f470&thumb=Y,37.56605084,126.9439162,유료
2,중구,[시민청] 서울스테이지11_Beautiful day 공연,2023-11-02~2023-11-02,서울시청 시민청 B1 활짝라운지,,,https://www.seoulcitizenshall.kr/?r=sch&m=program2&cate=&ing=active&sort=uid&mod=view&p=1&uid=2729,https://culture.seoul.go.kr/cmmn/file/getImage.do?atchFileId=eb41d6711ecb410995ba88e1c2aa5bd9&thumb=Y,37.566635,126.978675,무료
5,은평구,[구립증산정보도서관] 마음을 물들이는 붓펜캘리그라피,2023-11-02~2023-11-02,4층 문화강좌실,,,https://www.jsplib.or.kr/culture/event.asp?mode=view&lecture_seq=1818&listname=normal,https://culture.seoul.go.kr/cmmn/file/getImage.do?atchFileId=a2bb34a982d343c6bc9d230675b6fdfa&thumb=Y,37.582727,126.9075589,무료
5,중구,SBS D 포럼(SDF) 2023,2023-11-02~2023-11-02,DDP 아트홀 1관,,,https://ddp.or.kr/index.html?menuno=239&siteno=2&bbsno=600&boardno=16&bbstopno=600&act=view&subno=,https://culture.seoul.go.kr/cmmn/file/getImage.do?atchFileId=8ce3cf0b80df411a83567f2b032d5f70&thumb=Y,37.56681313,127.0096257,무료
3,노원구,제2회 노원구 민간기록물 수집 공모 전시회 [노원기억],2023-11-01~2023-11-30,상계예술마당 1층 전시실 / 삼육대학교박물관 기획전시실,,,https://www.nwcc.or.kr/main/main.php?categoryid=05&menuid=01&groupid=01&partid=00&boardodr=1,https://culture.seoul.go.kr/cmmn/file/getImage.do?atchFileId=ca155230ba0f4ee9817c32fd26ddc4e4&thumb=Y,37.65577755,127.0683648,무료
5,마포구,[마포구립서강도서관 11월 행사] 문화프로그램 안내,2023-11-01~2023-11-30,마포구립서강도서관,,,https://mplib.mapo.go.kr/sglib/MENU1199/PGM3028/eventDetail.do?currentPageNo=1&eventSn=7687,https://culture.seoul.go.kr/cmmn/file/getImage.do?atchFileId=40e061a9a6fb4d6cab7d1c70f6278575&thumb=Y,37.5477397,126.9320894,무료
5,종로구,[돈의문박물관마을] 2023 돈의문야학당 프로그램 참여자 모집(11월),2023-11-01~2023-11-15,상세정보 참조,,"회차별 상이, 신청서 참조",https://dmvillage.info/news/?q=YToxOntzOjEyOiJrZXl3b3JkX3R5cGUiO3M6MzoiYWxsIjt9&bmode=view&idx=16601144&t=board,https://culture.seoul.go.kr/cmmn/file/getImage.do?atchFileId=af71b5eadb0d4c0ab53f3e167162594e&thumb=Y,37.56882395,126.9685231,유료
5,영등포구,구석구석 출사 탐험대: 방구석에서 시작하는 동네 탐험,2023-11-01~2023-11-11,하자,,"1회차: 1만 원, 2회차: 2만 원, 3회차: 2만 원",bit.ly/구석구석출사탐험대,https://culture.seoul.go.kr/cmmn/file/getImage.do?atchFileId=593519b433a64981b3fd475f08b3b44a&thumb=Y,37.52516742,126.9032996,무료
5,은평구,2023 은평 문화예술교육 주간,2023-11-01~2023-11-10,"은평문화예술회관, 구립증산정보도서관, 고려대 문화예술교육원",,"2023년 한 해, 모두의 땀과 노력, 열정이 고스란히 담긴 은평 문화예술교육의 가치를 지역에 공유하고 확산하기 위해  11월 첫째 주부터 11월10일까지 2주간 [은평 문화예술교육 주간]을 진행합니다. 2023년 은평에서 문화예술교육을 함께 한 참여자, 기관 및 단체가 함께 만들어간 문화예술교육의 성취를 나누는 자리에 여러분을 초대합니다.",https://www.efac.or.kr/sub06/sub01.php?type=view&uid=3763,https://culture.seoul.go.kr/cmmn/file/getImage.do?atchFileId=f505b989684d48f7ac1feb7301270ef1&thumb=Y,37.6039163,126.9283646,무료
2,종로구,"[종로문화재단] K 국악, 판소리가 좋다",2023-11-01~2023-11-04,우리소리도서관 국악누리방,,"유성기 음반 감상회, 판소리 춘향가 공연 ",https://www.jfac.or.kr/site/main/program/perf_show_list_view?pgIdx=2147,https://culture.seoul.go.kr/cmmn/file/getImage.do?atchFileId=d1dfed4950d34a1eb45dcfe7270ccbf0&thumb=Y,37.57448239,126.9902329,무료
5,종로구,서울시민관광 아카데미 [관광업 특강 9회차] 데이터 기반의 관광산업 트렌드 이해와 활용,2023-11-01~2023-11-01,서울관광플라자 4층 다목적홀,,,https://www.sto-academy.com/service-page/11-01-%ED%8A%B8%EB%A0%8C%EB%93%9C%ED%8A%B9%EA%B0%95-%EB%8D%B0%EC%9D%B4%ED%84%B0-%EA%B8%B0%EB%B0%98%EC%9D%98-%EA%B4%80%EA%B4%91%EC%82%B0%EC%97%85-%ED%8A%B8%EB%A0%8C%EB%93%9C-%EC%9D%B4%ED%95%B4%EC%99%80-%ED%99%9C%EC%9A%A9?referral=service_list_widget,https://culture.seoul.go.kr/cmmn/file/getImage.do?atchFileId=3de93da43e214b2ab4a54030466b819c&thumb=Y,37.56863139,126.9871504,무료
2,강동구,"[강동문화재단] 마티네 콘서트 낭만드림 11월, Romantic Orchestra",2023-11-01~2023-11-01,대극장 한강,,"전석 20,000원",https://www.gdfac.or.kr/web/lay2/program/S1T204C211/show/view.do?show_seq=1999&cpage=1&rows=999&keyword=&place=&start_dt=&end_dt=,https://culture.seoul.go.kr/cmmn/file/getImage.do?atchFileId=ad800dea97eb40ea9deb1bafe8d206cc&thumb=Y,37.55122046,127.1573425,유료
3,광진구,"[서울상상나라] 우리, 캠핑 가요!",2023-10-31~2024-12-31,서울상상나라 3층 문화놀이,,"무료(입장권 4,000원 별도)",https://www.seoulchildrensmuseum.org/display/displayAll.do,https://culture.seoul.go.kr/cmmn/file/getImage.do?atchFileId=cb2af3a9757741aa996b416188cbffcf&thumb=Y,37.55055,127.077569,무료
2,종로구,대학로극장쿼드 제작 황수현 [Zzz],2023-10-31~2023-11-12,서울문화재단 대학로극장 쿼드,,"전석 40,000원",https://www.quad.or.kr/product/performance/1117,https://culture.seoul.go.kr/cmmn/file/getImage.do?atchFileId=9b03466b40c243f5bd4a2b5ff30a9b0f&thumb=Y,37.583699,127.0037167,유료
2,구로구,브런치콘서트 [이달의 공연] 10월 웃음 가득 뮤지컬 갈라,2023-10-31~2023-10-31,구로아트밸리 예술극장,,"전석 10,000원 / 단체10인 이상 할인 20% (전화예매필수)",https://www.guroartsvalley.or.kr/user/performance/performanceView.do?performanceSeq=3672&page=1,https://culture.seoul.go.kr/cmmn/file/getImage.do?atchFileId=44c90392a4ae434885a563f190ac09c4&thumb=Y,37.49655847,126.8889639,유료
2,종로구,김상헌 피아노 독주회,2023-10-31~2023-10-31,세종체임버홀,,전석 2만원,https://www.sejongpac.or.kr/portal/performance/performance/view.do?performIdx=34622&menuNo=200004,https://culture.seoul.go.kr/cmmn/file/getImage.do?atchFileId=5a286739b8f344ceadcfa35d2650ea5c&thumb=Y,37.5726241,126.9760053,유료
2,강북구,뮤지컬의 탄생과 황금기를 노래하다!,2023-10-31~2023-10-31,꿈의숲 콘서트홀,,"전석 20,000원",https://www.sejongpac.or.kr/portal/performance/performance/view.do?performIdx=34560&menuNo=200004,https://culture.seoul.go.kr/cmmn/file/getImage.do?atchFileId=ab4fe053fa0b47eb8a6539efca53eb5b&thumb=Y,37.62025446,127.0443247,유료
5,노원구,[서울시립과학관] 천체사진가 권오철 작품-우유니 소금사막의 별이 내리는 밤,2023-10-28~2023-12-31,서울시립과학관 3D스페이스 (2층 B전시실),,,https://science.seoul.go.kr/board/normal/read?menuId=22&bbsId=3&searchBbsCd=normal&searchSeq=1193,https://culture.seoul.go.kr/cmmn/file/getImage.do?atchFileId=f0ead783e4f64d41ac63b4d96eac9558&thumb=Y,37.64199411,127.0774371,무료
5,종로구,2023 낙원 속 생활문화 클래스 [낙원 악기 원데이 클래스],2023-10-28~2023-11-25,"서울생활문화센터 낙원 연습실(대), 강의실",,,http://www.nakwon-communityart.or.kr/bbs/edu&mode=view&no=99,https://culture.seoul.go.kr/cmmn/file/getImage.do?atchFileId=95f465e583dd485c84a3e402876108c9&thumb=Y,37.57276352,126.9879025,무료
4,종로구,[제7회 책읽는 종로] 2023 종로 책문화 주간,2023-10-28~2023-11-04,삼청공원 및 종로구립도서관,,,https://www.jfac.or.kr/site/main/program/perf_all_list_view?pgIdx=2141,https://culture.seoul.go.kr/cmmn/file/getImage.do?atchFileId=5b623f9b0520406db3abde4881e3e31e&thumb=Y,37.58887428,126.9828063,무료
3,중구,[시민청] 내게 보이는 것들 The things that I see,2023-10-28~2023-11-03, 서울시청 시민청 지하 1층 시민청갤러리,,,https://www.seoulcitizenshall.kr/?r=sch&m=program2&cate=&ing=active&sort=uid&mod=view&p=1&uid=2728,https://culture.seoul.go.kr/cmmn/file/getImage.do?atchFileId=3b49e56526924e688390d8a96018da98&thumb=Y,37.566635,126.978675,무료
5,중구,[중구문화재단] 2023 제12회 서울충무로영화제(CFFS),2023-10-27~2023-11-01,"충무아트센터, 남산골한옥마을, CGV 명동역 씨네라이브러리",,,https://cffs.kr/,https://culture.seoul.go.kr/cmmn/file/getImage.do?atchFileId=da0e6574f39b4cf5a1587dff5cc2551a&thumb=Y,37.56594097,127.0147909,무료
5,노원구,[서울시립 북서울미술관] 지역친화 시니어 프로그램 [명화극장],2023-10-26~2023-11-22,서울시립 북서울미술관 B1 다목적홀 ,,,https://sema.seoul.go.kr/kr/whatson/education/detail?acadmyEeNo=1230296,https://culture.seoul.go.kr/cmmn/file/getImage.do?atchFileId=f38276673fa14ede899e77937f423767&thumb=Y,37.64066045,127.0668656,무료
2,광진구,[광진문화재단] 가족 뮤지컬 까먹어도 될까요,2023-10-25~2023-11-18,광진어린이공연장,,"전석 25,000원",https://tickets.interpark.com/goods/23013969,https://culture.seoul.go.kr/cmmn/file/getImage.do?atchFileId=0282f2720fb24f619c53f71ed5db2da1&thumb=Y,37.56501095,127.0845968,유료
3,광진구,[세종뮤지엄갤러리] 변경섭 기획초대전,2023-10-25~2023-11-05,세종대학교 대양AI센터 B2 세종뮤지엄갤러리,,,https://blog.naver.com/sejonggallery,https://culture.seoul.go.kr/cmmn/file/getImage.do?atchFileId=6c012bf1054147658e975b795ceb7dd5&thumb=Y,37.55079808,127.0745756,무료
3,노원구,[서울시립북서울미술관] 손길 모양,2023-10-24~2024-05-05,"서울시립 북서울미술관 B1 어린이갤러리 1, 2",,,https://sema.seoul.go.kr/kr/whatson/exhibition/detail?exNo=1234181,https://culture.seoul.go.kr/cmmn/file/getImage.do?atchFileId=aefa4ee20aae4bc49d4bbe1b43b7fb51&thumb=Y,37.64066045,127.0668656,무료
4,은평구,[구립증산정보도서관] 그림책 속 마음 이끄미 샘들과 함께 하는 감정 북 큐레이션 [내 마음을 읽어요!],2023-10-24~2023-11-16,3층 어린이열람실,,,https://www.jsplib.or.kr/culture/event.asp?mode=view&lecture_seq=1820&listname=normal,https://culture.seoul.go.kr/cmmn/file/getImage.do?atchFileId=e1f632cc644146e0800f05c556a8934e&thumb=Y,37.582727,126.9075589,무료
3,중구,[서울디자인재단] 서울디자인 2023,2023-10-24~2023-11-02,DDP(동대문디자인플라자) 전관 및 서울시 일대,,"① 전시 입장권 : 12,000원(얼리버드 할인가 6,000원)  ② 컨퍼런스 입장권(전시 입장권 1매 + 행사 굿즈 증정) : 70,000원(얼리버드 할인가 40,000원)                                                                ※ 얼리버드 할인기간 : 9.5.(화)~10.16(월) ",https://seoul-design.or.kr/seouldesign/opening.asp,https://culture.seoul.go.kr/cmmn/file/getImage.do?atchFileId=eeeb6af153474d7caaa764f441de0bf0&thumb=Y,37.56681313,127.0096257,유료
5,중구,DDP디자인론칭페어,2023-10-24~2023-11-02,DDP 아트홀 2관(서울디자인 2023 전시장 내),,"12,000원 - 컨퍼런스 패키지 (전시+서울디자인 컨퍼런스 입장권 & 행사 굿즈 증정) - 9월 5일 사전예매 할인 오픈",https://ddp.or.kr/index.html?menuno=239&siteno=2&bbsno=541&boardno=16&bbstopno=541&act=view&subno=,https://culture.seoul.go.kr/cmmn/file/getImage.do?atchFileId=faae1a9673544d13ab72904ee627b982&thumb=Y,37.56681313,127.0096257,유료
2,중구,그린칩스 페스티벌 2023,2023-10-24~2023-11-02,"마포구 연남동, 서대문구 연희동 일대와 중구 동대문디자인플라자(DDP)",,,https://mediahub.seoul.go.kr/archives/2009349,https://culture.seoul.go.kr/cmmn/file/getImage.do?atchFileId=af1ea8b7a63b4b87ba394b7135d2ca5c&thumb=Y,37.56681313,127.0096257,무료
5,종로구,[서울문화재단] 2023 예술인 집단심리상담 [예술가의 마음수업],2023-10-23~2023-11-17,서울문화재단 대학로센터 2층,,선착순,https://www.sfac.or.kr/participation/sfac_program.do?eduGubunSel=&pageIndex=&eduMstSeq=33121&eduScheSeq=&mode=VIEW&mstStatus=,https://culture.seoul.go.kr/cmmn/file/getImage.do?atchFileId=caf89e14ccc349d8873d7ef319604c2c&thumb=Y,37.583699,127.0037167,무료
5,송파구,"[서울책보고 문학 강연 11월] 1+1=∞, 무장애 여행의 모든 것",2023-10-23~2023-11-17,서울책보고,,,https://seoulbookbogo.kr/front/index.php?g_page=event&m_page=event01&act=View&D_IDX=4023&ViewType=List,https://culture.seoul.go.kr/cmmn/file/getImage.do?atchFileId=37d0bef896b9412eaa9e657acc74803d&thumb=Y,37.5223926,127.102983,무료
5,송파구,[서울책보고 x 한국만화영상진흥원] 주말엔 만화톡톡_박건웅 작가와의 만남,2023-10-23~2023-11-11,서울책보고,,,https://seoulbookbogo.kr/front/index.php?g_page=event&m_page=event01&act=View&D_IDX=4025&ViewType=List,https://culture.seoul.go.kr/cmmn/file/getImage.do?atchFileId=9a416a21817f44e3ab91dfebdb5da7a4&thumb=Y,37.5223926,127.102983,무료
5,서초구,[서초구청] 2023 학부모 프리미엄 특강 릴레이,2023-10-21~2023-12-09,비대면(온라인 줌),,학부모 자신의 정서함양과 더불어 자녀가 미래인재의 핵심역량을 갖춘 인재로 성장할 수 있도록 돕는 학부모 역량강화 프로그램,https://www.seochoedu.or.kr/web/cate05/page03_view.php?proboard=02&programcate=01&id=697,https://culture.seoul.go.kr/cmmn/file/getImage.do?atchFileId=34a3a410fb6747e29cf089d8ba93fc17&thumb=Y,37.49019154,127.0194671,무료
2,종로구,2023년 종로구립 궁중무용단 제2회 정기공연 [무애마당],2023-10-21~2023-11-11,"* 창경궁 경춘전 : 10.21.(토), 10.28.(토), 11.4.(토) 15:00~15:30 * 창경궁 환경전 : 11.11.(토) 15:00~16:30",,,https://www.jfac.or.kr/site/main/program/perf_all_list_view?pgIdx=2145,https://culture.seoul.go.kr/cmmn/file/getImage.do?atchFileId=eea7aaf6670743cfa14bf520299c989f&thumb=Y,37.57762395,126.9938414,무료
2,금천구,[금천문화재단] 뮤지컬프로그램 탐궁,2023-10-21~2023-11-11,"만천명월예술인家, 시흥행궁전시관",,1000원 (프로그램에 필요한 재료비입니다),https://gcfac.or.kr/board/perforNoticeDetail?notice_gb=&board_seq=8240&gcfac_menu_cd=U0016&currRow=1&scType=all&srch_input=,https://culture.seoul.go.kr/cmmn/file/getImage.do?atchFileId=fc4b496cf05d4739b86238b9a785ddf8&thumb=Y,37.45069768,126.9074454,유료
3,강서구,[서울식물원] 보타닉 메이즈: 식물은 살아있다,2023-10-19~2024-02-25,"식물문화센터 2층, 프로젝트홀2",,,https://botanicpark.seoul.go.kr/front/lookaround/exhibit_view20.do,https://culture.seoul.go.kr/cmmn/file/getImage.do?atchFileId=35f417793f6f4463967d28d0dd50d69f&thumb=Y,37.56965709,126.8350072,무료
5,종로구,[서울역사박물관] 2023 하반기 영뮤지엄,2023-10-19~2023-11-16,서울역사박물관,,,https://museum.seoul.go.kr/www/board/NR_boardList.do?bbsCd=1005&categoryVal=,https://culture.seoul.go.kr/cmmn/file/getImage.do?atchFileId=80675fbcf85c4015a4b1cb688a6cb382&thumb=Y,37.5701434,126.9704375,무료
3,종로구,입 없는 저 사람 말문 열기 전,2023-10-19~2023-11-12,"아트라운지 선선 2F, 3F, 루프탑",,,https://mindboom.co.kr/,https://culture.seoul.go.kr/cmmn/file/getImage.do?atchFileId=9629454b7cae49b78fb2e3e8e8b9ab24&thumb=Y,37.61380814,126.974459,무료
5,중구,2023 중구 생활문화 활성화 사업 동네친구 시즌2 : 취향존중(存中) 생활문화 프로그램(2차),2023-10-18~2023-12-19,"아트룸 블루, 책방 오타루, VA갤러리",,,https://www.caci.or.kr/caci/bbs/BMSR00040/view.do?boardId=6310&menuNo=200016,https://culture.seoul.go.kr/cmmn/file/getImage.do?atchFileId=acbd5377bead468ebd7e076396fded61&thumb=Y,37.56568366,126.9952435,무료
2,성동구,[청계천박물관] 10월 문화가 흐르는 청계천의 밤,2023-10-18~2023-11-18,청계천박물관 3층 강당,,,https://museum.seoul.go.kr/cgcm/board/NR_boardList.do?bbsCd=1018,https://culture.seoul.go.kr/cmmn/file/getImage.do?atchFileId=e1844d22738146539076917c12d7c38b&thumb=Y,37.57126617,127.0350432,무료
3,광진구,[광진문화재단] 2023 나루 커넥트 클래식 페스티벌,2023-10-18~2023-11-17,나루아트센터 대공연장 / 소공연장,,"전석 20,000원",https://www.naruart.or.kr/exhibition/program_view.php?idx=10017,https://culture.seoul.go.kr/cmmn/file/getImage.do?atchFileId=7adaac62a1944b92b165283d7d75f66d&thumb=Y,37.53782227,127.0704338,유료
5,동작구,[동작문화재단 문화예술교육 프로그램] 산책가의 그린(green)일기,2023-10-18~2023-11-15,동작아트갤러리 및 보라매공원,,자연미술로 기록하는 산책일기,http://www.idfac.or.kr/bbs/board.php?bo_table=notice&wr_id=218,https://culture.seoul.go.kr/cmmn/file/getImage.do?atchFileId=25b8553900484ba6a22b27dab4694ad9&thumb=Y,37.49379251,126.9231084,무료
2,종로구,2023 불교문화대전,2023-10-18~2023-10-31,"조계사, 아라아트센터 외 전국 사찰 ",,,https://blog.naver.com/PostList.naver?blogId=buddhist_cf&from=postList&categoryNo=1,https://culture.seoul.go.kr/cmmn/file/getImage.do?atchFileId=967afee3a6514fb883b3551b24c35562&thumb=Y,37.57389314,126.9818817,무료
3,종로구,헝가리 민족학박물관 국제교류전 [서울의 멋],2023-10-17~2024-02-18,헝가리 민족학박물관 기획전시실,,,https://museum.seoul.go.kr/www/board/NR_boardList.do?bbsCd=1002&q_exhSttus=next&sso=ok,https://culture.seoul.go.kr/cmmn/file/getImage.do?atchFileId=2d04b14a1f1f49ab9da40de8ea31eaf8&thumb=Y,37.5701434,126.9704375,무료
5,용산구,[서울예술교육센터] 예술상상 오아시스 이야기를 품은 의자 예술교육,2023-10-17~2023-12-30,서울문화예술교육센터 용산 1층 (서울시 용산구 서빙고로17),,,https://www.sfac.or.kr/artspace/artspace/artsedu_notice.do?cbIdx=1019&bcIdx=134800&type=,https://culture.seoul.go.kr/cmmn/file/getImage.do?atchFileId=67140639709e469daa31f1d687148f23&thumb=Y,37.52637555,126.9665363,무료
5,양천구,"[서서울예술교육센터] 2023 서울시민예술학교 나의 낭만 아바타 (in 서서울예술교육센터, 강서아트리움)",2023-10-17~2023-11-21,"서서울예술교육센터, 강서아트리움",,,https://blog.naver.com/wsartedu2697/223218662912,https://culture.seoul.go.kr/cmmn/file/getImage.do?atchFileId=d87de2fa023c46ec94b84b5f39942fb9&thumb=Y,37.52821978,126.8321453,무료
3,종로구,스테들러와 함께하는 여행드로잉展 [Everybody can draw!],2023-10-17~2023-11-12,세종문화회관 세종이야기전시장,,,https://www.sejongpac.or.kr/portal/performance/performance/view.do?performIdx=34657&menuNo=200004,https://culture.seoul.go.kr/cmmn/file/getImage.do?atchFileId=32bab6c704aa4eef9a6c0d42e9d01787&thumb=Y,37.5726241,126.9760053,무료
3,송파구,"[케이움 갤러리] 빛을, 발하다. (오정, 정서윤 2인 기획전)",2023-10-17~2023-11-07,케이움 갤러리 B1/2F,,,https://www.instagram.com/k_um.gallery/,https://culture.seoul.go.kr/cmmn/file/getImage.do?atchFileId=f450f067be94440c8ad044a10521b7e5&thumb=Y,37.48901437,127.1244776,무료
5,종로구,[서울시립미술관] 아티스트 토크 미술가의 작업실-아카이브 엿보기,2023-10-17~2023-10-31,서울시립 미술아카이브 배움동 모두의 교실,,,https://sema.seoul.go.kr/kr/whatson/event/detail?evtNo=1229974,https://culture.seoul.go.kr/cmmn/file/getImage.do?atchFileId=ea68856dbed443a3a2ae086f0df58d67&thumb=Y,37.60802938,126.9721142,무료
5,도봉구,[도봉문화재단] 2023 일상문화 활성화 사업[ 일상예술테이블],2023-10-16~2023-11-30,"씨알방학간, 도봉오랑, 문화공간 가치, 마을극장 흰고무신, 인더보썸 공방",,클래스별 상이 ※자세한 사항은 도봉문화재단 누리집 확인,https://bit.ly/3PKsE73,https://culture.seoul.go.kr/cmmn/file/getImage.do?atchFileId=061599b024204a439fd8a6b272c294f8&thumb=Y,37.66400647,127.043019,유료
5,양천구,"[서서울예술교육센터] 2023 서울시민예술학교 피지컬씨어터 [몸짓으로 쓰는 이야기] (in 서서울예술교육센터, 구립영등포아트스퀘어)",2023-10-16~2023-11-22,"서서울예술교육센터, 구립영등포아트스퀘어",,,https://blog.naver.com/wsartedu2697/223218662487,https://culture.seoul.go.kr/cmmn/file/getImage.do?atchFileId=390af4c0cd2143b5b8c06f123191d4c3&thumb=Y,37.52821978,126.8321453,무료
5,강북구,삼각산문화공감 도전! 나도 시니어 영상 작가! 스마트폰 영상 만들기,2023-10-16~2023-11-06,삼각산시민청 2동 워크숍룸1,,,https://sg.seoulcitizenshall.kr/?r=sg&m=reserve&cate=%EC%A0%84%EC%B2%B4&catesub=&mod=view&p=1&uid=1695&catepro=1,https://culture.seoul.go.kr/cmmn/file/getImage.do?atchFileId=97c0a639114a4efbaa33f9df7148a981&thumb=Y,37.65615469,127.0130917,무료
3,강남구,[강남문화재단과 함께하는 초대전] space time gangnam (스페이스 타임 강남),2023-10-16~2023-10-31,"강남 전시실,주소:서울특별시 강남구 역삼로7길 16, 역삼1문화센터 1층",,,https://www.admgallery.co.kr/exhibition,https://culture.seoul.go.kr/cmmn/file/getImage.do?atchFileId=a95ef802182142909860f74fbc0c9800&thumb=Y,37.49537321,127.0332838,무료
5,성동구,[서울하수도과학관] 크게 보는 작은 세계: 미생물 관찰하기,2023-10-15~2023-12-10,서울하수도과학관,,1. 현미경의 역사와 사용법 이해하기 2. 현미경으로 표본 관찰하기,https://sssmuseum.org/main/,https://culture.seoul.go.kr/cmmn/file/getImage.do?atchFileId=9bd9ab269d964aaa9052ba0ce8556c6a&thumb=Y,37.5570865,127.0580683,무료
5,성동구,[서울하수도과학관] 맨홀은 왜 둥글지?,2023-10-14~2023-12-09,서울하수도과학관,,"(저학년) 맨홀의 뜻과 역할, 나만의 역사 맨홀 만들기/ (고학년) 맨홀의 뜻과 역할, 3D펜을 이용한 맨홀 탐사, 3D펜을 이용한 맨홀 탐사 자동차 만들기",https://sssmuseum.org/main/,https://culture.seoul.go.kr/cmmn/file/getImage.do?atchFileId=424d89fad90043bd97ed5dcd15c41664&thumb=Y,37.5570865,127.0580683,무료
5,성동구,[서울하수도과학관 ] 물 속으로 퐁!퐁!퐁!,2023-10-14~2023-12-09,서울하수도과학관,,환경오염과 깨끗한 물의 중요성 이해,https://sssmuseum.org/main/,https://culture.seoul.go.kr/cmmn/file/getImage.do?atchFileId=5b68ddd3c98f468ba312fcfa999d8f9c&thumb=Y,37.5570865,127.0580683,무료
3,구로구,"[일러스트 오마주 전시] 캐릭터, 명화에 빠지다 - 도우도우 x 메롱해치 x 냐기월드",2023-10-14~2023-11-12,구캔갤러리,,"성인 7,000원(음료포함) 학생 5,000원(음료포함) 평일 오전10시-오후3시까지 일괄 5,000원(음료포함)",http://www.goocan.co.kr/23/?q=YToxOntzOjEyOiJrZXl3b3JkX3R5cGUiO3M6MzoiYWxsIjt9&bmode=view&idx=16454148&t=board,https://culture.seoul.go.kr/cmmn/file/getImage.do?atchFileId=96d6225691774d22b524701b0076b1e0&thumb=Y,37.50904922,126.8869873,유료
3,중구,[비더비X길종상가 기획전] 사물의 가정 Hypothetical Home,2023-10-13~2023-12-12,B the B(DDP 마켓 B2),,,https://ddp.or.kr/index.html?menuno=239&siteno=2&bbsno=496&boardno=15&bbstopno=496&act=view&subno=1,https://culture.seoul.go.kr/cmmn/file/getImage.do?atchFileId=dc778f9cf96d4813a9c52ece1bbfde1b&thumb=Y,37.56681313,127.0096257,무료
3,강남구,GWTF: Go with the Flow,2023-10-13~2023-11-12,서울특별시 강남구 언주로172길 25 캔버스엔빌딩 1층 캔버스N 갤러리,,"두 작가의 공통 주제인 ‘흐름’에 집중하여 ‘흐름을 타다’라는 뜻으로 전시를 기획하였다.  각 전시실은 빛, 물, 나무로 나뉘어 흘러가는 것들, 혹은 흘러서 발생한 작가의 결과물들을 조명한다.",http://www.canvasn.net/bbs/board.php?bo_table=exhibition&wr_id=21,https://culture.seoul.go.kr/cmmn/file/getImage.do?atchFileId=7b9a768947a24bb39adce132188e3c92&thumb=Y,37.52758204,127.0360356,무료
3,영등포구,[언폴드엑스 기획자캠프] Separium : Monotypic Humans,2023-10-13~2023-11-05,"문래예술공장 2F, 3F (서울시 영등포구 경인로88길 5-4)",,,https://www.sfac.or.kr/artspace/artspace/mullae_notice.do?cbIdx=979&bcIdx=134782&type=,https://culture.seoul.go.kr/cmmn/file/getImage.do?atchFileId=62c740f65dfc468a9da0f9e1f4c7a51d&thumb=Y,37.51322307,126.9001378,무료
3,중구,[대한민국?교황청 수교 60주년 특별기획전] 모든 이를 위하여,2023-10-12~2023-12-24,서소문성지 역사박물관 B2 기획전시실,,,https://seosomun.org/exhibit/view.do?pNo=93,https://culture.seoul.go.kr/cmmn/file/getImage.do?atchFileId=03a465592889490f806ff6603616f9ca&thumb=Y,37.56056785,126.9688672,무료
5,송파구,[몽촌역사관] 후후! 우리 음악 속으로 (온라인),2023-10-12~2023-11-02,몽촌역사관,,,https://baekjemuseum.seoul.go.kr/dreamvillage/board/notice/index.jsp?mpid=SDM0401000000&mmode=list,https://culture.seoul.go.kr/cmmn/file/getImage.do?atchFileId=ee158a8f841b4918b45680a62ee37c54&thumb=Y,37.5238852,127.1243709,무료
5,종로구,[서울역사박물관] 서울역사박물관대학,2023-10-10~2023-12-05,서울역사박물관,,,https://museum.seoul.go.kr/www/board/NR_boardList.do?bbsCd=1005&categoryVal=,https://culture.seoul.go.kr/cmmn/file/getImage.do?atchFileId=ea716ca9da6a4e829d98a50d773e3a7b&thumb=Y,37.5701434,126.9704375,무료
5,종로구,[서울공예박물관] 속속들이 백자,2023-10-10~2023-11-28,"서울공예박물관 전시3동 1층 교육실, 전시1동 전시실",,,https://craftmuseum.seoul.go.kr/progrm/view/210,https://culture.seoul.go.kr/cmmn/file/getImage.do?atchFileId=7c50424c9e4f499d86d00dbebd25694b&thumb=Y,37.57664817,126.9835334,무료
5,송파구,제25기 박물관대학 [백제의 철기 문화와 한반도 전쟁사],2023-10-10~2023-11-28,한성백제박물관 한성백제홀,,,https://baekjemuseum.seoul.go.kr/board/index.jsp?boardid=SBM0501000000&mmode=content&mpid=SBM0501000000&skin=notice&pid=21633&cpage=1,https://culture.seoul.go.kr/cmmn/file/getImage.do?atchFileId=8af5d935846543e488778cd2ebcca150&thumb=Y,37.515505,127.121175,무료
3,강남구,[슈페리어갤러리] 바라보다 展,2023-10-10~2023-11-09,슈페리어갤러리,,,https://blog.naver.com/gallery3366,https://culture.seoul.go.kr/cmmn/file/getImage.do?atchFileId=0455894b854b4cd080f60e0f529e1e83&thumb=Y,37.50809527,127.062,무료
5,종로구,[서울무형문화재 교육전시장] 한옥에서 배우는 전통매듭,2023-10-10~2023-10-31,가회동공공한옥 (서울시 종로구 북촌로 11나길 1-6),,,http://www.seoulmaster.co.kr/bbs/board.php?bo_table=bbs1&wr_id=143,https://culture.seoul.go.kr/cmmn/file/getImage.do?atchFileId=40d4a27c28f94d29ab4d04719fa1aeed&thumb=Y,37.58195025,126.9835293,무료
2,중구,[시민청] 2023 서울시청 시민청 [활력콘서트] 10월 공연,2023-10-10~2023-10-31,서울시청 시민청 지하1층 활짝라운지,,,https://www.seoulcitizenshall.kr/,https://culture.seoul.go.kr/cmmn/file/getImage.do?atchFileId=9c3ce1e75fc14256bd15726e487e3408&thumb=Y,37.566635,126.978675,무료
3,중구,[2023 남산골아트랩] 이상한옥(理想韓屋) 네 번째 전시 낯선 合,2023-10-09~2023-11-05,남산골한옥마을 이승업 가옥,,,https://www.hanokmaeul.or.kr/ko/h/exh/2023-%eb%82%a8%ec%82%b0%ea%b3%a8%ec%95%84%ed%8a%b8%eb%9e%a9-%ec%9d%b4%ec%83%81%ed%95%9c%ec%98%a5%e7%90%86%e6%83%b3%e9%9f%93%e5%b1%8b-%eb%84%a4-%eb%b2%88%ec%a7%b8-%ec%a0%84%ec%8b%9c-%eb%82%af,https://culture.seoul.go.kr/cmmn/file/getImage.do?atchFileId=041a3adcd2984c5b876b17d91134f388&thumb=Y,37.5591447,126.9936826,무료
5,중구,[중구문화재단] 2023 청소년 사진 아카데미,2023-10-07~2023-12-16,충무아트센터 지하 1층 까치실 ,,,https://www.caci.or.kr/caci/lctre/list.do?menuNo=200073,https://culture.seoul.go.kr/cmmn/file/getImage.do?atchFileId=493b6bf6e6094c4eb98caa47fc41c8c7&thumb=Y,37.56594097,127.0147909,무료
3,서초구,서리풀청년아트갤러리 [Way to Draw],2023-10-07~2023-11-03,서리풀청년아트갤러리,,,https://www.seochocf.or.kr/site/main/seocho/show/view?show_idx=629,https://culture.seoul.go.kr/cmmn/file/getImage.do?atchFileId=7e06329b75ee4125ac1dd0180a6a4cb9&thumb=Y,37.48113823,127.013504,무료
3,서초구,서리풀 휴(休) 갤러리 [수중기록 3장_황금섬의 용사들],2023-10-06~2023-11-24,"심산기념문화센터 B1, 서리풀 휴(休) 갤러리",,,https://www.seochocf.or.kr/site/main/seocho/show/view?show_idx=630,https://culture.seoul.go.kr/cmmn/file/getImage.do?atchFileId=e6c02ba063eb410dbe88f6a43d6d3c4a&thumb=Y,37.49885315,126.9905157,무료
5,마포구,2023 서울정원박람회,2023-10-06~2023-11-15,월드컵공원(하늘공원 일대),,,https://festival.seoul.go.kr/garden,https://culture.seoul.go.kr/cmmn/file/getImage.do?atchFileId=310f4f9e3e164346bc6c3b58961341f0&thumb=Y,37.56847477,126.8868296,무료
2,종로구,연극 [굿닥터],2023-10-06~2023-11-12,세종S씨어터,,"R석 45,000원 S석 35,000원",https://www.sejongpac.or.kr/portal/performance/performance/view.do?performIdx=33870&menuNo=200004,https://culture.seoul.go.kr/cmmn/file/getImage.do?atchFileId=91276ecb81e14fa9aa236ad032e5c9d3&thumb=Y,37.5726241,126.9760053,유료
5,양천구,[서서울예술교육센터] 2023 서울시민예술학교 너와 나의 장막,2023-10-05~2023-11-09,양천문화재단 양천생활문화센터 3층 소강의실,,관심 있는 존재를 정하여 그 존재의 습성과 자신과의 관계 맺기 방식을 감각해보는 프로그램,https://blog.naver.com/wsartedu2697/223216472822,https://culture.seoul.go.kr/cmmn/file/getImage.do?atchFileId=d5fa39ebeef648baa5238d3bdab0d82f&thumb=Y,37.51652093,126.86334,무료
5,용산구,[노들섬] 음악비평 및 글쓰기,2023-10-05~2023-11-09,노들섬 1F 노들라운지,,"일반인 30,000원 / 자립준비청년 무료",https://nodeul.org/program/%eb%85%b8%eb%93%a4%ec%bb%ac%ec%b2%98%ec%95%84%ec%b9%b4%eb%8d%b0%eb%af%b8-%ec%9d%8c%ec%95%85%eb%b9%84%ed%8f%89-%eb%b0%8f-%ea%b8%80%ec%93%b0%ea%b8%b0/,https://culture.seoul.go.kr/cmmn/file/getImage.do?atchFileId=14d6a5fc52b7433baa5f0a8f8aca8444&thumb=Y,37.51766383,126.9580365,유료
3,마포구,[마포구립서강도서관 10-12월/전시] 우리 글책 140선 ? 우리 그림책 100선,2023-10-04~2023-12-31,마포구립서강도서관 4층 어린이자료실,,,https://mplib.mapo.go.kr/sglib/PGM3028/eventDetail.do?eventSn=7567,https://culture.seoul.go.kr/cmmn/file/getImage.do?atchFileId=1e33c59d6a03445a94027e20bfe80727&thumb=Y,37.5477397,126.9320894,무료
5,구로구,[서울생활문화센터 신도림] 2023 구로문화예술아카데미,2023-10-04~2023-12-06,구로아트밸리 소강당,,"10,000원 계좌번호 신한은행 140-014-051780 재단법인 구로문화재단",https://www.artgori.or.kr:40019/load.asp?sub_p=board/board&b_code=6&page=1&f_cate=&idx=2758&board_md=view,https://culture.seoul.go.kr/cmmn/file/getImage.do?atchFileId=9b7384c5c5f447dbb2020d255d876e53&thumb=Y,37.49655847,126.8889639,유료
5,중랑구,[중랑문화재단] 옹기테마체험관 10월 프로그램,2023-10-04~2023-10-31,"옹기테마체험관 옹기체험장, 공예체험장, 한지체험장",,프로그램별 상이,https://jnfac.or.kr/exhibition/program_list.html?gubun=4,https://culture.seoul.go.kr/cmmn/file/getImage.do?atchFileId=fb2eea20e4d544f289e15c2e698175eb&thumb=Y,37.61265372,127.0885194,유료
3,종로구,"[돈의문박물관마을] Odd space, Common place",2023-10-03~2023-12-31,돈의문박물관마을 마을 마당,,국립아시아문화전당과의 공동 협력 전시로 낯설기도 하고 익숙하기도 한 장소와 공간에 대한 슬릿스코프와 이수진 작가의 미디어아트 전시,https://dmvillage.info/296,https://culture.seoul.go.kr/cmmn/file/getImage.do?atchFileId=65bb9f900eb041e081d2b31fa6096996&thumb=Y,37.56882395,126.9685231,무료
3,종로구,[돈의문박물관마을] 2023년 시민갤러리 이별 박물관 展,2023-10-03~2023-12-31,"돈의문박물관마을 시민갤러리 1, 2",,메타버스와 현실에 전시된 이별 물품의 사연을 통해 서로를 위로하고 상실의 감정을 나눠 이별을 넘어 새로운 시작을 맞이하는 뉴미디어 콘텐츠 결합 전시,https://dmvillage.info/news/?idx=16412793&bmode=view,https://culture.seoul.go.kr/cmmn/file/getImage.do?atchFileId=cca35d34b55b40b69eaa065b1041328b&thumb=Y,37.56882395,126.9685231,무료
5,중구,[서울애니메이션센터] 도심 속 문화체험공간!  만화도서관& 애니소풍,2023-10-01~2023-10-31,"서울애니메이션센터 1, 2층",,"무료(만화의집)/ 유료(애니소풍) 성인 4,000원 어린이 6,000원",https://www.ani.seoul.kr/,https://culture.seoul.go.kr/cmmn/file/getImage.do?atchFileId=526d2a5dae8643a8afdf97e72804f177&thumb=Y,37.55990981,126.9833342,무료
2,중구,청춘극장 제9회 청춘스타영화제,2023-10-01~2023-10-31,청춘극장(문화일보홀),,"2,000원",http://cafe.naver.com/seoulsilvercinema,https://culture.seoul.go.kr/cmmn/file/getImage.do?atchFileId=a98676fe0f0c41e98417d9bd63805456&thumb=Y,37.56712921,126.9686448,유료
4,은평구,"[구립증산정보도서관] 2023년 시가 자라는 나무 10월 : 10월, 생(生)을 만나다",2023-10-01~2023-10-31,2층 종합자료실,,,https://www.jsplib.or.kr/culture/event.asp?mode=view&lecture_seq=1806&listname=normal,https://culture.seoul.go.kr/cmmn/file/getImage.do?atchFileId=dd14680cbf9445a9b41302863bfd9b3b&thumb=Y,37.582727,126.9075589,무료
4,은평구,[구립증산정보도서관] 북인사이트 2023년 10월 : 10월의 작가들,2023-10-01~2023-10-31,2층 종합자료실 앞,,,https://www.jsplib.or.kr/culture/event.asp?mode=view&lecture_seq=1805&listname=normal,https://culture.seoul.go.kr/cmmn/file/getImage.do?atchFileId=0adb7a8f500841b3978d5ba7eb152062&thumb=Y,37.582727,126.9075589,무료
3,중구,2023 DDP 디자인 융합 전시 [We'd rather be alive than dead],2023-09-25~2023-12-31,동대문디자인플라자(DDP) 잔디언덕,,,https://ddp.or.kr/index.html?menuno=239&siteno=2&bbsno=492&boardno=15&bbstopno=492&act=view&subno=,https://culture.seoul.go.kr/cmmn/file/getImage.do?atchFileId=441eee3437c44312bb42c407aa79c4be&thumb=Y,37.56681313,127.0096257,무료
3,중구,[서울디자인재단] We'd rather be alive than dead:삶은 그 어떤 경우에도 죽음보다 아름답다,2023-09-25~2023-12-31,DDP 잔디언덕,,,https://ddp.or.kr/index.html?menuno=240&siteno=2&bbsno=492&boardno=15&bbstopno=492&act=view&subno=1,https://culture.seoul.go.kr/cmmn/file/getImage.do?atchFileId=32c33697fed74c67b1edca7afabe37be&thumb=Y,37.56681313,127.0096257,무료
5,마포구,"[9월/팟캐스트] 서강도서관 피셜 38회 다시, 어떻게 읽을 것인가",2023-09-23~2023-10-31,온라인(팟빵),,,https://mplib.mapo.go.kr/sglib/MENU1199/PGM3028/eventDetail.do?currentPageNo=1&eventSn=7549,https://culture.seoul.go.kr/cmmn/file/getImage.do?atchFileId=bdde3ab58fc44859af0d9ae3fbad9734&thumb=Y,37.5477397,126.9320894,무료
5,마포구,[마포구립서강도서관 독서동아리] 2023년 월요야독 신규회원 모집,2023-09-23~2023-10-31,마포구립서강도서관 3층 BookC,,,https://mplib.mapo.go.kr/sglib/MENU1199/PGM3028/eventDetail.do?currentPageNo=1&eventSn=7548,https://culture.seoul.go.kr/cmmn/file/getImage.do?atchFileId=77c1bf25469c40a081dba3a541bbf9d1&thumb=Y,37.5477397,126.9320894,무료
3,중구,Design Dream Land: Fall in K-POP 디자인 드림 랜드,2023-09-22~2024-04-30,DDP 디자인랩 3층,,,https://ddp.or.kr/index.html?menuno=239&siteno=2&bbsno=493&boardno=15&bbstopno=493&act=view&subno=1,https://culture.seoul.go.kr/cmmn/file/getImage.do?atchFileId=63048eecc8b74157bf2e8aeb2fb79152&thumb=Y,37.56681313,127.0096257,무료
3,송파구,한성백제박물관 2023년 백제문화특별전 [강철백제],2023-09-22~2023-12-17,한성백제박물관 기획전시실,,,https://baekjemuseum.seoul.go.kr/module/index.jsp?mpid=SBM0203000000,https://culture.seoul.go.kr/cmmn/file/getImage.do?atchFileId=2b0c75a79f37494db57a7196d1170d57&thumb=Y,37.515505,127.121175,무료
2,송파구,[송파공간 X 예술인 연대 프로젝트] 듀엣쏭 (9.22~11.17),2023-09-22~2023-11-17, 프로그램별 상이,,송파공간 X 예술인 연대 프로젝트 듀엣쏭  Do at Songpa,https://blog.naver.com/songpaculture/223222141374,https://culture.seoul.go.kr/cmmn/file/getImage.do?atchFileId=2a1e740e9b6e48f0b58b771a19508479&thumb=Y,37.50592943,127.1097315,무료
3,중구,서울로미디어캔버스 2023 3회 전시,2023-09-21~2023-12-19,서울로미디어캔버스 서울시 중구 만리재로 215,,,https://news.seoul.go.kr/culture/archives/520943,https://culture.seoul.go.kr/cmmn/file/getImage.do?atchFileId=6699811e7305476c885fa9e3abb3b792&thumb=Y,37.55659104,126.9682176,무료
3,송파구,"[한성백제박물관] 강鐵철 백제 - 철, 강한 나라를 만들다",2023-09-21~2023-12-17,한성백제박물관 기획전시실,,,https://baekjemuseum.seoul.go.kr/module/index.jsp?boardid=a&code=DP&mmode=content&mpid=SBM0203000000&pid=21625&strsearch=&d_s_que=&cpage=1,https://culture.seoul.go.kr/cmmn/file/getImage.do?atchFileId=678661b4dd43404dbdc6e0097c4b9f3b&thumb=Y,37.515505,127.121175,무료
3,중구,제12회 서울미디어시티비엔날레 [이것 역시 지도],2023-09-21~2023-11-19,"서울시립미술관 서소문본관, 서울역사박물관, SeMA 벙커, 스페이스mm, 소공스페이스, 서울로미디어캔버스",,,https://sema.seoul.go.kr/kr/whatson/series/detail?exNo=1199259,https://culture.seoul.go.kr/cmmn/file/getImage.do?atchFileId=4f17f7ce8ac64ed58264f88e6f9e5e55&thumb=Y,37.56410607,126.9736993,무료
5,송파구,[몽촌토성투어프로그램] 한눈에 쏙~ 몽촌토성 첫걸음,2023-09-20~2023-12-15,몽촌역사관,,,http://baekjemuseum.seoul.go.kr/dreamvillage/board/notice/index.jsp?mpid=SDM0401000000&mmode=list ,https://culture.seoul.go.kr/cmmn/file/getImage.do?atchFileId=3618e8d596154e5a93e166323011cb54&thumb=Y,37.5238852,127.1243709,무료
5,송파구,[한성백제박물관] 백제 왕도 달빛 기행,2023-09-20~2023-12-13,"서울공예박물관 기타장소, 전시3동, 전시2동",,,https://craftmuseum.seoul.go.kr/progrm/view/204,https://culture.seoul.go.kr/cmmn/file/getImage.do?atchFileId=8905ed5f1b344c7baf9a737f0a299967&thumb=Y,37.515505,127.121175,무료
5,종로구,[2023 돈의문박물관마을] 가을산책(冊) 교육프로그램,2023-09-20~2023-12-09,돈의문박물관마을 내 서울도시건축센터 5층,,,https://dmvillage.info/news/?q=YToxOntzOjEyOiJrZXl3b3JkX3R5cGUiO3M6MzoiYWxsIjt9&bmode=view&idx=16192734&t=board,https://culture.seoul.go.kr/cmmn/file/getImage.do?atchFileId=bf3e2798d31d4732a2f75a36d08eb728&thumb=Y,37.56882395,126.9685231,무료
5,양천구,[서서울예술교육센터(양천)] 서울시민예술학교 2023 10-11월,2023-09-19~2023-11-22,"서울예술교육센터(용산), 서서울예술교육센터(양천) 2곳 및 기타 연계 기관 운영",,선착순,https://www.sfac.or.kr/participation/sfac_program.do?eduGubunSel=&pageIndex=2&eduMstSeq=33105&eduScheSeq=&mode=VIEW&mstStatus=,https://culture.seoul.go.kr/cmmn/file/getImage.do?atchFileId=001db7b1caeb453fa22f7389e2408432&thumb=Y,37.52821978,126.8321453,무료
3,강남구,코리아나미술관 20주년 기념 국제기획전 [Step x Step],2023-09-14~2023-11-30,코리아나미술관,,"성인 4,000 원 학생 3,000 원 미술관 박물관 통합권 일반 6,000 원 학생 5,000 원",http://www.spacec.co.kr/gallery/gallery2,https://culture.seoul.go.kr/cmmn/file/getImage.do?atchFileId=26cd4b08d01f45daacebffb1f32f7d31&thumb=Y,37.52406916,127.032811,유료
4,중구,서울야외도서관 책읽는 서울광장,2023-09-14~2023-11-12,서울광장,,,https://lib.seoul.go.kr/bbs/content/3_58693,https://culture.seoul.go.kr/cmmn/file/getImage.do?atchFileId=53e9899abd464990bc6e9920799ddbc0&thumb=Y,37.56533387,126.9776978,무료
5,영등포구,[창의예술교육센터] 영등포 탈수기 : 탈로 쓴 나의 수기,2023-09-12~2023-12-02,YDP 창의예술교육센터 및 영등포 지역 일대,,,https://www.ydpcf.or.kr/artexhibit/view.do?id=334,https://culture.seoul.go.kr/cmmn/file/getImage.do?atchFileId=a3c120da64914b44adec7dae5058dd31&thumb=Y,37.5377136,126.8958028,무료
4,은평구,[구립증산정보도서관] 2023 사서와 함께하는 [꼼지락 북아트 동아리 3기],2023-09-11~2023-12-28,4층 문화강좌실,,,https://www.jsplib.or.kr/culture/event.asp?mode=view&lecture_seq=1787&listname=normal,https://culture.seoul.go.kr/cmmn/file/getImage.do?atchFileId=ea0324e09169417f8b76bc8e3328ecf9&thumb=Y,37.582727,126.9075589,무료
5,중구,2023 세종예술아카데미 하반기 정규강좌 수강오픈!,2023-09-11~2023-12-07,세종예술아카데미,,홈페이지 참고,https://www.sejongpac.or.kr/portal/qestnar/qustnr/view.do?qustnrSn=1093&menuNo=200027&status=T&pageUnit=8&pageIndex=1,https://culture.seoul.go.kr/cmmn/file/getImage.do?atchFileId=ee30c7e2e549479f8b583689955c0dce&thumb=Y,37.5726241,126.9760053,유료
5,노원구,[서울시립과학관] 2023 가을학기 과학관에 찾아온 '대학연구실',2023-09-10~2023-11-26,서울시립과학관 교육실,,"강좌당 10,000원",https://science.seoul.go.kr/program/science/read?menuId=14&progMstId=657,https://culture.seoul.go.kr/cmmn/file/getImage.do?atchFileId=def2ef3f8a2548959c4e3b7047381f82&thumb=Y,37.64199411,127.0774371,유료
5,은평구,[은평역사한옥박물관] 전통 목가구 제작 소목교실 3기,2023-09-09~2023-12-02,은평역사한옥박물관 목공실,,"200,000원(재료비 별도)",https://museum.ep.go.kr/education/education_child.asp?act=view&lec_idx=543&tar_idx=2&page=1&strSearch=&strSearch01=lec_name&strSearch02=,https://culture.seoul.go.kr/cmmn/file/getImage.do?atchFileId=9f53ab3a223449faac9bdd6c61ed43ce&thumb=Y,37.64040095,126.9380555,유료
5,서초구,2023 기술 입은 문화 예술교육 [효모 사운드클럽],2023-09-09~2023-12-02,심산기념문화센터 교육실 (서울특별시 서초구 사평대로 55),,,http://www.seochocf.or.kr/site/main/archive/post/2023-%EA%B8%B0%EC%88%A0-%EC%9E%85%EC%9D%80-%EB%AC%B8%ED%99%94-%EC%98%88%EC%88%A0%EA%B5%90%EC%9C%A1-%ED%9A%A8%EB%AA%A8-%EC%82%AC%EC%9A%B4%EB%93%9C%ED%81%B4%EB%9F%BD-%EC%B0%B8%EC%97%AC%EC%9E%90-%EB%AA%A8%EC%A7%91-%EC%95%88%EB%82%B4?cp=1&sortDirection=DESC&catId=7&metaCode1=GENERAL,https://culture.seoul.go.kr/cmmn/file/getImage.do?atchFileId=f8c1fb2fda9645fea61f3fb56ca56a55&thumb=Y,37.49885315,126.9905157,무료
5,서초구,"[2023 평생인문교육 프로그램] 우리의 작가, 그들의 시대",2023-09-08~2023-11-17,서초문화재단 1층 1교육실 (서초문화재단 서초구 사평대로 55),,"수강료 40,000원(총 8회차)",http://www.seochocf.or.kr/site/main/archive/post/%EC%84%9C%EC%B4%88%EB%AC%B8%ED%99%94%EC%9E%AC%EB%8B%A8%EA%B3%BC-%EC%A4%91%EC%95%99%EB%8C%80%ED%95%99%EA%B5%90-%EC%9D%B8%EB%AC%B8%EC%BD%98%ED%85%90%EC%B8%A0-%EC%97%B0%EA%B5%AC%EC%86%8C%EC%99%80-%ED%95%A8%EA%BB%98%ED%95%98%EB%8A%94-2023-%ED%8F%89%EC%83%9D%EC%9D%B8%EB%AC%B8%EA%B5%90%EC%9C%A1-%ED%94%84%EB%A1%9C%EA%B7%B8%EB%9E%A8-%EC%9A%B0%EB%A6%AC%EC%9D%98-%EC%9E%91%EA%B0%80-%EA%B7%B8%EB%93%A4%EC%9D%98-%EC%8B%9C%EB%8C%80?cp=1&sortDirection=DESC&catId=7&metaCode1=GENERAL,https://culture.seoul.go.kr/cmmn/file/getImage.do?atchFileId=ecd1705359cb45fba1c4f27e7c8322c3&thumb=Y,37.49885315,126.9905157,유료
3,종로구,[서울공예박물관] 서울아트위크 기념 특별전 《공예 다이얼로그》,2023-09-08~2023-11-12,서울공예박물관 전시1동 3층 기획전시실,,무료,https://craftmuseum.seoul.go.kr/exhibit/plan/view/109,https://culture.seoul.go.kr/cmmn/file/getImage.do?atchFileId=0736cc75a7f34744a97a2f6ceaef6a7f&thumb=Y,37.57664817,126.9835334,무료
5,노원구,[서울시립과학관] 2023년 생태화그리기 가을학기,2023-09-07~2023-11-30,서울시립과학관 3층 1교육실,,"12강좌 60,000원",https://science.seoul.go.kr/program/science/read?menuId=14&progMstId=651,https://culture.seoul.go.kr/cmmn/file/getImage.do?atchFileId=6653caf9bf6e4378a1ede91d6b145458&thumb=Y,37.64199411,127.0774371,유료
4,양천구,[2023 미감도서관 문화프로그램] 한국과 세계가 보이는 인물 역사,2023-09-07~2023-11-16,미감도서관 프로그램실,,연도별 인물 중심으로 세계사와 우리나라 역사를 알아가는 프로그램,https://lib.yangcheon.or.kr/libmigam/edusat/view.do?edu_idx=2983&prepage=%2Flibmigam%2Fedusat%2Flist.do,https://culture.seoul.go.kr/cmmn/file/getImage.do?atchFileId=eb96d9509b204de784fccedbae14c9b3&thumb=Y,37.5389695,126.8654889,무료
5,송파구,"2023 예술, 송송, 인생학교 여성편 [엄마배우 프로젝트]",2023-09-06~2023-12-05,"에즈에스아카데미학원 (백제고분로399, 슈퍼비)",,,https://www.songpafac.or.kr/notice_view.do?brd_seq=514&curPage=&searchtype=&keyword=,https://culture.seoul.go.kr/cmmn/file/getImage.do?atchFileId=1cfdaffe8ad9443f91deeceda530d00d&thumb=Y,37.50712659,127.1094413,무료
5,마포구,2023 서교예술실험센터 공성장형 예술실험지원 [링크(LINK) 과정공유회 링킹(LINK-ING)],2023-09-06~2023-11-12,서교예술실험센터 외,,,https://www.sfac.or.kr/participation/sfac_program.do?eduGubunSel=&pageIndex=2&eduMstSeq=33069&eduScheSeq=&mode=VIEW&mstStatus=,https://culture.seoul.go.kr/cmmn/file/getImage.do?atchFileId=78675f9730ff41bf825933c7b71731d9&thumb=Y,37.55246841,126.9209402,무료
3,중구,[서울디자인재단] 럭스: 시적해상도,2023-09-05~2023-12-31,DDP 뮤지엄 2층 전시2관,,"일반(만 24세 이상~만 65세 미만) 20,000원 청년(만 18세 이상~만 24세 미만) 15,000원 청소년(만12세이상 만18세미만) 10,000원 어린이(만6세이상 만12세 미만) 5,000원",https://ddp.or.kr/index.html?menuno=240&siteno=2&bbsno=489&boardno=15&bbstopno=489&act=view&subno=1,https://culture.seoul.go.kr/cmmn/file/getImage.do?atchFileId=8c9cd467299b466f96c0a2dd38a8e9c5&thumb=Y,37.56681313,127.0096257,유료
5,노원구,[서울시립과학관] 2023년 하반기 돋보기 및 맛보기 프로그램,2023-09-05~2023-12-22,서울시립과학관,,입장료 외 별도 비용 없음,https://science.seoul.go.kr/board/normal/read?menuId=21&bbsId=1&searchBbsCd=normal&searchSeq=1170&curPage=1&searchType=title&searchWord=,https://culture.seoul.go.kr/cmmn/file/getImage.do?atchFileId=fd262a9aa4104c26ba2e8fde84f6e210&thumb=Y,37.64199411,127.0774371,무료
5,관악구,[관악문화재단] 판다쌤 원어민 중국어,2023-09-05~2023-11-28,글빛정보도서관 별다방,,,https://lib.gwanak.go.kr/galib/menu/10028/program/30006/lectureDetail.do?currentPageNo=1&searchCondition=title&lectureIdx=23603&manageCd=KJ&targetCd=&searchStatusCd=,https://culture.seoul.go.kr/cmmn/file/getImage.do?atchFileId=9b6f02c5cc2a4ff6aeea72f3e05766d7&thumb=Y,37.48624318,126.9596703,무료
3,송파구,[서울책보고] 본격 요리책 전시 '내일 뭐 먹지?',2023-09-05~2023-11-26,서울책보고,,,https://seoulbookbogo.kr/front/index.php?g_page=event&m_page=event01&act=View&D_IDX=3925&ViewType=List,https://culture.seoul.go.kr/cmmn/file/getImage.do?atchFileId=9759f08ba63d47aeb21c0576cf7f9056&thumb=Y,37.5223926,127.102983,무료
4,양천구,[2023 미감도서관 문화프로그램] 왁자지껄 옛이야기 독서토론,2023-09-05~2023-11-14,미감도서관 프로그램실,,옛이야기를 통해 시대적/사회문화적 배경지식을 쌓는 동시에  이야기 속 논쟁거리를 찾아내 다른 참여자들과 논리적으로 소통하는 방법을 배웁니다.,https://lib.yangcheon.or.kr/libmigam/edusat/view.do?edu_idx=2982&prepage=%2Flibmigam%2Fedusat%2Flist.do,https://culture.seoul.go.kr/cmmn/file/getImage.do?atchFileId=ea91d88b3deb4b488128344162f55297&thumb=Y,37.5389695,126.8654889,무료
4,은평구,독서의 달맞이 개관연장 프로그램 [책 읽기 좋은 가을밤],2023-09-04~2023-10-31,3층 어린이열람실,,,https://www.jsplib.or.kr/culture/event.asp?mode=view&lecture_seq=1773&listname=normal,https://culture.seoul.go.kr/cmmn/file/getImage.do?atchFileId=f171c44290dc4bb3b251e07ba0590a14&thumb=Y,37.582727,126.9075589,무료
4,서초구,차없는잠수교 뚜벅뚜벅 축제,2023-09-03~2023-11-12,잠수교 및 반포한강공원 일원,,,https://www.seoul.go.kr/story/jamsugyo/pc.html,https://culture.seoul.go.kr/cmmn/file/getImage.do?atchFileId=0cf0c19453ae461ea751032400920d0d&thumb=Y,37.50976948,126.9952696,무료
5,종로구,[서울역사박물관] 우리가족 박물관 여행,2023-09-02~2023-12-16,서울역사박물관,,,https://museum.seoul.go.kr/www/board/NR_boardList.do?bbsCd=1005&categoryVal=,https://culture.seoul.go.kr/cmmn/file/getImage.do?atchFileId=9c0bf99215e242a2adf3b788be0bcd0f&thumb=Y,37.5701434,126.9704375,무료
3,영등포구,2023 언폴드엑스 기획자캠프 선정 프로젝트 전시,2023-09-02~2023-11-29,서울문화재단 문래예술공장  (서울시 영등포구 경인로88길 5-4),,,https://www.sfac.or.kr/artspace/artspace/mullae_notice.do?cbIdx=979&bcIdx=134622&type=,https://culture.seoul.go.kr/cmmn/file/getImage.do?atchFileId=95de7ff9491f42c2aaa7e884d31692b1&thumb=Y,37.51322307,126.9001378,무료
5,양천구,[양천문화재단] 상상이 현실이 되는 AR 예술놀이터 '상상극장 우리 여기에',2023-09-02~2023-11-04,양천문화회관 별관 4층,,,https://yfac.kr/main/contents.do?a_num=48342159,https://culture.seoul.go.kr/cmmn/file/getImage.do?atchFileId=3d272821b4714cb5ae7a13799dc158c2&thumb=Y,37.51652093,126.86334,무료
2,강남구,강남예술단 찾아가는 공연 [POP-UP!],2023-09-01~2023-12-31,공연별 상이,,,https://www.gangnam.go.kr/office/gfac/board/gfac_notice/511/view.do?mid=gfac_notice,https://culture.seoul.go.kr/cmmn/file/getImage.do?atchFileId=c918f74109324cc6967bb7524234ca71&thumb=Y,37.51631968,127.0423148,무료
3,중구,The Chemical Reaction 에스더블유앤에이부터 리버럴오피스까지 산업디자이너들의 상호 작용,2023-08-31~2023-11-30,DDP 갤러리문,,,https://ddp.or.kr/index.html?menuno=239&siteno=2&bbsno=488&boardno=15&bbstopno=488&act=view&subno=,https://culture.seoul.go.kr/cmmn/file/getImage.do?atchFileId=92db0cfba58345b0baea37de6e6fc7ed&thumb=Y,37.56681313,127.0096257,무료
5,노원구,[서울시립과학관] 2023 과학북토크-하반기 달작한 사이언스(8~11월),2023-08-30~2023-11-29,서울시립과학관 1층 사이언스 홀,,,https://science.seoul.go.kr/program/lecture/info?menuId=46&progMstId=647,https://culture.seoul.go.kr/cmmn/file/getImage.do?atchFileId=9967957488904a158ec10d016db71726&thumb=Y,37.64199411,127.0774371,무료
3,관악구,서울시립 남서울미술관 [공중정원],2023-08-30~2023-11-19,서울시립 남서울미술관,,,https://sema.seoul.go.kr/kr/whatson/exhibition/detail?exNo=1206392,https://culture.seoul.go.kr/cmmn/file/getImage.do?atchFileId=6d95513d3fe64716995458956f979744&thumb=Y,37.47605354,126.9794659,무료
3,용산구,[알부스갤러리] 친구들 Les Amis,2023-08-26~2023-11-26,알부스갤러리,,성인 10000원 / 소인 5000원,http://albusgallery.com/,https://culture.seoul.go.kr/cmmn/file/getImage.do?atchFileId=139fa40df3ec46529e739219704398b7&thumb=Y,37.53820344,127.0059036,유료
2,종로구,[서울역사박물관] 2023년 하반기 배리어프리영화관,2023-08-24~2023-11-23,서울역사박물관 1층 강당(야주개홀),,,https://museum.seoul.go.kr/www/board/NR_boardList.do?bbsCd=1018&sso=ok,https://culture.seoul.go.kr/cmmn/file/getImage.do?atchFileId=fca07e2bb7d2458e9a3a4cfde71ab198&thumb=Y,37.5701434,126.9704375,무료
3,종로구,"[서울시립 미술아카이브] 라스트 제너레이션에게, 김용익",2023-08-24~2023-11-19,서울시립 미술아카이브,,,https://sema.seoul.go.kr/kr/whatson/exhibition/detail?exNo=1205862,https://culture.seoul.go.kr/cmmn/file/getImage.do?atchFileId=06ea02ef7791430b8a97ae7403102958&thumb=Y,37.60802938,126.9721142,무료
5,서대문구,[2023년 파킨슨 환자를 위한 무용 교육 프로그램] 댄스 포 피디(하반기),2023-08-23~2023-11-01,"서울무용센터(서대문구 명지2길 14, 주차 가능)",,,https://www.sfac.or.kr/participation/sfac_program.do?eduGubunSel=&pageIndex=&eduMstSeq=32952&eduScheSeq=&mode=VIEW&mstStatus=,https://culture.seoul.go.kr/cmmn/file/getImage.do?atchFileId=44e27f9114794e7aa7a4985ad01fd6d4&thumb=Y,37.58305984,126.9278729,무료
5,도봉구,[도봉문화재단] 하반기 정기강좌 프로그램 [연극으로 만드는 나의 이야기],2023-08-23~2023-11-01,마을극장 흰고무신 2층 공연장,,,https://www.dbfac.or.kr/front/supportManageReq/supportManageView.do?miv_pageNo=&miv_pageSize=6&total_cnt=&LISTOP=&mode=V&seq=929&searchkey=NAME&search_gb=&gubun=05&search_gb2=All&gubun2=&searchType=title&searchtxt=,https://culture.seoul.go.kr/cmmn/file/getImage.do?atchFileId=21c2890e056d436c9a9cb5e58db7da94&thumb=Y,37.66812722,127.0315428,무료
5,관악구,[기술 입은 문화예술교육] 관악!아트랩 203 AI와 함께하는 별별무브 시즌3,2023-08-21~2023-11-01,싱글벙글교육센터(관악구 남부순환로234길 73),,,https://www.gfac.or.kr/html/notify/notify1_view.html?pk=1689561799722-1d90bcc5-b884-4b48-ac1f-596c695b9253,https://culture.seoul.go.kr/cmmn/file/getImage.do?atchFileId=8a4cde44546c41fd8f326d303cb10afb&thumb=Y,37.47609625,126.9562881,무료
3,종로구,[황학정국궁전시관] 활의 나라 : 다시 태어난 근대 활쏘기의 시작,2023-08-18~2024-12-31,황학정국궁전시관 (서울 종로구 사직로9길 15-32),,,https://www.jfac.or.kr/site/main/program/perf_all_list_view?pgIdx=2093,https://culture.seoul.go.kr/cmmn/file/getImage.do?atchFileId=0c7671028a0c4b3e998b448b0d4a09ac&thumb=Y,37.57791836,126.9639458,무료
5,동대문구,[2023년 쫌쫌따리 문화모아] 동그란 자유: 세상을 거꾸로 볼 자you,2023-08-11~2023-11-03,카페프로젝트이응,,,https://www.instagram.com/p/CvMnhEuJGJL/,https://culture.seoul.go.kr/cmmn/file/getImage.do?atchFileId=850b6c78e3df4ff18c3c92b3718012cf&thumb=Y,37.57531065,127.0467486,무료
3,성동구,[서울디자인재단] 플라스틱 탐험대 : SUP 습격!,2023-08-09~2023-12-31,서울새활용플라자,,,http://www.seoulup.or.kr/detail.do?NTT_ID=notice&BBS_ID=7072,https://culture.seoul.go.kr/cmmn/file/getImage.do?atchFileId=a194901c636a421ea3223b8ff37f7287&thumb=Y,37.55868506,127.0578512,무료
3,종로구,[2023 운현궁 하우스뮤지엄] 제9회 설경규방공예연구회 정기전시회,2023-08-09~2023-12-20,운현궁 기획전시실,,,https://www.unhyeongung.or.kr/sub/prpgram/total_list.php?sno=0&group=basic&code=B35&category=&&abmode=view&no=1187&bsort=&bfsort=,https://culture.seoul.go.kr/cmmn/file/getImage.do?atchFileId=16f8f4f2eb134869b60d98b8e1d7b4a9&thumb=Y,37.576125,126.98705,무료
3,종로구,[서울역사박물관] 대전엑스포’93 30주년 기념 특별공동기획전 [대전엑스포’93: 과학 신화가 현실로],2023-08-08~2023-11-05,서울역사박물관 로비전시실,,,https://museum.seoul.go.kr/www/board/NR_boardList.do?bbsCd=1004&sso=ok,https://culture.seoul.go.kr/cmmn/file/getImage.do?atchFileId=8f7a6abd051f46cab49c8b5e6c0dbce8&thumb=Y,37.5701434,126.9704375,무료
5,종로구,[돈의문박물관마을] 2023 하반기 한옥예술체험 예술가의 시간,2023-08-03~2023-12-31,돈의문박물관마을 일대,,,https://dmvillage.info/news/?q=YToxOntzOjEyOiJrZXl3b3JkX3R5cGUiO3M6MzoiYWxsIjt9&bmode=view&idx=15890481&t=board,https://culture.seoul.go.kr/cmmn/file/getImage.do?atchFileId=fa4901b01b7145ac9595352450d7a410&thumb=Y,37.56882395,126.9685231,유료
3,종로구,[아뜰리에 광화] 2023 광장으로의 초대 이중섭,2023-08-01~2023-12-13,세종문화회관 외벽 미디어갤러리,,,https://news.seoul.go.kr/culture/archives/520347,https://culture.seoul.go.kr/cmmn/file/getImage.do?atchFileId=1ee52bf5d94647bc9f677aa64092c1ed&thumb=Y,37.57184786,126.9761683,무료
5,금천구,[2023생애주기별 문화예술교육] 실천력 프로젝트 추가모집(~7.16),2023-07-29~2023-11-24,"만천명월예술인家 지하 1층, 3층, 4층",,,https://gcfac.or.kr/board/noticeDetail?notice_gb=&board_seq=8168&gcfac_menu_cd=U0139&currRow=1&scType=all&srch_input=,https://culture.seoul.go.kr/cmmn/file/getImage.do?atchFileId=bf129bdb1b8b46bfbc8ede82e3e7f6ba&thumb=Y,37.45069768,126.9074454,무료
3,용산구,"2023년 용산도시기억전시관 기획전시 [변화의 물결 속 용산, 1960~70년대 용산을 바라보다]",2023-07-27~2024-07-26,"용산구 한강로 서빙고로17 용산센트럴파크 해링턴 스퀘어 공공시설동 1,2층 용산도시기억전시관",,,http://yongsanpark.community/bbs/board.php?bo_table=notice&wr_id=94,https://culture.seoul.go.kr/cmmn/file/getImage.do?atchFileId=9adc9ac6aa6345069fb674cc94b89499&thumb=Y,37.52686633,126.9668797,무료
5,도봉구,[도봉기적의도서관] 구름아래 예술놀이 제작소 '그림책 재담꾼! 도봉쑨',2023-07-26~2023-11-29,도봉기적의도서관 열두대문극장,,,https://www.dbfac.or.kr/front/supportManageReq/supportManageView.do?miv_pageNo=&miv_pageSize=6&total_cnt=&LISTOP=&mode=V&seq=910&searchkey=NAME&search_gb=&gubun=05&search_gb2=All&gubun2=&searchType=title&searchtxt=,https://culture.seoul.go.kr/cmmn/file/getImage.do?atchFileId=75c75343532e4d67b5854e7c8608d363&thumb=Y,37.6812003,127.0502366,무료
5,송파구,기억프로젝트 [내가 만드는 백제],2023-07-25~2023-12-15,한성백제박물관,,,https://baekjemuseum.seoul.go.kr/module/index.jsp?boardid=a&code=ED&mmode=content&mpid=SBM0402000000&pid=21489&strsearch=&d_s_que=&cpage=1,https://culture.seoul.go.kr/cmmn/file/getImage.do?atchFileId=c2fe56d3f9c64cdb98e2ec09b1094e53&thumb=Y,37.515505,127.121175,무료
3,강북구,[유휴공간프로젝트 Ⅱ] 진화의 비밀 8 - 플라잉맨 in 무중력,2023-07-25~2023-12-04,꿈의숲아트센터 로비 B1층,,,https://www.sejongpac.or.kr/portal/performance/performance/view.do?performIdx=34364&menuNo=200004,https://culture.seoul.go.kr/cmmn/file/getImage.do?atchFileId=1e8faf3588d641c88223f99d924d632f&thumb=Y,37.62025446,127.0443247,무료
5,도봉구,[도봉문화원] 원!투!쓰리!클래스 연극꿈틀 & 사진꿈틀,2023-07-24~2023-11-04,"도봉문화원, 창포원",,,http://www.dobong.or.kr/main/main.php?categoryid=06&menuid=01&groupid=00,https://culture.seoul.go.kr/cmmn/file/getImage.do?atchFileId=0aed64f95eea4b9da71ab61034ff5e1f&thumb=Y,37.65419928,127.0388705,무료
4,종로구,"우리가 만나던 그곳, 종로서적",2023-07-21~2024-03-17,서울역사박물관 공평도시유적전시관 기획전시실,,,https://museum.seoul.go.kr/www/board/NR_boardList.do?bbsCd=1002&q_exhSttus=next&sso=ok,https://culture.seoul.go.kr/cmmn/file/getImage.do?atchFileId=ee319f9117c34a58a4cce878025ac793&thumb=Y,37.5701434,126.9704375,무료
5,중랑구,[중랑문화재단] 옹기테마체험관 옹기테마아카데미,2023-07-20~2023-10-31,옹기테마공원 공예체험장,,프로그램별 상이,https://jnfac.or.kr/exhibition/program_list.html?gubun=4,https://culture.seoul.go.kr/cmmn/file/getImage.do?atchFileId=9842aa7cc92f40969e0ee03eba9f4a05&thumb=Y,37.61265372,127.0885194,유료
5,종로구,[서울문화재단] 2023년 PLAY-UP 아카데미,2023-07-17~2023-12-09,서울연극센터 (서울시 종로구 대명길 3),,,https://www.sfac.or.kr/artspace/artspace/play_notice.do?cbIdx=986&bcIdx=134400&type=,https://culture.seoul.go.kr/cmmn/file/getImage.do?atchFileId=1824002067204371a3ab92013c600866&thumb=Y,37.5833444,127.0013025,무료
5,성북구,문화예술교육 프로그램 [학교폭력 스탑 프로젝트: 연극 프로불편러],2023-07-16~2023-11-26,4호선 성신여대입구역 인근 연습실 (추후 공지),,,https://forms.gle/9Z4P62TTqiK9jX3q7 ,https://culture.seoul.go.kr/cmmn/file/getImage.do?atchFileId=cae94d740c4b440e9518854bb58f2ae1&thumb=Y,37.5831603,127.0034413,무료
5,성북구,문화예술교육 프로그램 [청년의 신세계 : My Home History],2023-07-15~2023-11-26,성신여대입구역 인근 연습실 (추후 공지),,,https://forms.gle/huAeFG4dULsmuFVJ8,https://culture.seoul.go.kr/cmmn/file/getImage.do?atchFileId=a4739af80edc46fca038dbda7f3f9ff3&thumb=Y,37.5831603,127.0034413,무료
5,강북구,[한국공예?디자인문화진흥원] 2023 전통생활문화교육 ,2023-07-01~2023-11-30,교육기관방문,,전통문화 속 교육적 가치를 활용하여 미래세대를 대상으로 전통문화의 확산과 인성 발달을 위한 교육을 진행합니다. ,https://2023sungshin.notion.site/2023-c4be495156464d45a289fb9be8801546?pvs=4,https://culture.seoul.go.kr/cmmn/file/getImage.do?atchFileId=350cb4c157894bf2ad3c71d1b60cc2e5&thumb=Y,37.57660036,126.9851275,무료
2,용산구,[노들섬] 2023 서울거리공연 구석구석라이브,2023-07-01~2023-11-30,노들섬 1F 노들서가,,,https://seoulbusking.com,https://culture.seoul.go.kr/cmmn/file/getImage.do?atchFileId=86cb5016f5f248199eed028e124ec5b2&thumb=Y,37.51766383,126.9580365,무료
4,송파구,[도서관에서 만나는 인문학열전] 당신에게 권하는 일상의 인문학,2023-06-28~2023-11-29,송파위례도서관 5층 프로그램실,,,https://www.splib.or.kr/intro/menu/10052/program/30014/eventList.do?currentPageNo=2&eventIdx=0&educationTypeCd=&eventStatusCd=&eventTargetCd=&manageCd=ALL,https://culture.seoul.go.kr/cmmn/file/getImage.do?atchFileId=50f528801b944e899874b77368fc1a7f&thumb=Y,37.48116566,127.1439378,무료
3,송파구,[한성백제박물관] 제4회 백제그림그리기대회 전시,2023-06-26~2023-12-31,한성백제박물관,,,https://baekjemuseum.seoul.go.kr/module/index.jsp?boardid=a&code=EV&mmode=content&mpid=SBM0403000000&pid=21377&strsearch=&d_s_que=&cpage=1,https://culture.seoul.go.kr/cmmn/file/getImage.do?atchFileId=f9f0a76d23c84fc3be4bbba2b00007f3&thumb=Y,37.515505,127.121175,무료
3,성북구,[성북선잠박물관] 소장품 특별전,2023-06-14~2023-12-31,성북선잠박물관  (성북구 성북로 96),,"- 성인 1,000원 - 청소년 500원 - 어린이 300원 ※ 유아, 만65세 이상, 국가유공자 등 관람료 면제 대상자 무료 ",http://museum.sb.go.kr/,https://culture.seoul.go.kr/cmmn/file/getImage.do?atchFileId=5225178559824191b34471831d20a4ce&thumb=Y,37.59321623,126.9982393,유료
3,마포구,"[2023년 6월 민주화 운동 특별전시] 마음을 움직이는 말, 선전물",2023-06-09~2023-11-30,이한열기념관 3층 기획전시실 ,,6월 민주화 운동 특별 전시 ,http://www.leememorial.or.kr/?tpf=memorial/plan_view&board_code=18&code=6679,https://culture.seoul.go.kr/cmmn/file/getImage.do?atchFileId=621b5a80d56648bc990e4bbd1ff81266&thumb=Y,37.55504357,126.9338654,무료
5,중구,[권진규의 영원한 집] 전시 연계 특별 도슨트 및 특강,2023-06-08~2023-12-14,서울시립 남서울미술관 1층 전시실,,,https://sema.seoul.go.kr/kr/whatson/education/detail?acadmyEeNo=1187374,https://culture.seoul.go.kr/cmmn/file/getImage.do?atchFileId=5863cf0ab5654498983eb8092647e468&thumb=Y,37.47605354,126.9794659,무료
3,관악구,권진규의 영원한 집,2023-06-01~2024-12-31,"서울시립 남서울미술관 1층 전시실, 자료실",,,https://sema.seoul.go.kr/kr/whatson/exhibition/detail?exNo=1174182,https://culture.seoul.go.kr/cmmn/file/getImage.do?atchFileId=7926814142384dc0a31f893f7482581f&thumb=Y,37.47605354,126.9794659,무료
3,종로구,[2023 시민공모전] 기억 전당포 : 1990 서울 나들이 展,2023-05-27~2023-12-31,"돈의문박물관마을 서대문여관 1층, 2층",,,https://dmvillage.info/280,https://culture.seoul.go.kr/cmmn/file/getImage.do?atchFileId=c79cfd2d0f2240cf84d657a20bbfe5b5&thumb=Y,37.56882395,126.9685231,무료
3,종로구,박노수미술관 개관 10주년 기념전시 [화필인생-박노수의 모던 타임즈],2023-05-26~2024-03-31,박노수미술관 (종로구 옥인1길 24),,,https://www.jfac.or.kr/site/main/program/perf_all_list_view?pgIdx=2046,https://culture.seoul.go.kr/cmmn/file/getImage.do?atchFileId=4a4cca6bd67d4806b0d05640edaa34a2&thumb=Y,37.5813192,126.9668185,무료
3,중구,80 도시현실,2023-05-25~2024-12-31,서울시립미술관 서소문본관 2층 가나아트컬렉션전시실,,,https://sema.seoul.go.kr/kr/whatson/exhibition/detail?exNo=1168593,https://culture.seoul.go.kr/cmmn/file/getImage.do?atchFileId=87f1d172534f4ab39c0f26a9a1621a4a&thumb=Y,37.56410607,126.9736993,무료
5,종로구,[서울역사박물관] 제39기 중학생 인턴제,2023-05-15~2023-11-11,서울역사박물관,,,https://museum.seoul.go.kr/www/board/NR_boardList.do?bbsCd=1005&categoryVal=,https://culture.seoul.go.kr/cmmn/file/getImage.do?atchFileId=af1c9c36cd1341ce80d7c0bc1d86ecc6&thumb=Y,37.5701434,126.9704375,무료
5,도봉구,2023 평화문화진지 기획프로그램 [나의 나무 깎기],2023-05-09~2023-12-31,평화문화진지 4동 스튜디오 8,,,http://www.dbfac.or.kr/front/supportManageReq/supportManageView.do?miv_pageNo=&miv_pageSize=6&total_cnt=&LISTOP=&mode=V&seq=880&searchkey=NAME&search_gb=&gubun=05&search_gb2=All&gubun2=&searchType=title&searchtxt=,https://culture.seoul.go.kr/cmmn/file/getImage.do?atchFileId=d3a5a00226d04e14a14975cb454fb6de&thumb=Y,37.69078014,127.0468126,무료
3,종로구,2023 서울우리소리박물관 특별전 [자장자장 도담도담],2023-05-05~2024-04-28,서울우리소리박물관 기획전시실,,,http://gomuseum.seoul.go.kr/sekm/front/display/specialView.do?locale=KO&e_cd=3&e_id=55,https://culture.seoul.go.kr/cmmn/file/getImage.do?atchFileId=3b51b7e6cf76455b8562545e2efba71b&thumb=Y,37.57715793,126.989622,무료
3,중구,2023 신당 프로젝트 전시(SPE) [공예 자리],2023-05-05~2023-11-26,신당창작아케이드 SASS갤러리 (황학동 서울중앙시장 지하 7번 출입구 앞),,,https://www.sfac.or.kr/opensquare/notice/notice_list.do?cbIdx=955&bcIdx=134235&type=,https://culture.seoul.go.kr/cmmn/file/getImage.do?atchFileId=0d6d0e3ec51f4d658e9c98706e86120f&thumb=Y,37.5673552,127.0195172,무료
5,성북구,2023 서울 문화예술교육 지원사업 프로그램 안내,2023-05-01~2023-11-30,"프로그램 별 상이, 첨부파일 상세 내용 참고",,,https://www.sfac.or.kr/participation/sfac_program.do?eduGubunSel=&pageIndex=&eduMstSeq=32959&eduScheSeq=&mode=VIEW&mstStatus=,https://culture.seoul.go.kr/cmmn/file/getImage.do?atchFileId=28979e68fefe44da954cfa770ac27847&thumb=Y,37.59915583,127.0147745,무료
2,양천구,2023 월간뮤지크,2023-04-29~2023-11-29,양천문화회관 대극장,,"1층 2만원, 2층 1만원(양천구민 50%)",https://yfac.kr/main/site/ticket/page1.do?proc_type=view&tidx=168&prepage=%2Fmain%2Fsite%2Fticket%2Fpage1.do,https://culture.seoul.go.kr/cmmn/file/getImage.do?atchFileId=fa9d83c762714b758995e8e5c101577e&thumb=Y,37.51652093,126.86334,유료
5,은평구,2023년 서울기록원 전시연계 강연프로그램 [기록을 바라보는 여섯 개의 시선],2023-04-28~2023-10-31,서울기록원 3층 교육실,,,https://archives.seoul.go.kr/exhibitions-programs/programs/3357,https://culture.seoul.go.kr/cmmn/file/getImage.do?atchFileId=cda443c7a0fc4b00a75e7158ccde5c02&thumb=Y,37.60753303,126.9348602,무료
5,노원구,특별한(★) 데이(DAY) 천문현상 주제 관측 프로그램,2023-04-26~2023-11-29,서울시립과학관 3층 교육실&옥상정원,,"1인 10,000원",https://science.seoul.go.kr/culture/science/read?menuId=15&progMstId=595,https://culture.seoul.go.kr/cmmn/file/getImage.do?atchFileId=f276f102741a4794b58e8a7dafd5c75c&thumb=Y,37.64199411,127.0774371,유료
4,종로구,2023 광화문책마당,2023-04-23~2023-11-12,"서울특별시 종로구 세종대로 172, 광화문 광장",,, https://seouloutdoorlibrary.kr,https://culture.seoul.go.kr/cmmn/file/getImage.do?atchFileId=1ebbea84ffe44e5ba5dc1c700cc76f45&thumb=Y,37.57184786,126.9761683,무료
3,강남구,"소색비무색, 흰옷에 깃든 빛깔",2023-04-20~2023-12-30,경운박물관 기획전시실(경기여고 100주년기념관 1층),,소색의 의미와 백의민족의 문화상 소개,http://kwmuseum.org/bbs/board.php?bo_table=exhibition_01&wr_id=26,https://culture.seoul.go.kr/cmmn/file/getImage.do?atchFileId=555e83f6d0074e2db5d75c7ce8bc68d9&thumb=Y,37.4878684,127.0660782,무료
2,도봉구,2023 삼각산 활짝시네마,2023-04-11~2023-11-28,삼각산시민청 1동 2층 활짝라운지,,현장 방문 무료관람(자유석),https://sg.seoulcitizenshall.kr/?r=sg&m=reserve&cate=%EC%A0%84%EC%B2%B4&catesub=&mod=view&p=1&uid=1433&catepro=1,https://culture.seoul.go.kr/cmmn/file/getImage.do?atchFileId=fe7db6f7dc3440ca80c7a31b06308a8c&thumb=Y,37.65615469,127.0130917,무료
5,중구,2023 남산골 전통체험,2023-04-07~2023-11-19,남산골한옥마을 (충무로역 3-4번 출구),,,https://www.hanokmaeul.or.kr/ko/h/exp/2023-%eb%82%a8%ec%82%b0%ea%b3%a8-%ec%a0%84%ed%86%b5%ec%b2%b4%ed%97%98,https://culture.seoul.go.kr/cmmn/file/getImage.do?atchFileId=bbab00dc062743d399743a19b9a8a619&thumb=Y,37.5591447,126.9936826,유료
3,중구,시민청 기획전시 [웨이브 2023 수도서울],2023-04-06~2023-12-31," 서울시청 시민청 지하1층(담벼락미디어, 소리갤러리, 시민청갤러리)",,,https://www.seoulcitizenshall.kr/?r=sch&m=program2&cate=&ing=active&sort=uid&mod=view&p=1&uid=2652,https://culture.seoul.go.kr/cmmn/file/getImage.do?atchFileId=0b6562e478734293b17702c0d615e8fb&thumb=Y,37.566635,126.978675,무료
2,중구,2023년 시청 시민청 [바스락콘서트] 모두를 위한 공연,2023-04-05~2023-11-11,서울시청 시민청 지하2층 바스락홀,,,https://www.seoulcitizenshall.kr/?r=sch&m=program2&cate=&ing=active&sort=uid&mod=view&p=1&uid=2670,https://culture.seoul.go.kr/cmmn/file/getImage.do?atchFileId=02369b5c3848474cb580df66fb6bab78&thumb=Y,37.566635,126.978675,무료
3,중구,SeMA-프로젝트 A,2023-04-04~2023-12-31,"서울시립 미술아카이브 배움동, 나눔동, 모음동 4층 옥상정원",,,https://sema.seoul.go.kr/kr/whatson/exhibition/detail?exNo=1113311,https://culture.seoul.go.kr/cmmn/file/getImage.do?atchFileId=17db4440319440dea7aeab3922812043&thumb=Y,37.60802938,126.9721142,무료
5,종로구,[서울우리소리박물관] 자율학습프로그램 [자연관찰 우리소리],2023-04-04~2023-12-31,서울우리소리박물관 1층 누마루,,,http://gomuseum.seoul.go.kr/sekm/front/edu/program.do?locale=KO#none,https://culture.seoul.go.kr/cmmn/file/getImage.do?atchFileId=0b6a7fcb1b8b4a879c00fcafe93c3aaa&thumb=Y,37.57715793,126.989622,무료
5,동대문구,[동북권체험관광] 2023년 테마별 도보?체험 관광코스 참여자 모,2023-04-01~2023-11-25,동대문구의 역사?문화와 관련된 주요 명소 7코스,,온라인 예약,http://ddmac.or.kr/sub04/sub01.php?type=view&uid=3656,https://culture.seoul.go.kr/cmmn/file/getImage.do?atchFileId=4730110932214a4087f83e95465eafc9&thumb=Y,,,무료
5,노원구,2023 과학?문화가 있는 날 月刊夜水 : 월간야수,2023-03-29~2023-11-29,서울시립과학관,,과학관 입장료,https://science.seoul.go.kr/culture/science/read?menuId=15&progMstId=596,https://culture.seoul.go.kr/cmmn/file/getImage.do?atchFileId=c495250d98764b788d39a3a36666d837&thumb=Y,37.64199411,127.0774371,유료
4,은평구,[구립증산정보도서관] 열린 책 읽기 모임 Book-ing Club 모집,2023-03-23~2023-12-31,"4층 문화강좌실, 온라인(ZOOM)",,,https://www.jsplib.or.kr/culture/event.asp?mode=view&lecture_seq=1655&listname=normal,https://culture.seoul.go.kr/cmmn/file/getImage.do?atchFileId=d1fb369b484643b7966a0200292252bc&thumb=Y,37.582727,126.9075589,무료
4,마포구,"[독서토론회] 2023년 목, 수다",2023-03-23~2023-12-28,3층 Book C,,,https://mplib.mapo.go.kr/sglib/MENU1199/PGM3028/eventDetail.do?currentPageNo=1&eventSn=6268,https://culture.seoul.go.kr/cmmn/file/getImage.do?atchFileId=83d98bee81e14a74827e911a288c0934&thumb=Y,37.5477397,126.9320894,무료
5,종로구,2023년 운현궁 티타임,2023-03-14~2023-12-15,운현궁 회랑(당 내에서는 체험 불가),,"15,000원(4인 기준)",https://www.unhyeongung.or.kr/sub/prpgram/event_view.php?sno=0&group=basic&code=B35&category=22&&abmode=view&no=1088&bsort=&bfsort=,https://culture.seoul.go.kr/cmmn/file/getImage.do?atchFileId=71c37cfef7bc4b1aaa909e150d00bf35&thumb=Y,37.576125,126.98705,유료
5,종로구,[돈의문박물관마을] 한옥예술체험 '예술가의 시간',2023-03-02~2023-12-31,돈의문박물관마을 한옥동,,"돈의문박물관마을 한옥체험관에서 진행되는 문화/체험 프로그램으로, 서울 100년의 과거와 현재를 이어 ‘서울 사람’의 라이프 스타일을 발굴하는 한옥 예술 체험! ",http://masilhub.com/ver002/home/index.asp?app_id=VDHB000665,https://culture.seoul.go.kr/cmmn/file/getImage.do?atchFileId=958f1be719254162846397286af3bd2a&thumb=Y,37.56882395,126.9685231,유료
2,마포구,Kwavecon,2023-03-02~2023-10-31,케이터틀 2층 K웨이브홀(컨벤션홀),,"공연 : 80,000원 / 디너패키지(공연+디너) : 130,000원",http://www.kwavecon.com/,https://culture.seoul.go.kr/cmmn/file/getImage.do?atchFileId=d5c1e92543b94809a711f2b19a52fbfe&thumb=Y,,,유료
5,도봉구,"2023년 함석헌기념관 힐링in문학(낭독) [낭만, 함석헌] 참여자 모집",2023-03-01~2023-12-31,함석헌기념관 유리온실,,,http://www.dbfac.or.kr/front/supportManageReq/supportManageView.do?miv_pageNo=&miv_pageSize=6&total_cnt=&LISTOP=&mode=V&seq=827&searchkey=NAME&search_gb=&gubun=05&search_gb2=All&gubun2=&searchType=title&searchtxt=,https://culture.seoul.go.kr/cmmn/file/getImage.do?atchFileId=9430832495304c95aa65ac04c0859917&thumb=Y,37.65296162,127.0347964,무료
5,도봉구,2023년 함석헌기념관 힐링in문학(낭송) [무욕청정(無欲淸淨)] 참여자 모집,2023-03-01~2023-12-13,함석헌기념관 유리온실,,,http://www.dbfac.or.kr/front/supportManageReq/supportManageView.do?miv_pageNo=&miv_pageSize=6&total_cnt=&LISTOP=&mode=V&seq=828&searchkey=NAME&search_gb=&gubun=05&search_gb2=All&gubun2=&searchType=title&searchtxt=,https://culture.seoul.go.kr/cmmn/file/getImage.do?atchFileId=49808f22c1664dbca4f63185149a7beb&thumb=Y,37.65296162,127.0347964,무료
5,도봉구,2023 수요창작소,2023-03-01~2023-11-29,삼각산시민청 1동 활짝라운지 (도봉구 삼양로 592),,,https://sg.seoulcitizenshall.kr/?r=sg&m=reserve&cate=%EC%A0%84%EC%B2%B4&catesub=&mod=view&p=1&uid=1424&catepro=1,https://culture.seoul.go.kr/cmmn/file/getImage.do?atchFileId=62f7d39c6b81411cb02d9b8901a3f67b&thumb=Y,37.65615469,127.0130917,무료
2,종로구,2023년 박물관 토요음악회 ,2023-02-24~2023-12-02,박물관 1층 로비 ,,,https://museum.seoul.go.kr/www/board/NR_boardView.do?bbsCd=1018&seq=20230224110029502&sso=ok ,https://culture.seoul.go.kr/cmmn/file/getImage.do?atchFileId=e1cfa0d9558744acb462d0d9fcd49c7e&thumb=Y,37.5701434,126.9704375,무료
2,강서구,월간객석과 함께하는 마티네 콘서트,2023-02-14~2023-12-26,스카이아트홀,,"2023.5.23(화) 바이올리니스트 김다미 / 2023.6.13. 오전 11시 한국 대표 첼리스트  아더 첼로 콰르텟의 음악 / 2023.6.27. 오전 11시 클래식의 뿌리, 탱고의 혁명  디아트원& 반도네오니스트 이어진  / 2023.7.11. 오전 11시 바이올리니스트 콘이 선사하는 집시 음악의 자유와 낭만  / 2023.7.25. 오전 11시 반도네오니스트 제이피 호프레와 첼리스트 이정현 ",http://ticket.yes24.com/Perf/44826,https://culture.seoul.go.kr/cmmn/file/getImage.do?atchFileId=c15bb69e435b46c8af503aefef5bdac3&thumb=Y,37.55797384,126.8491891,유료
3,중구,D-숲,2023-02-01~2023-12-31,DDP 디자인랩(살림터) 1층 D-숲,,,https://ddp.or.kr/index.html?menuno=239&siteno=2&bbsno=55&boardno=21&bbstopno=53&act=view&subno=1,https://culture.seoul.go.kr/cmmn/file/getImage.do?atchFileId=7ca81de616614137965932f84f7dfa8d&thumb=Y,37.56681313,127.0096257,무료
5,동대문구,청춘1번가,2023-02-01~2023-12-31,서울시 동대문구 천호대로 4길 21,,"옛날교복 무료체험, 서울 6070 거리 포토존 체험, 풍물미용실, 풍물오락실, 레코드방, 청춘다방",http://www.pungmul.or.kr/,https://culture.seoul.go.kr/cmmn/file/getImage.do?atchFileId=d36a45c9c03b421490de06d5ca54efca&thumb=Y,37.57271319,127.0255029,무료
5,서초구,서리풀청년아트갤러리 오프라인 문화강좌 [아뜰리에 서리풀],2023-02-01~2023-12-08,서리풀청년아트갤러리,,,https://www.seochocf.or.kr/site/main/seocho/show/view?show_idx=586,https://culture.seoul.go.kr/cmmn/file/getImage.do?atchFileId=293b6202d9ca406c8a1fdaba0eff8bd0&thumb=Y,37.48113823,127.013504,무료
5,종로구,[낙원 FM '일일 DJ 체험' 모집 중!],2023-01-18~2023-12-31,N스페이스(다목적홀),,,http://www.nakwon-communityart.or.kr/bbs/edu&mode=view&no=85,https://culture.seoul.go.kr/cmmn/file/getImage.do?atchFileId=c8bd264c9457407ebaaca4d62c7e5014&thumb=Y,37.57276352,126.9879025,무료
5,중구,시민청 스탬프투어,2023-01-18~2023-12-31,"서울시청 시민청 지하1,2층",,,https://www.seoulcitizenshall.kr/?r=sch&m=program2&cate=%EC%B2%B4%ED%97%98&ing=active&sort=uid&mod=view&p=1&uid=2609,https://culture.seoul.go.kr/cmmn/file/getImage.do?atchFileId=a248c6ee080042e4b28af78e0ae1d652&thumb=Y,37.566635,126.978675,무료
5,종로구,"[서울역사박물관] Visit Museum, Enjoy SEOUL",2023-01-17~2023-11-30,서울역사박물관,,,https://museum.seoul.go.kr/www/board/NR_boardList.do?bbsCd=1005&categoryVal=,https://culture.seoul.go.kr/cmmn/file/getImage.do?atchFileId=66f95e40fba64d3faf748d651999ad5b&thumb=Y,37.5701434,126.9704375,무료
5,종로구,"Visit Museum, Enjoy SEOUL",2023-01-17~2023-11-30,"서울역사박물관, 경희궁",,,https://museum.seoul.go.kr/www/board/NR_boardView.do?bbsCd=1005&seq=20230105151624714&categoryVal=1008,https://culture.seoul.go.kr/cmmn/file/getImage.do?atchFileId=b5da6f82d901444d9f2619f024d25a4e&thumb=Y,37.5701434,126.9704375,무료
5,성동구,[하수도과학관] 전시해설 프로그램(전시실 + 재이용수 처리실) ,2023-01-10~2023-12-31,서울하수도과학관,,,https://yeyak.seoul.go.kr/web/reservation/selectReservView.do?rsv_svc_id=S221219144303341678,https://culture.seoul.go.kr/cmmn/file/getImage.do?atchFileId=37550b962d0449268ed671ec00257277&thumb=Y,37.5570865,127.0580683,무료
2,서초구,2023 토요명품,2023-01-07~2023-12-30,국립국악원 우면당(2월공연-예악당),,"A석 2만원, B석 1만원",https://www.gugak.go.kr/site/program/performance/detail?menuid=001001001&performance_id_main=27361,https://culture.seoul.go.kr/cmmn/file/getImage.do?atchFileId=581986fb772f44b485f1e5f9128f671b&thumb=Y,37.47771881,127.0098185,유료
5,종로구,[돈의문박물관마을] 돈의문 마을이야기 투어,2023-01-05~2023-12-31,돈의문박물관마을 곳곳,,"골목골목을 누비며 근현대 100년, 기억의 보관소 돈의문박물관마을을 가장 빠르게 알 수 있는 도슨트 투어! (약 40분 진행)",https://dmvillage.info/docent,https://culture.seoul.go.kr/cmmn/file/getImage.do?atchFileId=55eb01ec63154ec5be9cf5fee5a2e320&thumb=Y,37.56882395,126.9685231,무료
5,성동구,"하수, 새활용을 만나다",2023-01-03~2023-12-31,서울하수도과학관 및 서울새활용플라자,,하수찌꺼기의 새로운 쓰임새 알아보기 ,https://sssmuseum.org/modules/board/bd_view.html?no=156&id=notice&searchSelect=1&sv=%EC%83%88%ED%99%9C%EC%9A%A9&p=1&or=bd_order&al=asc,https://culture.seoul.go.kr/cmmn/file/getImage.do?atchFileId=bea1fe4064ac45edad16f229af674bb3&thumb=Y,37.5570865,127.0580683,무료
5,성동구,"하수, 새활용을 만나다",2023-01-02~2023-12-31,서울하수도과학관-서울새활용플라자 ,,"서울하수도과학관을 방문하고 미션 완성 후 기념품(씨앗과 흙) GET!, 서울새활용플라자 방문 후 기념품 수령! 자, 이제 지구를 생각하며 새활용 화분을 만들어 볼까요?",http://sssmuseum.org,https://culture.seoul.go.kr/cmmn/file/getImage.do?atchFileId=c5f2f606cd494bd2a2e2c5c902728447&thumb=Y,37.5570865,127.0580683,무료
5,성동구,서울하수도과학관 [전시해설 프로그램],2023-01-02~2023-12-31,서울하수도과학관,,,http://sssmuseum.org,https://culture.seoul.go.kr/cmmn/file/getImage.do?atchFileId=19e50942cfc041f081836f71061369fe&thumb=Y,37.5570865,127.0580683,무료
5,도봉구,"2023년 함석헌기념관 체험 프로그램 [그를 잇다, 글을 짓다]",2023-01-01~2023-12-31,함석헌기념관 유리온실,,,http://www.dbfac.or.kr/front/supportManageReq/supportManageView.do?miv_pageNo=&miv_pageSize=6&total_cnt=&LISTOP=&mode=V&seq=823&searchkey=NAME&search_gb=&gubun=04&search_gb2=All&gubun2=&searchType=title&searchtxt=,https://culture.seoul.go.kr/cmmn/file/getImage.do?atchFileId=14e584bf4e2e47478d2fdfdd55994d0c&thumb=Y,37.65296162,127.0347964,무료
5,동대문구,서울풍물시장 전통문화체험관,2023-01-01~2023-12-31,서울시 동대문구 천호대로 4길 21,,전통문화체험관은 서울풍물시장 내부에 위치하고 있습니다.  내외국인을 대상으로 전통문화 소품을 간단하게 만들어볼 수 있는 공간입니다.  열려있는 공간으로 1인 1회 무료 체험 가능합니다. '전통문화'의 소중함에 대해 생각해 보는 기회를 함께해 주시길 바랍니다.,http://www.pungmul.or.kr/,https://culture.seoul.go.kr/cmmn/file/getImage.do?atchFileId=a13c36d96817470fb8ae575a823f522d&thumb=Y,37.57271319,127.0255029,무료
5,중구,[서울디자인재단] DDP 건축투어,2023-01-01~2023-12-31,DDP 뮤지엄 1층,,,http://ddp.or.kr/index.html?menuno=230&siteno=2&bbsno=44&boardno=21&bbstopno=56&act=view&subno=?10,https://culture.seoul.go.kr/cmmn/file/getImage.do?atchFileId=6bcb5efdfc834bc0a14ba4c60c071722&thumb=Y,37.56681313,127.0096257,무료
3,중구,라이트 스페이스,2023-01-01~2023-12-31,DDP 디자인랩(살림터)1층 미디어아트 갤러리(라이트 스페이스),,,https://ddp.or.kr/index.html?menuno=239&siteno=2&bbsno=53&boardno=21&bbstopno=54&act=view&subno=1,https://culture.seoul.go.kr/cmmn/file/getImage.do?atchFileId=424d71a67fc247f391b505ef91ac0628&thumb=Y,37.56681313,127.0096257,무료
3,중구,매거진 라이브러리: 기록에 머물다,2023-01-01~2023-12-31,DDP 디자인랩(살림터) 3층 매거진 라이브러리,,,https://ddp.or.kr/index.html?menuno=239&siteno=2&bbsno=57&boardno=21&bbstopno=57&act=view&subno=1,https://culture.seoul.go.kr/cmmn/file/getImage.do?atchFileId=8eab99dd50cf4e0c9219932d774fb30d&thumb=Y,37.56681313,127.0096257,무료
3,중구,동대문 역사관,2023-01-01~2023-12-31,"2호선 동대문역사문화공원 1번, 2번 출구 / 4호선 동대문역 7번 출구",,,https://ddp.or.kr/index.html?menuno=239&siteno=2&bbsno=50&boardno=21&bbstopno=49&act=view&subno=1,https://culture.seoul.go.kr/cmmn/file/getImage.do?atchFileId=302d9142cc7a409fa7e7d36730b80ae8&thumb=Y,,,무료
3,중구,동대문운동장 기념관,2023-01-01~2023-12-31,"2호선 동대문역사문화공원 1번, 2번 출구 / 4호선 동대문역 7번 출구",,,https://ddp.or.kr/index.html?menuno=239&siteno=2&bbsno=49&boardno=21&bbstopno=50&act=view&subno=1,https://culture.seoul.go.kr/cmmn/file/getImage.do?atchFileId=5522e36d03ce47129afd192e8f824251&thumb=Y,,,무료
3,중구,UD 라이프스타일 플랫폼,2023-01-01~2023-12-31,"동대문디자인플라자(DDP) 디자인 랩 3층 디자인 쇼룸, 디자인 홀",,,http://ddp.or.kr/index.html?menuno=239&siteno=2&bbsno=68&boardno=21&bbstopno=68&act=view&subno=1,https://culture.seoul.go.kr/cmmn/file/getImage.do?atchFileId=d81b9070772c472da2ce592d525a87fe&thumb=Y,37.56681313,127.0096257,무료
3,종로구,"고희동미술관 재개관 3주년기념전시 「모던을 터치하다: 고희동, 근대회화의 선구자」",2022-12-27~2024-04-30,고희동미술관 (종로구 창덕궁5길 40),,,https://www.jfac.or.kr/site/main/program/perf_all_list_view?pgIdx=1997,https://culture.seoul.go.kr/cmmn/file/getImage.do?atchFileId=5f98a44ff58241e6be363e1c37d20665&thumb=Y,37.58313281,126.9889643,무료
