,course_name,duration_time,order_number,category_id,name,district,address,price,image_url,page_url,description,latitude,longitude,phone_number,work_time
0,시장부터 식사까지 경험하는 서울시민의 일상,3시간,3,8,해창양복점,중구,중구 남대문로7길 33,유료,https://upload.wikimedia.org/wikipedia/commons/thumb/b/bf/Inside_of_haechang_bespoke_tailor.jpg/800px-Inside_of_haechang_bespoke_tailor.jpg,,,37.56379583,126.980017,02-776-1667,
1,시장부터 식사까지 경험하는 서울시민의 일상,3시간,0,8,한영양복점,중구,중구 퇴계로20길 2,유료,https://img.khan.co.kr/news/2017/12/03/l_2017120201000215800011504.webp,,,37.55971637,126.9854347,02-2266-0870,
2,시장부터 식사까지 경험하는 서울시민의 일상,3시간,1,8,상동교회(구 새로나백화점),중구,중구 남대문로 30,무료,https://img.khan.co.kr/news/2020/03/23/l_2020032301002959900240628.jpg,,,37.56083481,126.9790477,,
3,시장부터 식사까지 경험하는 서울시민의 일상,3시간,4,6,라 칸티나,중구,중구 을지로 19,유료,https://mblogthumb-phinf.pstatic.net/MjAxOTAyMjJfNDcg/MDAxNTUwNzk5MTc1NzM5.Lhmz2cMmrMsjfz4oWBwiN4Oh3A6y6NfiHmp-aQn0KrMg.sGcz9JN29WsmmYqIqoEtnBYWP8aSblJWN5fES1Bw4ewg.JPEG.roaltlf/04.%EB%9D%BC%EC%B9%B8%ED%8B%B0%EB%82%98.jpg?type=w420,,,37.56630645,126.9799571,02-777-2580,
4,시장부터 식사까지 경험하는 서울시민의 일상,3시간,2,8,남대문시장,중구,중구 남대문시장4길 21,무료,https://post-phinf.pstatic.net/MjAyMTEyMDlfMzYg/MDAxNjM5MDE1OTQxNzY2.WVaZJZYUNWcnES2xVCQC3QX4xS73fk_59uzRAVj0QUwg.vT0yKQiz6jnKVOZuXLBNzoxzJQuV53s0xMNTgQGMTRkg.JPEG/2021120802263_0.jpg?type=w800_q75,,,37.55918636,126.9776537,02-753-2805,
5,두 손 두 발 가볍게 경의선 나들이,3시간,3,8,홍대 앞 서교 365,마포구,마포구 홍익로3길 1,무료,https://futureheritage.seoul.go.kr/HeritageImg/heritage/2013291/jpg/2013291_001.jpg,,,37.55426481,126.9224272,,
6,두 손 두 발 가볍게 경의선 나들이,3시간,0,8,경춘선 폐철도노선,노원구,노원구 공릉로55길 88 인근,무료,https://cdn.emetro.co.kr/data2/content/image/2020/11/01/.cache/512/20201101500226.jpg,,,37.63204326,127.0679518,,
7,두 손 두 발 가볍게 경의선 나들이,3시간,1,8,연남동 기사식당 거리,마포구,서울특별시 마포구 연남로 25,무료,https://futureheritage.seoul.go.kr/HeritageImg/heritage/20171016174124_01.png,,,37.56189807,126.9219039,,
8,두 손 두 발 가볍게 경의선 나들이,3시간,2,8,서울화력발전소(당인리발전소),마포구,마포구 토정로 56,무료,https://i.namu.wiki/i/6ooMiWfD1zopoLbiJrajytB8qlYC13W-XPjKbAoNmmnVPSFFifmeembJT8feesdee8GtFEyQjZT4nXMvEAWmzg.webp,,,37.54394733,126.9196472,,
9,서울의 야경명소,3시간,3,8,남대문 지하보도,중구,중구 세종대로 50,무료,https://mediahub.seoul.go.kr/wp-content/uploads/editor/images/000215/DSC02518.jpg,,,37.56092735,126.9762484,,
10,서울의 야경명소,3시간,2,8,남대문교회,중구,중구 퇴계로 6,무료,https://futureheritage.seoul.go.kr/HeritageImg/heritage/2013045/jpg/2013045_001.jpg,,,37.55600486,126.9745814,02-753-6343,
11,서울의 야경명소,3시간,1,8,서울역 고가도로,중구,중구 통일로 1 일대,무료,https://futureheritage.seoul.go.kr/HeritageImg/heritage/20171016154214_01.png,,,37.55605818,126.9721159,,
12,서울의 야경명소,3시간,0,1,서울역광장,용산구,용산구 한강대로 405,무료,https://www.sisa-news.com/data/photos/20180833/art_153414717394_620abb.jpg,,,37.5548376,126.9717326,,
13,청계천을 따라 걸으며 느끼는 가을의 정취,3시간,4,8,서울풍물시장,동대문구,동대문구 천호대로4길 21,무료,https://minio.nculture.org/amsweb-opt/multimedia_assets/46/27584/12098/c/27584-full-size.jpg,,,37.57271319,127.0255029,02-2232-3367,
14,청계천을 따라 걸으며 느끼는 가을의 정취,3시간,3,3,청계천 고가도로 존치 기념물,성동구,서울특별시 성동구 왕십리도선동 291-2,무료,https://mblogthumb-phinf.pstatic.net/MjAyMTEyMzBfMTQ0/MDAxNjQwODQxODQyMzc3.ARxclt6UiGZcYrhZ_64_pxOL42qAcQJVY2Q9xYwqiaMg.MGSR4io060CdGz2MizyxoIF5hEeW7qRgRRjPo5bK3WAg.JPEG.mismatch55/20211222%EF%BC%BF155046.jpg?type=w800,,,37.57022304,127.0278037,,
15,청계천을 따라 걸으며 느끼는 가을의 정취,3시간,1,8,동대문패션타운,중구,중구 장충단로 263,무료,https://futureheritage.seoul.go.kr/HeritageImg/heritage/2013077/jpg/2013077_001.jpg,,,37.56811569,127.0084727,,
16,청계천을 따라 걸으며 느끼는 가을의 정취,3시간,0,8,청계천 헌책방거리,중구,중구 청계천로 274 평화시장 내,무료,https://dimg.donga.com/ugc/CDB/SHINDONGA/Article/5d/ba/2e/51/5dba2e510db3d2738de6.jpg,,,37.56942586,127.0080476,,
17,청계천을 따라 걸으며 느끼는 가을의 정취,3시간,2,8,신평화시장,중구,중구 청계천로 298,무료,https://images.chosun.com/resizer/Zl4G-6GEFMdTB5CqpQlYX767wbg=/616x0/smart/cloudfront-ap-northeast-1.images.arcpublishing.com/chosun/S3BU74OGQVD7PFKRSKOGIFKPLU.jpg,,,37.56945382,127.0110696,02-2253-0714,
18,민주주의를 위한 함성 4.19 혁명,3시간,1,3,윤극영 가옥,강북구,강북구 인수봉로84길 5,무료,https://mediahub.seoul.go.kr/uploads/mediahub/2023/02/QyAiaxrXdhMjmCTkXznJwLiImuJfFYCk.JPG,,,37.64647106,127.0108817,,
19,민주주의를 위한 함성 4.19 혁명,3시간,0,8,국립 4.19민주묘지,강북구,강북구 4.19로8길 17,무료,https://cphoto.asiae.co.kr/listimglink/1/2021033108244157854_1617146682.jpg,,,37.64839067,127.0090713,02-996-0419,
20,쌍문동 역사 문학투어,3시간,0,8,이마트 창동점,도봉구,도봉구 노해로65길 4,유료,https://image.edaily.co.kr/images/Photo/files/NP/S/2017/11/PS17111900028.jpg,,,37.65163612,127.0466993,,
21,쌍문동 역사 문학투어,3시간,1,3,남정현 가옥,도봉구,도봉구 도봉로109길 19-4,무료,https://enews.dobong.go.kr/images/newshome/edupia/202008/202008_img6_9.jpg,,,37.64671275,127.0319622,,
22,쌍문동 역사 문학투어,3시간,2,3,함석헌 가옥,도봉구,도봉구 도봉로123길 33-6,무료,https://kid.chosun.com/site/data/img_dir/2021/12/19/2021121901083_1.jpg,,,37.65296162,127.0347964,,
23,책과 커피가 함께하는 신촌의 가을 감성,3시간,0,6,독다방(구 독수리다방),서대문구,서대문구 연세로 36,유료,https://futureheritage.seoul.go.kr/HeritageImg/heritage/2014015/jpg/2014015_001.jpg,,,37.55878392,126.9372403,,
24,책과 커피가 함께하는 신촌의 가을 감성,3시간,1,6,미네르바,서대문구,서대문구 명물길 18,유료,https://mblogthumb-phinf.pstatic.net/MjAyMTAxMTlfMjI5/MDAxNjExMDM4ODY2MDE1.3k1ggH7XhKYK_S3ixB_tQ0N81KWkVnsoWpUJiDRVTqMg.LC-bfIfGetR0QGQ7612fAc6EuMM_I5fjJkyKt5sYzfIg.JPEG.cinca01/KakaoTalk_20210119_152954616_15.jpg?type=w800,,,37.55768899,126.9378519,02-3147-1327,
25,책과 커피가 함께하는 신촌의 가을 감성,3시간,2,4,공씨책방,서대문구,서울특별시 서대문구 신촌로 55-2,유료,https://mediahub.seoul.go.kr/wp-content/uploads/editor/images/000343/%EC%84%9C%EC%9A%B8%EB%AF%B8%EB%9E%98%EC%9C%A0%EC%82%B06_1.jpg,,,37.5568761,126.932749,02-336-3058,
26,책과 커피가 함께하는 신촌의 가을 감성,3시간,3,4,홍익문고,서대문구,서대문구 연세로 2,유료,https://mediahub.seoul.go.kr/wp-content/uploads/editor/images/000343/%EC%84%9C%EC%9A%B8%EB%AF%B8%EB%9E%98%EC%9C%A0%EC%82%B03.jpg,,,37.55578538,126.9370438,02-392-2020,
27,"그 시절 서울, 추억을 파는 극장으로 초대합니다.",3시간,1,2,세실극장,중구,중구 세종대로19길 16,유료,https://img0.yna.co.kr/etc/inner/KR/2017/12/29/AKR20171229045400005_01_i_P4.jpg,,,37.56672262,126.976533,02-751-1500,
28,"그 시절 서울, 추억을 파는 극장으로 초대합니다.",3시간,2,2,삼일로 창고극장,중구,중구 삼일대로9길 12,유료,https://cdn.mhns.co.kr/news/photo/202202/521031_631079_2346.jpg,,,37.56347814,126.9879846,02-3789-9640,
29,"그 시절 서울, 추억을 파는 극장으로 초대합니다.",3시간,3,2,허리우드극장,종로구,종로구 삼일대로 428,유료,https://mblogthumb-phinf.pstatic.net/MjAxOTExMjBfMjA0/MDAxNTc0MjU5MjQwNDc1.PQGy4rk8382hfgJcrLSdGD8eX3ogNR30MQHfoX9j-cwg.SKgtwDDXethhVNcu6zV0G2Fp6-f9x5zk3x27_MSBrvwg.JPEG.glimyeo/%ED%97%88%EB%A6%AC%EC%9A%B0%EB%93%9C-1.jpg?type=w800,,,37.57276352,126.9879025,02-3672-4232,
30,"그 시절 서울, 추억을 파는 극장으로 초대합니다.",3시간,0,2,정동극장,중구,중구 정동길 43,유료,https://img.seoul.co.kr//img/upload/2017/09/13/SSI_20170913171249.jpg,,,37.56593364,126.9728444,02-751-1500,
31,과거도 지금도 핫플장소! 용산 이태원 투어,3시간,2,8,한신옹기,용산구,서울 용산구 신흥로 7,유료,https://img.seoul.co.kr/img/upload/2018/11/14/SSI_20181114172129_O2.jpg,,,37.53915265,126.9865042,02-794-3687,
32,과거도 지금도 핫플장소! 용산 이태원 투어,3시간,4,8,해방촌 108계단,용산구,용산구 신흥로36길 일대,무료,https://lh4.googleusercontent.com/5QY3kMmGEm9g264Zyy0Tv44DKl91yqyPZkDXFC0jycWksf16Q0PaRcURFzX4Ia42L-d2DEvX4IyupZ8YRBkRpZNargJ-snODVxMzHqdstWguLfg5QuDHffo4eVAvpGaIwUP9DlMN,,,37.5416204,126.9873653,,
33,과거도 지금도 핫플장소! 용산 이태원 투어,3시간,3,8,해방촌,용산구,용산구 신흥로11나길 22 일대,무료,https://futureheritage.seoul.go.kr/HeritageImg/heritage/2013283/jpg/2013283_001.jpg,,,37.54391854,126.9854718,,
34,과거도 지금도 핫플장소! 용산 이태원 투어,3시간,1,4,포린북스토어,용산구,용산구 녹사평대로 208,유료,https://newsimg.hankookilbo.com/2015/12/23/201512232094003656_2.jpg,,,37.53624637,126.9872269,02-793-8249,
35,과거도 지금도 핫플장소! 용산 이태원 투어,3시간,0,8,이태원 앤틱 가구거리,용산구,용산구 보광로 90,무료,https://korean.visitseoul.net/comm/getImage?srvcId=POST&parentSn=2051&fileTy=POSTTHUMB&fileNo=1,,,37.53119777,126.9956344,,
36,여의도 도심 산책,3시간,1,8,금성부동산,영등포구,영등포구 63로 45,유료,https://www.ydptoday.com/news/photo/202302/15969_16824_09.jpg,,,37.52135273,126.9373261,02-782-1100,
37,여의도 도심 산책,3시간,0,8,윤중제,영등포구,영등포구 여의동로,무료,https://futureheritage.seoul.go.kr/HeritageImg/heritage/20171017093959_01.jpg,,,37.51778585,126.9371645,,
38,여의도 도심 산책,3시간,5,8,국회의사당,영등포구,영등포구 의사당대로 1,무료,https://www.seoulilbo.com/news/photo/202108/504295_303761_1431.jpg,,,37.53291197,126.9164039,02-6788-2114,
39,여의도 도심 산책,3시간,4,1,여의도공원,영등포구,서울특별시 영등포구 여의도동 여의공원로 68 여의도공원관리사무소,무료,https://dimg.donga.com/wps/NEWS/IMAGE/2021/01/05/104767478.1.jpg,,,37.52680882,126.9222841,02-761-4078,
40,여의도 도심 산책,3시간,3,3,여의도 지하벙커,영등포구,영등포구 국제금융로 (앞도로의 중앙화단),무료,https://news.seoul.go.kr/safe/files/2015/10/560cf103d5a864.85505133.jpg,,,37.52213586,126.9306624,02-2124-8800,
41,여의도 도심 산책,3시간,2,8,한국거래소,영등포구,영등포구 여의나루로 76,무료,https://futureheritage.seoul.go.kr/HeritageImg/heritage/2013180/jpg/2013180_001.jpg,,,37.52291203,126.9280414,,
42,"다리로 이어지는 시간 여행! 종로와 을지로의 물, 길, 그리고 삶",3시간,5,6,문화옥,중구,중구 창경궁로 62-5,유료,https://mblogthumb-phinf.pstatic.net/MjAyMjA3MDlfNDYg/MDAxNjU3MzY5NzI5MDY5.Rc1VJ-zJ72juk0o0e3by1r2uCaT9iojR639kLk3D8A0g.21LDrdBebjw52U0s89Ty6qTXM4VUELUKjGiZOUlY99gg.JPEG.feather9311/IMG_3771.jpg?type=w800,,,37.56811419,126.9983972,02-2265-0322,
43,"다리로 이어지는 시간 여행! 종로와 을지로의 물, 길, 그리고 삶",3시간,6,6,우래옥,중구,중구 창경궁로 62-29,유료,https://mblogthumb-phinf.pstatic.net/MjAxODA0MjhfMTY4/MDAxNTI0OTA4NzExMDUz.VBWdH-gvG4D4JLG8PirrEvpCRWJaEiNVbzRbaBjzc9Ug.83N-vDAapODrkNHHADdto2DQM_fbvWYOAMg-CY1BSTkg.JPEG.eumjeongoh/2013201_015.jpg?type=w800,,,37.56821852,126.9987145,02-2265-0151,
44,"다리로 이어지는 시간 여행! 종로와 을지로의 물, 길, 그리고 삶",3시간,4,8,관수동 명패골목,종로구,종로구 종로18길 22 일대,무료,https://futureheritage.seoul.go.kr/HeritageImg/heritage/2013015/jpg/2013015_001.jpg,,,37.56927909,126.9907268,,
45,"다리로 이어지는 시간 여행! 종로와 을지로의 물, 길, 그리고 삶",3시간,3,1,베를린 광장,중구,중구 삼일대로 363,무료,https://futureheritage.seoul.go.kr/HeritageImg/heritage/2013110/jpg/2013110_001.jpg,,,37.56715654,126.9870523,,
46,"다리로 이어지는 시간 여행! 종로와 을지로의 물, 길, 그리고 삶",3시간,2,8,31빌딩(구 삼일로빌딩),종로구,종로구 청계천로 85,무료,https://cphoto.asiae.co.kr/listimglink/1/2020112309425325153_1606092173.jpg,,,37.56863139,126.9871504,,
47,"다리로 이어지는 시간 여행! 종로와 을지로의 물, 길, 그리고 삶",3시간,1,8,관철동의 도시조직,종로구,종로구 종로12길 14 일대,무료,https://futureheritage.seoul.go.kr/HeritageImg/heritage/2013016/jpg/2013016_001.jpg,,,37.56944805,126.9855843,,
48,"다리로 이어지는 시간 여행! 종로와 을지로의 물, 길, 그리고 삶",3시간,0,5,보신각타종,종로구,종로구 종로 54,무료,https://photo.sentv.co.kr/photo/news/2021/01/04/1609720744.png,,,37.56976739,126.9836776,,
49,"전통의 향기 품은 인사동 골목길에서 색, 멋, 맛을 향유하다",4시간,1,8,우정총국 회화나무,중구,중구 퇴계로37길 일대,무료,https://futureheritage.seoul.go.kr/HeritageImg/heritage/20171017092719_01.jpg,,,37.55844666,126.9763337,,
50,"전통의 향기 품은 인사동 골목길에서 색, 멋, 맛을 향유하다",4시간,9,8,인사동 한옥밀집지역,종로구,종로구 인사동14길 24-1 일대,무료,https://mediahub.seoul.go.kr/wp-content/uploads/2020/07/664a292f7b848946f04cf28dc7a3f3e4.jpg,,,37.57496483,126.9855074,,
51,"전통의 향기 품은 인사동 골목길에서 색, 멋, 맛을 향유하다",4시간,8,6,선천집,종로구,종로구 인사동길14길 5,유료,https://img.khan.co.kr/news/2018/08/13/l_2018081301001422200115541.webp,,,37.57219111,126.9869491,02-734-1970,
52,"전통의 향기 품은 인사동 골목길에서 색, 멋, 맛을 향유하다",4시간,7,6,카페 귀천,종로구,종로구 인사동14길 14,유료,https://mediahub.seoul.go.kr/wp-content/uploads/editor/images/000357/%EC%82%AC%EC%A7%84_4.jpg,,,37.57478726,126.984893,02-3210-2288,
53,"전통의 향기 품은 인사동 골목길에서 색, 멋, 맛을 향유하다",4시간,5,3,통인화랑,종로구,종로구 인사동길 32,무료,https://img.seoul.co.kr//img/upload/2020/06/03/SSI_20200603165219.jpg,,,37.57358312,126.9859214,02-733-4867,
54,"전통의 향기 품은 인사동 골목길에서 색, 멋, 맛을 향유하다",4시간,4,8,구하산방,종로구,종로구 인사동5길 11,유료,https://mblogthumb-phinf.pstatic.net/MjAyMjAxMTFfMTg2/MDAxNjQxOTEyNTExMjU0.FycWn7sz4ySMtDqoxZlcnpdFxNEuq0T6p_9eRZZNYx4g.ai6tIi45H85MU2zEcmUZaIim6gASi8ppc3_TM-JYfKUg.JPEG.lka0125/20220110%EF%BC%BF135317.jpg?type=w800,,,37.57265299,126.9856575,02-732-9895,
55,"전통의 향기 품은 인사동 골목길에서 색, 멋, 맛을 향유하다",4시간,3,6,이문설농탕,종로구,종로구 우정국로 38-13,유료,https://futureheritage.seoul.go.kr/HeritageImg/heritage/2013214/jpg/2013214_003.jpg,,,37.57276142,126.983898,02-733-6526,
56,"전통의 향기 품은 인사동 골목길에서 색, 멋, 맛을 향유하다",4시간,6,8,수도약국,종로구,종로구 인사동길 40,유료,https://kid.chosun.com/site/data/img_dir/2021/11/10/2021111002862_2.jpg,,,37.57404352,126.9851386,02-732-3336,
57,"전통의 향기 품은 인사동 골목길에서 색, 멋, 맛을 향유하다",4시간,2,8,"NH농협은행 종로금융센터(구 조선일보,조선중앙일보 사옥)",종로구,종로구 우정국로 38,무료,https://mblogthumb-phinf.pstatic.net/MjAyMzA3MDNfNDYg/MDAxNjg4Mzc2NDY4NTU5.AMbXMpZznivtSM0nj5GbgvHlmGDUT0Za6U8KbWPemvsg.l97WlcfzUQhiUQjDIwZmTNxJQ9mR0GDGZCMiGm71quUg.JPEG.euphoria98/%EB%86%8D%ED%98%91.jpg?type=w800,,,37.57235249,126.9834654,02-733-7001,
58,"전통의 향기 품은 인사동 골목길에서 색, 멋, 맛을 향유하다",4시간,0,4,통문관,종로구,종로구 인사동길 55-1,무료,https://img.seoul.co.kr//img/upload/2020/06/03/SSI_20200603165311.jpg,,,37.5749008,126.9836674,02-734-4092,
59,성북동천에 흐르는 미래유산을 찾아서,3시간,0,6,이태준 달밤의 산실(수연산방),성북구,성북구 성북로 26길 8,유료,https://img.hani.co.kr/imgdb/resize/2016/0812/147089295599_20160812.JPG,,,37.59505307,126.9948358,02-764-1736,
60,성북동천에 흐르는 미래유산을 찾아서,3시간,1,6,쌍다리 식당,성북구,성북구 성북로23길 4  ,유료,https://d2u3dcdbebyaiu.cloudfront.net/uploads/atch_img/780/568bbfff9abd9a718bc490ff043fdf3c_res.jpeg,,,37.59349872,126.9956881,02-743-0325,
61,성북동천에 흐르는 미래유산을 찾아서,3시간,2,8,선잠제향,성북구,성북구 성북동 64-1 (선잠단지),무료,https://archive.sb.go.kr/isbcc/home/u/item/image/3624/1.do;jsessionid=1361CF472F140A76ED73EE4AD3D9CEC7,,,37.59360709,126.9994083,,
62,성북동천에 흐르는 미래유산을 찾아서,3시간,3,6,성북동 국시집,성북구,성북구 창경궁로43길 9,유료,https://archive.sb.go.kr/isbcc/home/u/item/image/8185/1.do;jsessionid=AC29ACC00B5DC66393467A5FA04E0856,,,37.58842775,127.0043041,02-762-1924,
63,성북동천에 흐르는 미래유산을 찾아서,3시간,4,6,나폴레옹 과자점,서울시,서울시 성북구 성북로 7,유료,https://mediahub.seoul.go.kr/wp-content/uploads/2018/12/832442ee3601a1fc14c5b94b26599ab9.jpg,,,37.58890002,127.0050617,02-742-7421,
64,겉모습은 바뀌지만 속의 추억은 전해지는 공간. 성수동 코스,3시간,3,8,성수목욕탕,성동구,성동구 성덕정19길 11,유료,https://img.seoul.co.kr/img/upload/2020/06/29/SSI_20200629213526_O2.jpg,,,37.53757432,127.0565053,,
65,겉모습은 바뀌지만 속의 추억은 전해지는 공간. 성수동 코스,3시간,2,8,서울경찰기마대,성동구,성동구 성수이로7길 17,무료,https://mediahub.seoul.go.kr/wp-content/uploads/2017/12/8c86324119f267df98ff7918832909ec.jpg,,,37.54107786,127.0538197,02-700-2479,
66,겉모습은 바뀌지만 속의 추억은 전해지는 공간. 성수동 코스,3시간,1,8,구두제조업(성수동일대),성동구,성동구 아차산로 113 일대,무료,https://futureheritage.seoul.go.kr/HeritageImg/heritage/2013021/JPG/2013021_001.jpg,,,37.5446931,127.0569339,,
67,겉모습은 바뀌지만 속의 추억은 전해지는 공간. 성수동 코스,3시간,0,3,한양대학교 박물관,성동구,성동구 왕십리로 222-1,무료,https://futureheritage.seoul.go.kr/HeritageImg/heritage/20210928165322_2020022_001_%25ED%2595%259C%25EC%2596%2591%25EB%258C%2580%25ED%2595%2599%25EA%25B5%2590%25EB%25B0%2595%25EB%25AC%25BC%25EA%25B4%2580%25EC%2599%25B8%25EA%25B4%2580%25EC%25B8%25A1%25EB%25A9%25B41.jpg,,,37.55863654,127.0456282,02-2220-1394,
68,시대가 공존하는 길거리 갤러리,2시간,1,8,도림동 성당,영등포구,영등포구 도영로 22길 22,무료,https://mblogthumb-phinf.pstatic.net/MjAxODA3MzBfNjAg/MDAxNTMyOTM1ODQ3OTQ2.55Bmvp7uF0YZg-xbGXzCKkQSjBqIl7sgkFuG7Y8vfaog.G32TSFWh8oDGvzKb0vUgItsL_TscAGpjHj6eq0GA1OEg.JPEG.makim7637/1532935840358.jpg?type=w800,,,37.51054733,126.9013865,02-833-9439,
69,시대가 공존하는 길거리 갤러리,2시간,2,8,수정여관,영등포구,영등포구 경인로77가길 11,유료,https://mblogthumb-phinf.pstatic.net/20160417_41/yogolmok_1460899429586jlmkV_JPEG/Q24C1928.jpg?type=w800,,,37.51177367,126.8924898,,
70,시대가 공존하는 길거리 갤러리,2시간,3,8,1차 금속제조업 (문래동영단주택단지일대),영등포구,영등포구 도림로141길,무료,https://mblogthumb-phinf.pstatic.net/MjAyMDA4MTJfMjE0/MDAxNTk3MjA5NzE2NDkw.0wI8zbrq4tD4ks6IvZhEMp2JKtE_z97SPApXlM6-UYIg.5gULlC2spdbPA1LoSeHFBh_9y-AsJyRW0bJR0QLvgxwg.PNG.hs_99/7.png?type=w800,,,37.51384858,126.8918865,,
71,시대가 공존하는 길거리 갤러리,2시간,0,3,OB맥주 담금솥,영등포구,영등포구 신길로 275 (영등포공원 내),무료,https://mblogthumb-phinf.pstatic.net/MjAyMjA3MjZfNjkg/MDAxNjU4ODA5MjA2NzQ2.8zHn5pycFPYzUxZpo-w7WR7S4D15knXCuoV2sMRpovEg.exiNKLH1vUaqxgusXMphcimeNIQTxxGu82eL_UmNG4gg.JPEG.roaltlf/12.%EC%98%81%EB%93%B1%ED%8F%AC%EA%B3%B5%EC%9B%90%28%EB%8B%B4%EA%B8%88%EC%86%A5%29.jpg?type=w420,,,37.51612662,126.9121264,,
72,"서울 중심도로의 기억과 보전, 남대문로와 태평로 일대",약4시간,0,1,서울역광장,용산구,용산구 한강대로 405,무료,https://www.sisa-news.com/data/photos/20180833/art_153414717394_620abb.jpg,,,37.5548376,126.9717326,,
73,"서울 중심도로의 기억과 보전, 남대문로와 태평로 일대",약4시간,1,1,서울광장,중구,중구 태평로1가 54-3,무료,https://edu.chosun.com/site/data/img_dir/2022/09/06/2022090601714_1.png,,,37.56608178,126.9776906,,
74,"서울 중심도로의 기억과 보전, 남대문로와 태평로 일대",약4시간,2,2,세실극장,중구,중구 세종대로19길 16,유료,https://img0.yna.co.kr/etc/inner/KR/2017/12/29/AKR20171229045400005_01_i_P4.jpg,,,37.56672262,126.976533,02-751-1500,
75,"서울 중심도로의 기억과 보전, 남대문로와 태평로 일대",약4시간,6,2,세종문화회관,종로구,종로구 세종대로 175,유료,https://mediahub.seoul.go.kr/wp-content/uploads/editor/images/000215/DSC07292.jpg,,,37.57184786,126.9761683,02-399-1000,
76,"서울 중심도로의 기억과 보전, 남대문로와 태평로 일대",약4시간,3,8,옛 부민관,중구,중구 세종대로 125,무료,https://t1.daumcdn.net/cfile/tistory/2019F70D4BB2D53F19,,,37.56756983,126.9765445,,
77,"서울 중심도로의 기억과 보전, 남대문로와 태평로 일대",약4시간,4,3,도로원표(칭경기념비전 내),종로구,종로구 세종로 142-3,무료,https://futureheritage.seoul.go.kr/HeritageImg/heritage/2013065/jpg/2013065_001.jpg,,,37.57051286,126.9775907,,
78,"서울 중심도로의 기억과 보전, 남대문로와 태평로 일대",약4시간,5,3,세종로 이순신 동상,종로구,종로구 세종로,무료,https://edu.chosun.com/site/data/img_dir/2022/10/14/2022101402547_1.jpg,,,37.58019281,126.9767782,,
79,한옥과 예인의 동네 상촌,약4시간,0,8,통의동 동척 관사,종로구,종로구 자하문로4길 21,무료,https://img.hani.co.kr/imgdb/resize/2012/0114/132642919501_20120114.JPG,,,37.57750388,126.9733637,,
80,한옥과 예인의 동네 상촌,약4시간,1,8,통의동 보안여관,종로구,종로구 효자로 33,무료,https://newsimg.hankookilbo.com/2015/02/01/201502011416297286_1.jpg,,,37.57911789,126.9736303,02-720-8409,
81,한옥과 예인의 동네 상촌,약4시간,2,8,서촌 한옥밀집지역,종로구,종로구 자하문로7길 13 일대,무료,https://img.seoul.co.kr//img/upload/2017/05/31/SSI_20170531172244.jpg,,,37.57838609,126.9708736,,
82,한옥과 예인의 동네 상촌,약4시간,3,3,이상의 집,종로구,종로구 자하문로7길 18,무료,https://mblogthumb-phinf.pstatic.net/MjAxODAzMTRfMjgx/MDAxNTIxMDMyNjU4Mzgw.w9_hDM9L6yxevTaMaLb_R0aUB0TjHjFxRfJgU_G0XQcg.crP80F5ZB7duo3pnaZ7bDRSyfuCPurZiQ9zDqvnZi9Ag.JPEG.rose3274/DSC02162.JPG?type=w800,,,37.57864864,126.9708629,,
83,한옥과 예인의 동네 상촌,약4시간,6,8,통인시장,종로구,종로구 필운대로6길 6,무료,https://modo-phinf.pstatic.net/20170415_292/1492211881037zl3XO_JPEG/mosaqfZsFu.jpeg?type=w1100,,,37.5806581,126.9690097,02-722-0911,
84,한옥과 예인의 동네 상촌,약4시간,5,8,윤동주하숙집터,종로구,종로구 옥인길 57,무료,https://futureheritage.seoul.go.kr/HeritageImg/adminCoursePhoto/45583cee8d4ecbd1d3e7282b35fbfed6.jpg,,,37.58145853,126.9656952,02-2148-2155,
85,한옥과 예인의 동네 상촌,약4시간,4,8,배화여고 캠벨 기념관,종로구,종로구 필운대로1길 34,무료,https://upload.wikimedia.org/wikipedia/commons/3/32/Paiwha_Girls%27_High_School_Campbell_Memorial_Hall.jpg,,,37.57954401,126.9672919,,
86,성북동에 숨어 있는 문화유산과 역사인물의 흔적,약4시간,2,6,수연산방,성북구,성북구 성북로26길 8,유료,https://img.hani.co.kr/imgdb/resize/2016/0812/147089295599_20160812.JPG,,,37.59505307,126.9948358,02-764-1736,
87,성북동에 숨어 있는 문화유산과 역사인물의 흔적,약4시간,4,8,북정마을과 한양도성,성북구,성북구 성북로23길 132-3,무료,https://t1.daumcdn.net/place/821A31DAAA3C4950A37D28BAC28E09FA,,,37.59285848,126.9910291,,
88,성북동에 숨어 있는 문화유산과 역사인물의 흔적,약4시간,5,6,삼청각,성북구,성북구 대사관로 3,유료,https://mblogthumb-phinf.pstatic.net/MjAxNzA5MTZfNjAg/MDAxNTA1NTQ3NTM5NTY4.ZAf72GsJ-pYxyOc2ZiIB8bS29hrDRibmBGxdB_Q3jkcg.tJjVsDTEuU5dKBe7RTesnSxi66xD1oyUZep-v0O4ijYg.JPEG.maxone1/KakaoTalk_20170913_112025826.jpg?type=w800,,,37.59728217,126.9835263,02-765-3700,
89,성북동에 숨어 있는 문화유산과 역사인물의 흔적,약4시간,6,8,길상사(구 대원각),성북구,성북구 선잠로5길 68,무료,https://archive.sb.go.kr/isbcc/home/u/item/image/4441.do;jsessionid=02ABBF21258E980D1E921A0F2FA983AF,,,37.59910942,126.9946522,02-3672-5945,
90,성북동에 숨어 있는 문화유산과 역사인물의 흔적,약4시간,1,3,간송미술관,성북구,성북구 성북로 102-11,유료,https://t1.daumcdn.net/place/B10F350B385544EA976F11629AF26C5C,,,37.59446244,126.9962385,02-744-7830,
91,성북동에 숨어 있는 문화유산과 역사인물의 흔적,약4시간,0,8,최순우옛집,성북구,성북구 성북로15길 9,무료,https://mediahub.seoul.go.kr/wp-content/uploads/editor/images/000299/%EC%B5%9C%EC%88%9C%EC%9A%B0_%EC%98%9B%EC%A7%91.jpg,,,37.59297685,127.0003499,02-3675-3401,
92,성북동에 숨어 있는 문화유산과 역사인물의 흔적,약4시간,3,3,만해한용운심우장,성북구,성북구 성북로29길 24,무료,https://upload.wikimedia.org/wikipedia/commons/e/e6/%EB%A7%8C%ED%95%B4_%ED%95%9C%EC%9A%A9%EC%9A%B4_%EC%8B%AC%EC%9A%B0%EC%9E%A5.jpg,,,37.59362698,126.9916647,,
93,예술과 문화의 용광로 대학로,약3시간,5,8,이화동 벽화마을,종로구,종로구 이화장2길 33일대,무료,https://futureheritage.seoul.go.kr/HeritageImg/heritage/2013217/jpg/2013217_001.jpg,,,37.57861171,127.0060453,,
94,예술과 문화의 용광로 대학로,약3시간,6,8,이화동 낙산 국민주택단지,종로구,종로구 낙산4길 49 일대,무료,https://t1.daumcdn.net/cfile/tistory/9919B63A5D14574325,,,37.57800456,127.0071925,,
95,예술과 문화의 용광로 대학로,약3시간,2,1,마로니에공원,종로구,종로구 대학로 104,무료,https://t1.daumcdn.net/place/55EF2B323DD9488DB03B1C15DE1B7017,,,37.580334,127.0025153,02-2148-4158,
96,예술과 문화의 용광로 대학로,약3시간,4,3,이화장,종로구,종로구 이화장1길 32,무료,https://futureheritage.seoul.go.kr/HeritageImg/adminCoursePhoto/7ef31927ba65d83dc649099efac0b694.jpg,,,37.57834257,127.0064149,02-762-3171,
97,예술과 문화의 용광로 대학로,약3시간,3,2,아르코 예술극장,종로구,종로구 대학로8길 7,유료,https://img.seoul.co.kr//img/upload/2016/11/29/SSI_20161129182632.jpg,,,37.58118552,127.0029999,02-3668-0007,
98,예술과 문화의 용광로 대학로,약3시간,1,6,학림다방,종로구,종로구 대학로 119,유료,https://minio.nculture.org/amsweb-opt/multimedia_assets/83/97438/108907/c/%EC%84%9C%EC%9A%B8-%ED%95%99%EB%A6%BC%EB%8B%A4%EB%B0%A9_%ED%95%99%EB%A6%BC%EB%8B%A4%EB%B0%A9-%EC%99%B8%EA%B4%80-%281%29_rev-medium-size.jpg,,,37.58193049,127.0016774,02-742-2877,
99,예술과 문화의 용광로 대학로,약3시간,0,8,서울대학병원,종로구,종로구 대학로 103 (서울대학교 내 보건대학원),유료,https://img.seoul.co.kr//img/upload/2020/08/10/SSI_20200810175936.jpg,,,37.5812861,127.0011412,1588-5700,
100,서울 최고의 한옥 동네 북촌,약3시간,5,3,공간건축(한식문화공간 이음),종로구,종로구 북촌로 18,무료,https://futureheritage.seoul.go.kr/HeritageImg/adminCoursePhoto/a5d8b5d6647fe5e2da570d4ce7670270.jpg,,,37.57841064,126.9858387,,
101,서울 최고의 한옥 동네 북촌,약3시간,4,3,춘곡 고희동 가옥,종로구,종로구 창덕궁5길 40,무료,https://mediahub.seoul.go.kr/wp-content/uploads/2016/04/e036f0e07de645077f0ac3784e68485b.jpg,,,37.58318551,126.9888849,,
102,서울 최고의 한옥 동네 북촌,약3시간,3,8,계동 48-12 건물군,종로구,계동길 100-8 일대,무료,https://futureheritage.seoul.go.kr/HeritageImg/heritage/2014004/jpg/2014004_001.jpg,,,37.58172988,126.9872217,,
103,서울 최고의 한옥 동네 북촌,약3시간,2,8,북촌 한옥밀집지역,종로구,종로구 북촌로11가길 41 일대,무료,https://mediahub.seoul.go.kr/wp-content/uploads/2020/07/664a292f7b848946f04cf28dc7a3f3e4.jpg,,,37.5832659,126.9836436,,
104,서울 최고의 한옥 동네 북촌,약3시간,0,3,경복궁,종로구,종로구 사직로 161,유료,https://a.cdn-hotels.com/gdcs/production60/d893/3172bd6f-726c-4561-810f-deec13d17a6e.jpg?impolicy=fcrop&w=800&h=533&q=medium,,,37.57590409,126.9768421,02-3700-3900,
105,서울 최고의 한옥 동네 북촌,약3시간,1,3,기기국번사창,종로구,종로구 삼청로 118,무료,https://t1.daumcdn.net/place/557EB3525584404DAF4F090CC9571DB2,,,37.58602521,126.9819436,,
106,서울 최고의 한옥 동네 북촌,약3시간,6,3,운현궁,종로구,종로구 삼일대로 464,무료,https://futureheritage.seoul.go.kr/HeritageImg/adminCoursePhoto/5e7fa040aa5e5e17ed368d5ea7637fef.jpg,,,37.57569679,126.9869814,02-766-9090,
107,서민의 공간 종로와 서울의 시장,약4시간,3,3,종묘,종로구,종로구 종로 157,유료,https://heritage.unesco.or.kr/wp-content/uploads/2019/04/hd6_391_i1-1024x687.jpg,,,37.5731338,126.9948635,02-765-0195,
108,서민의 공간 종로와 서울의 시장,약4시간,5,8,전태일 분신장소,중구,"중구 청계천로 274 (신당동평화시장A동,B동사이대로변)",무료,https://cdn.visitkorea.or.kr/img/call?cmd=VIEW&id=155b79db-31d9-4198-bd92-5cd9d5812604,,,37.56942586,127.0080476,,
109,서민의 공간 종로와 서울의 시장,약4시간,6,8,창신동 봉제마을,종로구,종로구 창신5나길 17 일대,무료,https://futureheritage.seoul.go.kr/HeritageImg/heritage/2013246/jpg/2013246_001.jpg,,,37.57442028,127.0110855,,
110,서민의 공간 종로와 서울의 시장,약4시간,4,8,평화시장,중구,중구 장충단로13길 20,무료,https://mblogthumb-phinf.pstatic.net/MjAyMzAzMTFfMjI5/MDAxNjc4NTAxNjAwODYw.-7rvhf4fb55e3oWOmE7M0PS8BzpYwo0X9GAPCnL8rIEg.1s5q0kbN_qbHamKTd59lv-wP7js8LbtDMzqQ3mCqs1Eg.JPEG.suk4408/061A6853.jpg?type=w800,,,37.56873455,127.0076665,02-2265-3531,
111,서민의 공간 종로와 서울의 시장,약4시간,0,3,보신각,종로구,종로구 종로 54,무료,https://i.namu.wiki/i/bUFyyHqb6wMYnrV-PlAw3M6g-U5en9ZD3X2RCnQDmniD110oQwkzzLE_JOvXCKooIVz398h5RJi1DzufDuZyjA.webp,,,37.56976739,126.9836776,,
112,서민의 공간 종로와 서울의 시장,약4시간,1,3,보신각 앞 지하철 수준점,종로구,종로구 종로 54,무료,https://upload.wikimedia.org/wikipedia/commons/a/a0/%EB%B3%B4%EC%8B%A0%EA%B0%81_%EC%95%9E_%EC%A7%80%ED%95%98%EC%B2%A0_%EC%88%98%EC%A4%80%EC%A0%90.jpg,,,37.56976739,126.9836776,,
113,서민의 공간 종로와 서울의 시장,약4시간,2,8,피맛골,종로구,종로구 돈화문로5길 32 일대,무료,https://img.seoul.co.kr/img/upload/2016/12/06/SSI_20161206181505_O2.jpg,,,37.570813,126.9902548,02-763-2999,
114,현대사를 안고 흐르는 땅 강남,약3시간,5,3,성수대교 참사 희생자 위령탑,성동구,성동구 성수동1가 685-571,무료,https://img2.yna.co.kr/photo/yna/YH/2021/09/29/PYH2021093000340000400_P4.jpg,,,37.53981075,127.0392738,,
115,현대사를 안고 흐르는 땅 강남,약3시간,2,8,국립서울현충원,동작구,동작구 현충로 210,무료,https://img.seoul.co.kr//img/upload/2019/12/04/SSI_20191204172011.jpg,,,37.49982365,126.9784084,1522-1555,
116,현대사를 안고 흐르는 땅 강남,약3시간,1,8,63한화생명빌딩,영등포구,영등포구 63로 50,유료,https://t1.daumcdn.net/place/3B7582D2CCE64C75868C0E0E8918A092,,,37.51966416,126.9399093,1833-7001,
117,현대사를 안고 흐르는 땅 강남,약3시간,0,3,구로공단 노동자생활 체험관 (순이의 집),금천구,금천구 벚꽃로44길 17,무료,https://www.geumcheon.go.kr/site/portal/images/contents/cts2595_img01.jpg,,,37.48280569,126.8836373,,
118,현대사를 안고 흐르는 땅 강남,약3시간,4,3,삼풍참사위령탑,서초구,서초구 양재동 234,무료,https://news.seoul.go.kr/culture/files/2016/12/585339eca17878.98119020-1024x684.jpg,,,37.46784029,127.0374164,,
119,현대사를 안고 흐르는 땅 강남,약3시간,3,8,서울고속버스터미널,서초구,서초구 신반포로 194,무료,https://cdn.thekpm.com/news/photo/202108/94248_73751_0906.jpg,,,37.50643574,127.0068344,1688-4700,
120,근현대 100년의 기억 정동,약2시간 반,5,3,경교장,종로구,종로구 새문안로 29,무료,https://t1.daumcdn.net/place/D6EF0CEDDE29449BB63C775986DA8582,,,37.56886773,126.9678127,02-735-2038,
121,근현대 100년의 기억 정동,약2시간 반,6,4,4.19혁명기념도서관,종로구,종로구 새문안로 17,무료,https://mblogthumb-phinf.pstatic.net/MjAyMzAxMDdfMjk3/MDAxNjczMDgyNDIzODIy.RRaBEQPPzSmXojnqVKqLYw2PgklSu2uwUXRNbay2Djwg.UrDe7WPKahUZxkHLtmd1fdcOQLUBdH2vHAqIgqS0txIg.JPEG.kimjho3o/IMG_1217.JPG?type=w800,,,37.56744493,126.9676938,02-730-4190,
122,근현대 100년의 기억 정동,약2시간 반,2,8,옛 부민관,중구,중구 세종대로 125,무료,https://img.khan.co.kr/news/2021/08/03/2021080301000348700030181.jpg,,,37.56756983,126.9765445,,
123,근현대 100년의 기억 정동,약2시간 반,1,1,서울광장,중구,중구 태평로1가 54-3,무료,https://edu.chosun.com/site/data/img_dir/2022/09/06/2022090601714_1.png,,,37.56608178,126.9776906,,
124,근현대 100년의 기억 정동,약2시간 반,0,3,환구단,중구,중구 소공로 106,무료,https://i.namu.wiki/i/livR1P25EtG6RpatZgQEICLWbhigDcSsOa6d1uIFcLWjf2obq4Ea202rKMlHqVA2Y5j7QBWPS8u25LuCqE0l4Q.webp,,,37.56448413,126.9801845,,
125,근현대 100년의 기억 정동,약2시간 반,3,2,세실극장,중구,중구 세종대로19길 16,유료,https://img0.yna.co.kr/etc/inner/KR/2017/12/29/AKR20171229045400005_01_i_P4.jpg,,,37.56672262,126.976533,02-751-1500,
126,근현대 100년의 기억 정동,약2시간 반,4,3,덕수궁 중명전,중구,중구 정동길 41-11,무료,https://t1.daumcdn.net/place/A2A9603CA3B14B1FB70FB682FFFE1347,,,37.56672527,126.9725356,02-752-5366,
127,"권력의 캔버스, 남산의 어제와 오늘 그리고 미래",약3시간,6,8,서울종합방재센터(옛 안기부 청사),중구,서울특별시 중구 예장동 산3-13,무료,https://upload.wikimedia.org/wikipedia/commons/8/8f/%EC%84%9C%EC%9A%B8%EC%A2%85%ED%95%A9%EB%B0%A9%EC%9E%AC%EC%84%BC%ED%84%B0_%EB%82%B4%EC%99%B8%EB%B6%80_%EC%82%AC%EC%A7%843.JPG,,,37.55831134,126.9917709,,
128,"권력의 캔버스, 남산의 어제와 오늘 그리고 미래",약3시간,5,8,남산원 본관,중구,중구 소파로2길 31,무료,https://futureheritage.seoul.go.kr/HeritageImg/heritage/2013051/jpg/2013051_001.jpg,,,37.55789993,126.9893153,,
129,"권력의 캔버스, 남산의 어제와 오늘 그리고 미래",약3시간,4,3,한양공원 비,중구,중구 소파로 57,무료,https://img.seoul.co.kr//img/upload/2017/06/28/SSI_20170628165023.jpg,,,37.55517797,126.9828561,,
130,"권력의 캔버스, 남산의 어제와 오늘 그리고 미래",약3시간,3,3,조선신궁터,용산구,용산구 후암동 30-65,무료,http://futureheritage.seoul.go.kr/HeritageImg/adminCoursePhoto/ae929f3bf0c77fcef44fa03171aafc12.jpg,,,37.55341695,126.9826912,,
131,"권력의 캔버스, 남산의 어제와 오늘 그리고 미래",약3시간,2,8,옛 어린이회관,중구,중구 소파로 46,무료,https://playfoursquare.s3.amazonaws.com/pix/vdXG-Bxx3uml6cZ2TQerxt78k3vmWbFdbREZCOdO_yE.jpg,,,37.5545492,126.9812833,,
132,"권력의 캔버스, 남산의 어제와 오늘 그리고 미래",약3시간,1,8,회현 제2시민아파트,중구,중구 퇴계로 8길 101,무료,https://blog.kakaocdn.net/dn/sZAd6/btrQlIbW4wj/SMgldKItKNkV4KopDgJ0tk/img.jpg,,,37.55564872,126.9814925,,
133,"권력의 캔버스, 남산의 어제와 오늘 그리고 미래",약3시간,0,8,남산육교,중구,중구 남창동 235-1,무료,https://mblogthumb-phinf.pstatic.net/MjAyMTA0MTNfNzQg/MDAxNjE4MzE5OTcyMDQ4.LyYaJucUXhZT8mVi3mIXEgdzqlWpdlRbVVGer_opaWwg._N1ioIpbFFb3pqoSmT9l72m5ZikHZ6vnKHb-cVgXYIcg.JPEG.hanbam/DSC01750-966.JPG?type=w800,,,37.55771694,126.9763414,,
134,"광희동에서 장충동까지, 한양도성 따라 만나는 지난 100년",약 3시간,3,2,국립극장,중구,중구 장충단로 59,유료,https://mediahub.seoul.go.kr/uploads/mediahub/2021/02/ce805b691b334d1489ac2dd40afbfc12.jpg,,,37.55199491,126.9992673,02-2280-4114,
135,"광희동에서 장충동까지, 한양도성 따라 만나는 지난 100년",약 3시간,2,8,옛 타워호텔(반얀트리 클럽 스파 서울),중구,중구 장충단로 60,유료,https://www.ahstatic.com/photos/b1v3_ho_00_p_1024x768.jpg,,,37.55007101,127.0004975,,
136,"광희동에서 장충동까지, 한양도성 따라 만나는 지난 100년",약 3시간,1,8,자유센터(한국자유총연맹),중구,중구 장충단로 72,무료,https://futureheritage.seoul.go.kr/HeritageImg/adminCoursePhoto/5d77005e3d43a759da5810be1046a517.jpg,,,37.55163836,127.0025232,02-2238-1037,
137,"광희동에서 장충동까지, 한양도성 따라 만나는 지난 100년",약 3시간,0,3,광희문,중구,중구 퇴계로 344,무료,https://i.namu.wiki/i/zobEzKp5TMM5rNZPkoWCeAZSzD42XIPnXvCKylCjau7-77o0gJJycPUxDE79W0wA48-AAfiHRVCukMJN3ZLnVw.webp,,,37.56435512,127.0096641,02-3369-5882,
138,"광희동에서 장충동까지, 한양도성 따라 만나는 지난 100년",약 3시간,8,8,장충동 족발골목,중구,서울 중구 장충단로 174,무료,https://futureheritage.seoul.go.kr/HeritageImg/heritage/2013229/jpg/2013229_001.jpg,,,37.56024934,127.0058927,,
139,"광희동에서 장충동까지, 한양도성 따라 만나는 지난 100년",약 3시간,7,8,박문사 터와 장충단,중구,중구 동호로 249,유료,https://search.pstatic.net/common/?src=http%3A%2F%2Fblogfiles.naver.net%2FMjAxODExMjdfMjIg%2FMDAxNTQzMjk1Mjg4NTAw.47Twk-IrEbGI_fHoAFHDURpHeC1JSZO_E0w9ybuokHgg.ukgNht2RmJaTzWemlrMJXDUm7ow3OrORq2aS4EnMNzQg.JPEG.marusot%2F%25B9%25DA%25B9%25AE%25BB%25E7%25BA%25BB%25B4%25E7HakubunZi_hondo.jpg&type=sc960_832,,,37.55750551,127.0079529,,
140,"광희동에서 장충동까지, 한양도성 따라 만나는 지난 100년",약 3시간,6,1,장충체육관,중구,중구 동호로 241,유료,https://mediahub.seoul.go.kr/uploads/mediahub/2021/02/fb9afaaf87bf4557b636636a0a48741b.jpg,,,37.55864066,127.0066775,02-2128-2800,
141,"광희동에서 장충동까지, 한양도성 따라 만나는 지난 100년",약 3시간,4,1,장충테니스장,중구,서울 중구 장충동2가 산14-68 장충테니스장,유료,https://futureheritage.seoul.go.kr/HeritageImg/heritage/2013232/jpg/2013232_001.jpg,,,37.55292375,127.0010072,010-7425-8634,
142,"광희동에서 장충동까지, 한양도성 따라 만나는 지난 100년",약 3시간,5,1,장충리틀야구장,중구,장충동2가 197,유료,https://futureheritage.seoul.go.kr/HeritageImg/heritage/20171017143708_01.jpg,,,37.55767842,127.0040569,,
